{"type": "FeatureCollection", "features": [{"type": "Feature", "geometry": {"type": "LineString", "coordinates": [[21.014113, 52.262038], [21.014503, 52.262092], [21.014635, 52.26211]]}, "properties": {"kategoria": "do sprawdzenia", "osm_way": 1424628263, "ulica": "Most Gdański", "kierunek": "wschód", "wzgledem_linii_osm": "forward", "wskazowki": "", "stroke": "#c2255c", "stroke-width": 5}}, {"type": "Feature", "geometry": {"type": "LineString", "coordinates": [[20.996759, 52.258351], [20.996861, 52.25836], [20.996957, 52.258366], [20.99703, 52.258369], [20.997192, 52.25837], [20.997192, 52.25837], [20.997452, 52.258374], [20.997454, 52.258374], [20.997611, 52.258379], [20.997612, 52.258379], [20.99773, 52.258386], [20.997731, 52.258386], [20.997853, 52.258395], [20.997854, 52.258395], [20.997975, 52.258406], [20.997976, 52.258406], [20.998121, 52.258422]]}, "properties": {"kategoria": "do sprawdzenia", "osm_way": 1426293395, "ulica": "Zygmunta Słomińskiego", "kierunek": "wschód", "wzgledem_linii_osm": "forward", "wskazowki": "", "stroke": "#c2255c", "stroke-width": 5}}, {"type": "Feature", "geometry": {"type": "LineString", "coordinates": [[21.017377, 52.152927], [21.017381, 52.152792]]}, "properties": {"kategoria": "do dodania", "osm_way": 4386881, "ulica": "Puławska", "kierunek": "południe", "wzgledem_linii_osm": "forward", "wskazowki": "komunikat ZDM / zgłoszenie: Puławska, ulica:Rotmistrza Witolda Pileckiego → granica (otwarty 2022-09-30)", "stroke": "#e8590c", "stroke-width": 5}}, {"type": "Feature", "geometry": {"type": "LineString", "coordinates": [[20.936545, 52.201215], [20.936698, 52.201323], [20.937061, 52.201566]]}, "properties": {"kategoria": "do dodania", "osm_way": 4428919, "ulica": "Aleje Jerozolimskie", "kierunek": "płn.-wschód", "wzgledem_linii_osm": "forward", "wskazowki": "mapa miasta (2021): Aleje Jerozolimskie, Łopuszańska - Dw. Zachodni — dni powszednie, 6-20", "stroke": "#e8590c", "stroke-width": 5}}, {"type": "Feature", "geometry": {"type": "LineString", "coordinates": [[20.931925, 52.198283], [20.932137, 52.198429], [20.932457, 52.198649]]}, "properties": {"kategoria": "do dodania", "osm_way": 4428921, "ulica": "Aleje Jerozolimskie", "kierunek": "płn.-wschód", "wzgledem_linii_osm": "forward", "wskazowki": "mapa miasta (2021): Aleje Jerozolimskie, Łopuszańska - Dw. Zachodni — dni powszednie, 6-20", "stroke": "#e8590c", "stroke-width": 5}}, {"type": "Feature", "geometry": {"type": "LineString", "coordinates": [[20.936281, 52.201025], [20.936472, 52.201162], [20.936545, 52.201215]]}, "properties": {"kategoria": "do dodania", "osm_way": 4428923, "ulica": "Rondo Dżochara Dudajewa", "kierunek": "płn.-wschód", "wzgledem_linii_osm": "forward", "wskazowki": "mapa miasta (2021): Aleje Jerozolimskie, Łopuszańska - Dw. Zachodni — dni powszednie, 6-20", "stroke": "#e8590c", "stroke-width": 5}}, {"type": "Feature", "geometry": {"type": "LineString", "coordinates": [[20.9809, 52.216266], [20.981027, 52.216221], [20.981027, 52.216221], [20.981075, 52.216204], [20.98121, 52.216158]]}, "properties": {"kategoria": "do dodania", "osm_way": 4898193, "ulica": "Wawelska", "kierunek": "płd.-wschód", "wzgledem_linii_osm": "forward", "wskazowki": "mapa miasta (2021): Grzymały-Sokołowskiego/Kopińska/Wawelska/al. Armii Ludowej/most Łazienkowski/al. Stanów Zjednoczonych, Szczęśliwicka - Kanał Gocławski — codziennie, całodobowo | mapa miasta (2021): Grójecka/Aleje Jerozolimskie, Wawelska - Bracka — dni powszednie, 7-9 i 14-18", "stroke": "#e8590c", "stroke-width": 5}}, {"type": "Feature", "geometry": {"type": "LineString", "coordinates": [[21.0046, 52.217082], [21.00556, 52.217134]]}, "properties": {"kategoria": "do dodania", "osm_way": 4898195, "ulica": "Aleja Armii Ludowej", "kierunek": "wschód", "wzgledem_linii_osm": "forward", "wskazowki": "mapa miasta (2021): Grzymały-Sokołowskiego/Kopińska/Wawelska/al. Armii Ludowej/most Łazienkowski/al. Stanów Zjednoczonych, Szczęśliwicka - Kanał Gocławski — codziennie, całodobowo | mapa miasta (2021): al. Stanów Zjednoczonych/most Łazienkowski/al. Armii Ludowej/Wawelska, Ostrobramska - Grójecka — codziennie, całodobowo", "stroke": "#e8590c", "stroke-width": 5}}, {"type": "Feature", "geometry": {"type": "LineString", "coordinates": [[21.00556, 52.217134], [21.006132, 52.217165], [21.006132, 52.217165], [21.006965, 52.217212], [21.007361, 52.217228], [21.007772, 52.217232], [21.008289, 52.21723], [21.009035, 52.217205], [21.00928, 52.217195]]}, "properties": {"kategoria": "do dodania", "osm_way": 4898199, "ulica": "Aleja Armii Ludowej", "kierunek": "wschód", "wzgledem_linii_osm": "forward", "wskazowki": "mapa miasta (2021): Grzymały-Sokołowskiego/Kopińska/Wawelska/al. Armii Ludowej/most Łazienkowski/al. Stanów Zjednoczonych, Szczęśliwicka - Kanał Gocławski — codziennie, całodobowo | mapa miasta (2021): al. Stanów Zjednoczonych/most Łazienkowski/al. Armii Ludowej/Wawelska, Ostrobramska - Grójecka — codziennie, całodobowo", "stroke": "#e8590c", "stroke-width": 5}}, {"type": "Feature", "geometry": {"type": "LineString", "coordinates": [[21.000457, 52.216838], [21.000776, 52.216801], [21.000782, 52.2168], [21.001096, 52.216795], [21.001098, 52.216795], [21.001397, 52.2168], [21.001398, 52.2168], [21.001612, 52.216808], [21.001613, 52.216808], [21.001749, 52.216814], [21.00175, 52.216814], [21.001842, 52.21682]]}, "properties": {"kategoria": "do dodania", "osm_way": 4898205, "ulica": "", "kierunek": "wschód", "wzgledem_linii_osm": "forward", "wskazowki": "mapa miasta (2021): Grzymały-Sokołowskiego/Kopińska/Wawelska/al. Armii Ludowej/most Łazienkowski/al. Stanów Zjednoczonych, Szczęśliwicka - Kanał Gocławski — codziennie, całodobowo | mapa miasta (2021): al. Stanów Zjednoczonych/most Łazienkowski/al. Armii Ludowej/Wawelska, Ostrobramska - Grójecka — codziennie, całodobowo", "stroke": "#e8590c", "stroke-width": 5}}, {"type": "Feature", "geometry": {"type": "LineString", "coordinates": [[21.01309, 52.217294], [21.012979, 52.217286], [21.012862, 52.217282], [21.012658, 52.217281], [21.012353, 52.217287], [21.012353, 52.217287], [21.012079, 52.217291], [21.012077, 52.217291], [21.011888, 52.217289], [21.011885, 52.217289], [21.011789, 52.217284], [21.011788, 52.217284], [21.011663, 52.217276], [21.011509, 52.217271]]}, "properties": {"kategoria": "do dodania", "osm_way": 4898216, "ulica": "Aleja Armii Ludowej", "kierunek": "zachód", "wzgledem_linii_osm": "forward", "wskazowki": "mapa miasta (2021): Grzymały-Sokołowskiego/Kopińska/Wawelska/al. Armii Ludowej/most Łazienkowski/al. Stanów Zjednoczonych, Szczęśliwicka - Kanał Gocławski — codziennie, całodobowo | mapa miasta (2021): al. Stanów Zjednoczonych/most Łazienkowski/al. Armii Ludowej/Wawelska, Ostrobramska - Grójecka — codziennie, całodobowo", "stroke": "#e8590c", "stroke-width": 5}}, {"type": "Feature", "geometry": {"type": "LineString", "coordinates": [[21.011731, 52.217104], [21.012328, 52.217007]]}, "properties": {"kategoria": "do dodania", "osm_way": 4898217, "ulica": "Aleja Armii Ludowej", "kierunek": "wschód", "wzgledem_linii_osm": "forward", "wskazowki": "mapa miasta (2021): Grzymały-Sokołowskiego/Kopińska/Wawelska/al. Armii Ludowej/most Łazienkowski/al. Stanów Zjednoczonych, Szczęśliwicka - Kanał Gocławski — codziennie, całodobowo | mapa miasta (2021): al. Stanów Zjednoczonych/most Łazienkowski/al. Armii Ludowej/Wawelska, Ostrobramska - Grójecka — codziennie, całodobowo", "stroke": "#e8590c", "stroke-width": 5}}, {"type": "Feature", "geometry": {"type": "LineString", "coordinates": [[21.015533, 52.21732], [21.015219, 52.217308], [21.015217, 52.217308], [21.015084, 52.217299], [21.014886, 52.21729]]}, "properties": {"kategoria": "do dodania", "osm_way": 4898220, "ulica": "Rondo Jazdy Polskiej", "kierunek": "zachód", "wzgledem_linii_osm": "forward", "wskazowki": "mapa miasta (2021): al. Stanów Zjednoczonych/most Łazienkowski/al. Armii Ludowej/Wawelska, Ostrobramska - Grójecka — codziennie, całodobowo", "stroke": "#e8590c", "stroke-width": 5}}, {"type": "Feature", "geometry": {"type": "LineString", "coordinates": [[21.014885, 52.21729], [21.014703, 52.217282], [21.014622, 52.217278], [21.014223, 52.217268], [21.014016, 52.217263], [21.01383, 52.217264], [21.013751, 52.217265], [21.013429, 52.217278], [21.013099, 52.217294]]}, "properties": {"kategoria": "do dodania", "osm_way": 4898221, "ulica": "Aleja Armii Ludowej", "kierunek": "zachód", "wzgledem_linii_osm": "forward", "wskazowki": "mapa miasta (2021): al. Stanów Zjednoczonych/most Łazienkowski/al. Armii Ludowej/Wawelska, Ostrobramska - Grójecka — codziennie, całodobowo", "stroke": "#e8590c", "stroke-width": 5}}, {"type": "Feature", "geometry": {"type": "LineString", "coordinates": [[21.015613, 52.216905], [21.015774, 52.216939], [21.015776, 52.216939], [21.015836, 52.216954]]}, "properties": {"kategoria": "do dodania", "osm_way": 4898224, "ulica": "Aleja Armii Ludowej", "kierunek": "wschód", "wzgledem_linii_osm": "forward", "wskazowki": "mapa miasta (2021): Grzymały-Sokołowskiego/Kopińska/Wawelska/al. Armii Ludowej/most Łazienkowski/al. Stanów Zjednoczonych, Szczęśliwicka - Kanał Gocławski — codziennie, całodobowo", "stroke": "#e8590c", "stroke-width": 5}}, {"type": "Feature", "geometry": {"type": "LineString", "coordinates": [[21.016282, 52.217416], [21.01591, 52.217411], [21.015823, 52.217419], [21.015762, 52.21744], [21.015711, 52.217464]]}, "properties": {"kategoria": "do dodania", "osm_way": 4899484, "ulica": "", "kierunek": "zachód", "wzgledem_linii_osm": "forward", "wskazowki": "mapa miasta (2021): al. Stanów Zjednoczonych/most Łazienkowski/al. Armii Ludowej/Wawelska, Ostrobramska - Grójecka — codziennie, całodobowo", "stroke": "#e8590c", "stroke-width": 5}}, {"type": "Feature", "geometry": {"type": "LineString", "coordinates": [[21.043751, 52.174083], [21.043717, 52.173894], [21.043651, 52.173691], [21.043651, 52.173691], [21.043615, 52.173573], [21.043555, 52.17343], [21.043493, 52.1733], [21.043427, 52.17317], [21.043301, 52.172956], [21.043164, 52.172759], [21.04301, 52.172569], [21.042782, 52.17232], [21.042536, 52.172083], [21.041518, 52.171246]]}, "properties": {"kategoria": "do dodania", "osm_way": 4905105, "ulica": "Dolina Służewiecka", "kierunek": "płd.-zachód", "wzgledem_linii_osm": "forward", "wskazowki": "komunikat ZDM / zgłoszenie: Dolina Służewiecka / Aleja Generała Władysława Sikorskiego, ulica:Nowoursynowska → ulica:Jana III Sobieskiego (otwarty 2022-01-10) | komunikat ZDM / zgłoszenie: Dolina Służewiecka / Aleja Generała Władysława Sikorskiego, ulica:Jana III Sobieskiego → ulica:Nowoursynowska (otwarty 2022-01-10)", "stroke": "#e8590c", "stroke-width": 5}}, {"type": "Feature", "geometry": {"type": "LineString", "coordinates": [[20.99016, 52.219104], [20.990141, 52.219163], [20.990141, 52.219164], [20.990129, 52.219191]]}, "properties": {"kategoria": "do dodania", "osm_way": 4925288, "ulica": "Andrzeja Krzyckiego", "kierunek": "północ", "wzgledem_linii_osm": "forward", "wskazowki": "mapa miasta (2021): Raszyńska, Filtrowa - Koszykowa — dni powszednie, 7-10 i 14-19", "stroke": "#e8590c", "stroke-width": 5}}, {"type": "Feature", "geometry": {"type": "LineString", "coordinates": [[20.98127, 52.21617], [20.981364, 52.216281]]}, "properties": {"kategoria": "do dodania", "osm_way": 4925293, "ulica": "Grójecka", "kierunek": "płn.-wschód", "wzgledem_linii_osm": "forward", "wskazowki": "mapa miasta (2021): Grzymały-Sokołowskiego/Kopińska/Wawelska/al. Armii Ludowej/most Łazienkowski/al. Stanów Zjednoczonych, Szczęśliwicka - Kanał Gocławski — codziennie, całodobowo | mapa miasta (2021): Grójecka/Aleje Jerozolimskie, Wawelska - Bracka — dni powszednie, 7-9 i 14-18", "stroke": "#e8590c", "stroke-width": 5}}, {"type": "Feature", "geometry": {"type": "LineString", "coordinates": [[20.985518, 52.221032], [20.985662, 52.221196], [20.986881, 52.222574], [20.986882, 52.222574], [20.986917, 52.222615], [20.986993, 52.2227], [20.987088, 52.222805]]}, "properties": {"kategoria": "do dodania", "osm_way": 4925295, "ulica": "Grójecka", "kierunek": "płn.-wschód", "wzgledem_linii_osm": "forward", "wskazowki": "mapa miasta (2021): Grójecka/Aleje Jerozolimskie, Wawelska - Bracka — dni powszednie, 7-9 i 14-18", "stroke": "#e8590c", "stroke-width": 5}}, {"type": "Feature", "geometry": {"type": "LineString", "coordinates": [[20.934939, 52.2003], [20.93614, 52.201103], [20.936635, 52.201431], [20.936636, 52.201431], [20.937394, 52.201935]]}, "properties": {"kategoria": "do dodania", "osm_way": 4925315, "ulica": "Aleje Jerozolimskie", "kierunek": "płn.-wschód", "wzgledem_linii_osm": "forward", "wskazowki": "mapa miasta (2021): Aleje Jerozolimskie, Łopuszańska - Dw. Zachodni — dni powszednie, 6-20", "stroke": "#e8590c", "stroke-width": 5}}, {"type": "Feature", "geometry": {"type": "LineString", "coordinates": [[20.950741, 52.210861], [20.951079, 52.211084], [20.951518, 52.211366], [20.952007, 52.211658]]}, "properties": {"kategoria": "do dodania", "osm_way": 4925316, "ulica": "Aleje Jerozolimskie", "kierunek": "płn.-wschód", "wzgledem_linii_osm": "forward", "wskazowki": "mapa miasta (2021): Aleje Jerozolimskie, Łopuszańska - Dw. Zachodni — dni powszednie, 6-20", "stroke": "#e8590c", "stroke-width": 5}}, {"type": "Feature", "geometry": {"type": "LineString", "coordinates": [[20.99742, 52.226892], [20.997081, 52.22683], [20.997079, 52.22683], [20.996252, 52.226657], [20.99609, 52.226623], [20.995815, 52.226567]]}, "properties": {"kategoria": "do dodania", "osm_way": 4945614, "ulica": "Aleje Jerozolimskie", "kierunek": "zachód", "wzgledem_linii_osm": "forward", "wskazowki": "mapa miasta (2021): Aleje Jerozolimskie, Wisłostrada - Miedziana — dni powszednie, 7-9 i 14-18 | mapa miasta (2021): Grójecka/Aleje Jerozolimskie, Wawelska - Bracka — dni powszednie, 7-9 i 14-18", "stroke": "#e8590c", "stroke-width": 5}}, {"type": "Feature", "geometry": {"type": "LineString", "coordinates": [[20.981364, 52.216281], [20.981497, 52.216439], [20.981768, 52.216761]]}, "properties": {"kategoria": "do dodania", "osm_way": 4945616, "ulica": "Grójecka", "kierunek": "płn.-wschód", "wzgledem_linii_osm": "forward", "wskazowki": "mapa miasta (2021): Grójecka/Aleje Jerozolimskie, Wawelska - Bracka — dni powszednie, 7-9 i 14-18", "stroke": "#e8590c", "stroke-width": 5}}, {"type": "Feature", "geometry": {"type": "LineString", "coordinates": [[20.981768, 52.216761], [20.981808, 52.21681], [20.982215, 52.217284]]}, "properties": {"kategoria": "do dodania", "osm_way": 4945619, "ulica": "Grójecka", "kierunek": "płn.-wschód", "wzgledem_linii_osm": "forward", "wskazowki": "mapa miasta (2021): Grójecka/Aleje Jerozolimskie, Wawelska - Bracka — dni powszednie, 7-9 i 14-18", "stroke": "#e8590c", "stroke-width": 5}}, {"type": "Feature", "geometry": {"type": "LineString", "coordinates": [[21.056377, 52.264449], [21.056067, 52.264236], [21.055677, 52.263995], [21.055378, 52.263826], [21.054858, 52.263567], [21.054458, 52.263392]]}, "properties": {"kategoria": "do dodania", "osm_way": 4946212, "ulica": "Aleja „Solidarności”", "kierunek": "płd.-zachód", "wzgledem_linii_osm": "forward", "wskazowki": "mapa miasta (2021): Radzymińska/most Śląsko-Dąbrowski/al. Solidarności, Krynoliny - Andersa — codziennie, całodobowo", "stroke": "#e8590c", "stroke-width": 5}}, {"type": "Feature", "geometry": {"type": "LineString", "coordinates": [[21.026724, 52.233086], [21.026356, 52.233021], [21.026355, 52.23302], [21.025871, 52.232925], [21.025447, 52.232842], [21.025446, 52.232842], [21.023454, 52.232427]]}, "properties": {"kategoria": "do dodania", "osm_way": 4966677, "ulica": "Aleje Jerozolimskie", "kierunek": "zachód", "wzgledem_linii_osm": "forward", "wskazowki": "mapa miasta (2021): Aleje Jerozolimskie, Wisłostrada - Miedziana — dni powszednie, 7-9 i 14-18", "stroke": "#e8590c", "stroke-width": 5}}, {"type": "Feature", "geometry": {"type": "LineString", "coordinates": [[21.01197, 52.230167], [21.011861, 52.230171], [21.011856, 52.230171], [21.011717, 52.230164], [21.01171, 52.230163], [21.011573, 52.230142]]}, "properties": {"kategoria": "do dodania", "osm_way": 4968924, "ulica": "Rondo Romana Dmowskiego", "kierunek": "zachód", "wzgledem_linii_osm": "forward", "wskazowki": "mapa miasta (2021): Aleje Jerozolimskie, Wisłostrada - Miedziana — dni powszednie, 7-9 i 14-18", "stroke": "#e8590c", "stroke-width": 5}}, {"type": "Feature", "geometry": {"type": "LineString", "coordinates": [[21.00556, 52.228658], [21.005285, 52.228605]]}, "properties": {"kategoria": "do dodania", "osm_way": 4968926, "ulica": "Aleje Jerozolimskie", "kierunek": "zachód", "wzgledem_linii_osm": "forward", "wskazowki": "mapa miasta (2021): Aleje Jerozolimskie, Wisłostrada - Miedziana — dni powszednie, 7-9 i 14-18 | mapa miasta (2021): Grójecka/Aleje Jerozolimskie, Wawelska - Bracka — dni powszednie, 7-9 i 14-18", "stroke": "#e8590c", "stroke-width": 5}}, {"type": "Feature", "geometry": {"type": "LineString", "coordinates": [[20.937394, 52.201935], [20.938361, 52.20258], [20.938781, 52.202851], [20.939272, 52.203166]]}, "properties": {"kategoria": "do dodania", "osm_way": 5000665, "ulica": "Aleje Jerozolimskie", "kierunek": "płn.-wschód", "wzgledem_linii_osm": "forward", "wskazowki": "mapa miasta (2021): Aleje Jerozolimskie, Łopuszańska - Dw. Zachodni — dni powszednie, 6-20", "stroke": "#e8590c", "stroke-width": 5}}, {"type": "Feature", "geometry": {"type": "LineString", "coordinates": [[20.942635, 52.20542], [20.943033, 52.205691]]}, "properties": {"kategoria": "do dodania", "osm_way": 5000666, "ulica": "Aleje Jerozolimskie", "kierunek": "płn.-wschód", "wzgledem_linii_osm": "forward", "wskazowki": "mapa miasta (2021): Aleje Jerozolimskie, Łopuszańska - Dw. Zachodni — dni powszednie, 6-20", "stroke": "#e8590c", "stroke-width": 5}}, {"type": "Feature", "geometry": {"type": "LineString", "coordinates": [[21.035492, 52.222066], [21.035368, 52.222035], [21.035368, 52.222035], [21.035301, 52.222017], [21.035228, 52.222], [21.03514, 52.221985], [21.03504, 52.221975], [21.034831, 52.221959]]}, "properties": {"kategoria": "do dodania", "osm_way": 5032853, "ulica": "Myśliwiecka", "kierunek": "zachód", "wzgledem_linii_osm": "forward", "wskazowki": "mapa miasta (2021): Grzymały-Sokołowskiego/Kopińska/Wawelska/al. Armii Ludowej/most Łazienkowski/al. Stanów Zjednoczonych, Szczęśliwicka - Kanał Gocławski — codziennie, całodobowo | mapa miasta (2021): al. Stanów Zjednoczonych/most Łazienkowski/al. Armii Ludowej/Wawelska, Ostrobramska - Grójecka — codziennie, całodobowo", "stroke": "#e8590c", "stroke-width": 5}}, {"type": "Feature", "geometry": {"type": "LineString", "coordinates": [[21.00099, 52.244199], [21.001096, 52.244076]]}, "properties": {"kategoria": "do dodania", "osm_way": 5080036, "ulica": "Plac Bankowy", "kierunek": "płd.-wschód", "wzgledem_linii_osm": "forward", "wskazowki": "mapa miasta (2021): al. Solidarności, Okopowa - Jagiellońska — codziennie, całodobowo | mapa miasta (2021): Radzymińska/most Śląsko-Dąbrowski/al. Solidarności, Krynoliny - Andersa — codziennie, całodobowo | mapa miasta (2021): pl. Bankowy, al. Solidarności - Senatorska — codziennie, całodobowo", "stroke": "#e8590c", "stroke-width": 5}}, {"type": "Feature", "geometry": {"type": "LineString", "coordinates": [[20.943245, 52.205833], [20.944715, 52.206804]]}, "properties": {"kategoria": "do dodania", "osm_way": 5113774, "ulica": "Aleje Jerozolimskie", "kierunek": "płn.-wschód", "wzgledem_linii_osm": "forward", "wskazowki": "mapa miasta (2021): Aleje Jerozolimskie, Łopuszańska - Dw. Zachodni — dni powszednie, 6-20", "stroke": "#e8590c", "stroke-width": 5}}, {"type": "Feature", "geometry": {"type": "LineString", "coordinates": [[20.947648, 52.208805], [20.949213, 52.209844], [20.949213, 52.209844], [20.950742, 52.210861]]}, "properties": {"kategoria": "do dodania", "osm_way": 5113776, "ulica": "Aleje Jerozolimskie", "kierunek": "płn.-wschód", "wzgledem_linii_osm": "forward", "wskazowki": "mapa miasta (2021): Aleje Jerozolimskie, Łopuszańska - Dw. Zachodni — dni powszednie, 6-20", "stroke": "#e8590c", "stroke-width": 5}}, {"type": "Feature", "geometry": {"type": "LineString", "coordinates": [[20.946083, 52.207668], [20.946941, 52.208207], [20.946941, 52.208207], [20.947551, 52.208598]]}, "properties": {"kategoria": "do dodania", "osm_way": 5113786, "ulica": "Aleje Jerozolimskie", "kierunek": "płn.-wschód", "wzgledem_linii_osm": "forward", "wskazowki": "mapa miasta (2021): Aleje Jerozolimskie, Łopuszańska - Dw. Zachodni — dni powszednie, 6-20", "stroke": "#e8590c", "stroke-width": 5}}, {"type": "Feature", "geometry": {"type": "LineString", "coordinates": [[20.962582, 52.216571], [20.963156, 52.216793], [20.963157, 52.216794], [20.963283, 52.216846], [20.963614, 52.216983]]}, "properties": {"kategoria": "do dodania", "osm_way": 5114017, "ulica": "Aleje Jerozolimskie", "kierunek": "płn.-wschód", "wzgledem_linii_osm": "forward", "wskazowki": "mapa miasta (2021): Aleje Jerozolimskie, Łopuszańska - Dw. Zachodni — dni powszednie, 6-20", "stroke": "#e8590c", "stroke-width": 5}}, {"type": "Feature", "geometry": {"type": "LineString", "coordinates": [[20.956172, 52.214415], [20.956272, 52.214448], [20.956409, 52.214492], [20.956413, 52.214494], [20.956535, 52.214546], [20.956574, 52.214563]]}, "properties": {"kategoria": "do dodania", "osm_way": 5114022, "ulica": "7", "kierunek": "płn.-wschód", "wzgledem_linii_osm": "forward", "wskazowki": "mapa miasta (2021): Aleje Jerozolimskie, Łopuszańska - Dw. Zachodni — dni powszednie, 6-20", "stroke": "#e8590c", "stroke-width": 5}}, {"type": "Feature", "geometry": {"type": "LineString", "coordinates": [[21.039318, 52.222958], [21.039874, 52.223117], [21.040089, 52.223175], [21.040263, 52.223219], [21.040424, 52.223255], [21.040619, 52.223296]]}, "properties": {"kategoria": "do dodania", "osm_way": 5173426, "ulica": "", "kierunek": "płn.-wschód", "wzgledem_linii_osm": "forward", "wskazowki": "mapa miasta (2021): Grzymały-Sokołowskiego/Kopińska/Wawelska/al. Armii Ludowej/most Łazienkowski/al. Stanów Zjednoczonych, Szczęśliwicka - Kanał Gocławski — codziennie, całodobowo | mapa miasta (2021): al. Stanów Zjednoczonych/most Łazienkowski/al. Armii Ludowej/Wawelska, Ostrobramska - Grójecka — codziennie, całodobowo", "stroke": "#e8590c", "stroke-width": 5}}, {"type": "Feature", "geometry": {"type": "LineString", "coordinates": [[21.018848, 52.247958], [21.018801, 52.247956], [21.018801, 52.247956], [21.01848, 52.247936], [21.01837, 52.247929], [21.018364, 52.247928], [21.018357, 52.247926], [21.018272, 52.247903]]}, "properties": {"kategoria": "do dodania", "osm_way": 5178987, "ulica": "", "kierunek": "zachód", "wzgledem_linii_osm": "forward", "wskazowki": "mapa miasta (2021): al. Solidarności, Okopowa - Jagiellońska — codziennie, całodobowo | mapa miasta (2021): Radzymińska/most Śląsko-Dąbrowski/al. Solidarności, Krynoliny - Andersa — codziennie, całodobowo", "stroke": "#e8590c", "stroke-width": 5}}, {"type": "Feature", "geometry": {"type": "LineString", "coordinates": [[21.043068, 52.22419], [21.042933, 52.224205], [21.042801, 52.224225], [21.042679, 52.22425]]}, "properties": {"kategoria": "do dodania", "osm_way": 5179108, "ulica": "", "kierunek": "zachód", "wzgledem_linii_osm": "forward", "wskazowki": "mapa miasta (2021): Grzymały-Sokołowskiego/Kopińska/Wawelska/al. Armii Ludowej/most Łazienkowski/al. Stanów Zjednoczonych, Szczęśliwicka - Kanał Gocławski — codziennie, całodobowo | mapa miasta (2021): al. Stanów Zjednoczonych/most Łazienkowski/al. Armii Ludowej/Wawelska, Ostrobramska - Grójecka — codziennie, całodobowo", "stroke": "#e8590c", "stroke-width": 5}}, {"type": "Feature", "geometry": {"type": "LineString", "coordinates": [[21.034468, 52.254733], [21.034502, 52.254701], [21.034543, 52.254663]]}, "properties": {"kategoria": "do dodania", "osm_way": 5200358, "ulica": "Targowa", "kierunek": "płd.-wschód", "wzgledem_linii_osm": "forward", "wskazowki": "mapa miasta (2021): Radzymińska/most Śląsko-Dąbrowski/al. Solidarności, Krynoliny - Andersa — codziennie, całodobowo | mapa miasta (2021): Targowa, Cyryla i Metodego - Białostocka — codziennie, całodobowo", "stroke": "#e8590c", "stroke-width": 5}}, {"type": "Feature", "geometry": {"type": "LineString", "coordinates": [[21.051378, 52.239006], [21.051357, 52.239048], [21.051213, 52.239343], [21.051171, 52.239429], [21.051105, 52.239566], [21.051039, 52.239702], [21.050973, 52.239841], [21.050973, 52.239841], [21.048821, 52.244257], [21.048821, 52.244257], [21.048426, 52.245062], [21.047841, 52.246259], [21.047679, 52.246598], [21.047566, 52.246833], [21.047531, 52.246927]]}, "properties": {"kategoria": "do dodania", "osm_way": 5214656, "ulica": "Aleja Zieleniecka", "kierunek": "północ", "wzgledem_linii_osm": "forward", "wskazowki": "komunikat ZDM / zgłoszenie: Aleja Zieleniecka, ulica:Rondo Jerzego Waszyngtona → ulica:Targowa (otwarty 2026-10-01)", "stroke": "#e8590c", "stroke-width": 5}}, {"type": "Feature", "geometry": {"type": "LineString", "coordinates": [[21.057394, 52.227212], [21.057106, 52.227169]]}, "properties": {"kategoria": "do dodania", "osm_way": 5214969, "ulica": "", "kierunek": "zachód", "wzgledem_linii_osm": "forward", "wskazowki": "mapa miasta (2021): Grzymały-Sokołowskiego/Kopińska/Wawelska/al. Armii Ludowej/most Łazienkowski/al. Stanów Zjednoczonych, Szczęśliwicka - Kanał Gocławski — codziennie, całodobowo | mapa miasta (2021): al. Stanów Zjednoczonych/most Łazienkowski/al. Armii Ludowej/Wawelska, Ostrobramska - Grójecka — codziennie, całodobowo", "stroke": "#e8590c", "stroke-width": 5}}, {"type": "Feature", "geometry": {"type": "LineString", "coordinates": [[21.057636, 52.299321], [21.057883, 52.299608], [21.057883, 52.299608], [21.058, 52.299751], [21.058, 52.299751], [21.058085, 52.299861], [21.058085, 52.299861], [21.058169, 52.299979], [21.05817, 52.299979], [21.05822, 52.300052], [21.05822, 52.300053], [21.058356, 52.300263]]}, "properties": {"kategoria": "do dodania", "osm_way": 6281188, "ulica": "Głębocka", "kierunek": "płn.-wschód", "wzgledem_linii_osm": "forward", "wskazowki": "komunikat ZDM / zgłoszenie: Głębocka / Świętego Wincentego, przystanek:117903 → ulica:Ludwika Kondratowicza (otwarty 2024-12-06) | komunikat ZDM / zgłoszenie: Głębocka / Świętego Wincentego, ulica:Malborska → przystanek:117903 (otwarty 2024-12-06)", "stroke": "#e8590c", "stroke-width": 5}}, {"type": "Feature", "geometry": {"type": "LineString", "coordinates": [[20.984736, 52.219633], [20.984628, 52.219706], [20.984599, 52.219726], [20.984582, 52.21974], [20.984552, 52.219767]]}, "properties": {"kategoria": "do dodania", "osm_way": 7340687, "ulica": "Plac Gabriela Narutowicza", "kierunek": "płn.-zachód", "wzgledem_linii_osm": "forward", "wskazowki": "mapa miasta (2021): Grójecka/Aleje Jerozolimskie, Wawelska - Bracka — dni powszednie, 7-9 i 14-18", "stroke": "#e8590c", "stroke-width": 5}}, {"type": "Feature", "geometry": {"type": "LineString", "coordinates": [[20.960912, 52.215969], [20.961305, 52.216091], [20.961307, 52.216091], [20.961677, 52.21622]]}, "properties": {"kategoria": "do dodania", "osm_way": 10368011, "ulica": "Rondo Zesłańców Syberyjskich", "kierunek": "płn.-wschód", "wzgledem_linii_osm": "forward", "wskazowki": "mapa miasta (2021): Aleje Jerozolimskie, Łopuszańska - Dw. Zachodni — dni powszednie, 6-20", "stroke": "#e8590c", "stroke-width": 5}}, {"type": "Feature", "geometry": {"type": "LineString", "coordinates": [[21.040817, 52.195742], [21.041005, 52.195671], [21.041007, 52.19567], [21.041049, 52.195656], [21.04105, 52.195656], [21.041082, 52.195646], [21.041088, 52.195645], [21.041127, 52.195637]]}, "properties": {"kategoria": "do dodania", "osm_way": 23279515, "ulica": "Ludwiga van Beethovena", "kierunek": "płd.-wschód", "wzgledem_linii_osm": "forward", "wskazowki": "mapa miasta (2021): Sobieskiego/Belwederska, Idzikowskiego - Nabielaka — dni powszednie, 7-10 i 14-19 | mapa miasta (2021): Belwederska/Sobieskiego, Grottgera - Idzikowskiego — dni powszednie, 7-9 i 14-18", "stroke": "#e8590c", "stroke-width": 5}}, {"type": "Feature", "geometry": {"type": "LineString", "coordinates": [[20.994348, 52.298419], [20.995249, 52.297575], [20.995793, 52.297034]]}, "properties": {"kategoria": "do dodania", "osm_way": 23314826, "ulica": "Modlińska", "kierunek": "płd.-wschód", "wzgledem_linii_osm": "forward", "wskazowki": "mapa miasta (2021): Modlińska, Leliwitów - Elektronowa — dni powszednie, 6-10 | komunikat ZDM / zgłoszenie: Modlińska, ulica:Aluzyjna → ulica:Elektronowa (otwarty 2023-12-20) | komunikat ZDM / zgłoszenie: Modlińska, ulica:Elektronowa → ulica:Aluzyjna (otwarty 2023-12-20)", "stroke": "#e8590c", "stroke-width": 5}}, {"type": "Feature", "geometry": {"type": "LineString", "coordinates": [[21.055156, 52.207634], [21.05535, 52.207653], [21.055351, 52.207654], [21.056323, 52.207775], [21.056725, 52.207816], [21.056918, 52.207835], [21.057124, 52.207848]]}, "properties": {"kategoria": "do dodania", "osm_way": 23455698, "ulica": "Aleja Polski Walczącej", "kierunek": "wschód", "wzgledem_linii_osm": "forward", "wskazowki": "mapa miasta (2021): al. Polski Walczącej, Batalionu AK \"Bałtyk\" - Zwierzyniecka — codziennie, całodobowo | mapa miasta (2021): al. Polski Walczącej, Melomanów - Batalionu AK \"Bałtyk\" — codziennie, całodobowo", "stroke": "#e8590c", "stroke-width": 5}}, {"type": "Feature", "geometry": {"type": "LineString", "coordinates": [[21.044262, 52.174098], [21.044297, 52.174214]]}, "properties": {"kategoria": "do dodania", "osm_way": 23518729, "ulica": "Dolina Służewiecka", "kierunek": "północ", "wzgledem_linii_osm": "forward", "wskazowki": "komunikat ZDM / zgłoszenie: Dolina Służewiecka / Aleja Generała Władysława Sikorskiego, ulica:Nowoursynowska → ulica:Jana III Sobieskiego (otwarty 2022-01-10) | komunikat ZDM / zgłoszenie: Dolina Służewiecka / Aleja Generała Władysława Sikorskiego, ulica:Jana III Sobieskiego → ulica:Nowoursynowska (otwarty 2022-01-10)", "stroke": "#e8590c", "stroke-width": 5}}, {"type": "Feature", "geometry": {"type": "LineString", "coordinates": [[21.044297, 52.174215], [21.044366, 52.174475], [21.044366, 52.174476], [21.044425, 52.174744], [21.044437, 52.174801]]}, "properties": {"kategoria": "do dodania", "osm_way": 23518730, "ulica": "Dolina Służewiecka", "kierunek": "północ", "wzgledem_linii_osm": "forward", "wskazowki": "komunikat ZDM / zgłoszenie: Dolina Służewiecka / Aleja Generała Władysława Sikorskiego, ulica:Nowoursynowska → ulica:Jana III Sobieskiego (otwarty 2022-01-10)", "stroke": "#e8590c", "stroke-width": 5}}, {"type": "Feature", "geometry": {"type": "LineString", "coordinates": [[21.043767, 52.174173], [21.043751, 52.174083]]}, "properties": {"kategoria": "do dodania", "osm_way": 23518731, "ulica": "Dolina Służewiecka", "kierunek": "południe", "wzgledem_linii_osm": "forward", "wskazowki": "komunikat ZDM / zgłoszenie: Dolina Służewiecka / Aleja Generała Władysława Sikorskiego, ulica:Nowoursynowska → ulica:Jana III Sobieskiego (otwarty 2022-01-10) | komunikat ZDM / zgłoszenie: Dolina Służewiecka / Aleja Generała Władysława Sikorskiego, ulica:Jana III Sobieskiego → ulica:Nowoursynowska (otwarty 2022-01-10)", "stroke": "#e8590c", "stroke-width": 5}}, {"type": "Feature", "geometry": {"type": "LineString", "coordinates": [[20.943182, 52.205427], [20.943317, 52.205537], [20.943454, 52.205644], [20.943926, 52.206009], [20.944672, 52.206586], [20.9447, 52.206608], [20.94477, 52.206651], [20.944852, 52.206687], [20.945168, 52.206753], [20.945175, 52.206755], [20.945238, 52.206776]]}, "properties": {"kategoria": "do dodania", "osm_way": 27592317, "ulica": "", "kierunek": "płn.-wschód", "wzgledem_linii_osm": "forward", "wskazowki": "mapa miasta (2021): Aleje Jerozolimskie, Łopuszańska - Dw. Zachodni — dni powszednie, 6-20", "stroke": "#e8590c", "stroke-width": 5}}, {"type": "Feature", "geometry": {"type": "LineString", "coordinates": [[20.984745, 52.219625], [20.984688, 52.219713], [20.984661, 52.219755], [20.98466, 52.219756], [20.984604, 52.219838], [20.984594, 52.219869], [20.98459, 52.219899], [20.98459, 52.219899], [20.984588, 52.219921], [20.984592, 52.219948], [20.984601, 52.21998], [20.984619, 52.220013], [20.984644, 52.220049], [20.984661, 52.220068]]}, "properties": {"kategoria": "do dodania", "osm_way": 28060187, "ulica": "Grójecka", "kierunek": "północ", "wzgledem_linii_osm": "forward", "wskazowki": "mapa miasta (2021): Grójecka/Aleje Jerozolimskie, Wawelska - Bracka — dni powszednie, 7-9 i 14-18", "stroke": "#e8590c", "stroke-width": 5}}, {"type": "Feature", "geometry": {"type": "LineString", "coordinates": [[20.957322, 52.214919], [20.957394, 52.214941], [20.957511, 52.214975], [20.957512, 52.214975], [20.957632, 52.215009], [20.958149, 52.215153], [20.95815, 52.215154], [20.958524, 52.215265]]}, "properties": {"kategoria": "do dodania", "osm_way": 30683890, "ulica": "Aleje Jerozolimskie", "kierunek": "płn.-wschód", "wzgledem_linii_osm": "forward", "wskazowki": "mapa miasta (2021): Aleje Jerozolimskie, Łopuszańska - Dw. Zachodni — dni powszednie, 6-20", "stroke": "#e8590c", "stroke-width": 5}}, {"type": "Feature", "geometry": {"type": "LineString", "coordinates": [[21.02117, 52.179543], [21.02119, 52.179425], [21.02119, 52.179424], [21.021224, 52.179248]]}, "properties": {"kategoria": "do dodania", "osm_way": 30777686, "ulica": "Puławska", "kierunek": "południe", "wzgledem_linii_osm": "forward", "wskazowki": "mapa miasta (2021): Puławska, al. Niepodległości - Smyczkowa — dni powszednie, 6-10 i 14-19", "stroke": "#e8590c", "stroke-width": 5}}, {"type": "Feature", "geometry": {"type": "LineString", "coordinates": [[21.021277, 52.178998], [21.021413, 52.178274], [21.02144, 52.178128], [21.021457, 52.178008], [21.021478, 52.177761], [21.021471, 52.177681], [21.021455, 52.177599], [21.021321, 52.177206], [21.021262, 52.177049]]}, "properties": {"kategoria": "do dodania", "osm_way": 30777688, "ulica": "Puławska", "kierunek": "południe", "wzgledem_linii_osm": "forward", "wskazowki": "mapa miasta (2021): Puławska, al. Niepodległości - Smyczkowa — dni powszednie, 6-10 i 14-19", "stroke": "#e8590c", "stroke-width": 5}}, {"type": "Feature", "geometry": {"type": "LineString", "coordinates": [[21.032382, 52.253854], [21.032126, 52.253719], [21.031992, 52.253662]]}, "properties": {"kategoria": "do dodania", "osm_way": 31331334, "ulica": "Aleja „Solidarności”", "kierunek": "płd.-zachód", "wzgledem_linii_osm": "forward", "wskazowki": "mapa miasta (2021): Radzymińska/most Śląsko-Dąbrowski/al. Solidarności, Krynoliny - Andersa — codziennie, całodobowo", "stroke": "#e8590c", "stroke-width": 5}}, {"type": "Feature", "geometry": {"type": "LineString", "coordinates": [[21.060525, 52.269062], [21.060412, 52.268924]]}, "properties": {"kategoria": "do dodania", "osm_way": 31331336, "ulica": "Radzymińska", "kierunek": "płd.-zachód", "wzgledem_linii_osm": "forward", "wskazowki": "mapa miasta (2021): Radzymińska/most Śląsko-Dąbrowski/al. Solidarności, Krynoliny - Andersa — codziennie, całodobowo", "stroke": "#e8590c", "stroke-width": 5}}, {"type": "Feature", "geometry": {"type": "LineString", "coordinates": [[21.069469, 52.279591], [21.06971, 52.279882], [21.06975, 52.279931], [21.069751, 52.279931], [21.069931, 52.280157]]}, "properties": {"kategoria": "do dodania", "osm_way": 31331349, "ulica": "Radzymińska", "kierunek": "płn.-wschód", "wzgledem_linii_osm": "forward", "wskazowki": "mapa miasta (2021): Radzymińska, Jórskiego - Młodzieńcza — codziennie, 7-10 i 14-19 | mapa miasta (2021): Radzymińska/most Śląsko-Dąbrowski/al. Solidarności, Krynoliny - Andersa — codziennie, 7-10 i 14-19", "stroke": "#e8590c", "stroke-width": 5}}, {"type": "Feature", "geometry": {"type": "LineString", "coordinates": [[20.982928, 52.308002], [20.983094, 52.307942], [20.983096, 52.307942], [20.983105, 52.307939], [20.983208, 52.307908], [20.98321, 52.307907], [20.983295, 52.307885], [20.983302, 52.307883], [20.983367, 52.307874]]}, "properties": {"kategoria": "do dodania", "osm_way": 35874215, "ulica": "Płochocińska", "kierunek": "płd.-wschód", "wzgledem_linii_osm": "forward", "wskazowki": "mapa miasta (2021): Modlińska, Leliwitów - Elektronowa — dni powszednie, 6-10 | komunikat ZDM / zgłoszenie: Modlińska, ulica:Aluzyjna → ulica:Elektronowa (otwarty 2023-12-20) | komunikat ZDM / zgłoszenie: Modlińska, ulica:Elektronowa → ulica:Aluzyjna (otwarty 2023-12-20)", "stroke": "#e8590c", "stroke-width": 5}}, {"type": "Feature", "geometry": {"type": "LineString", "coordinates": [[20.984337, 52.307585], [20.984165, 52.307812], [20.984115, 52.307883], [20.984109, 52.307954], [20.984142, 52.308028], [20.984217, 52.308098], [20.98434, 52.308173]]}, "properties": {"kategoria": "do dodania", "osm_way": 35933703, "ulica": "Płochocińska", "kierunek": "północ", "wzgledem_linii_osm": "forward", "wskazowki": "komunikat ZDM / zgłoszenie: Modlińska, ulica:Elektronowa → ulica:Aluzyjna (otwarty 2023-12-20)", "stroke": "#e8590c", "stroke-width": 5}}, {"type": "Feature", "geometry": {"type": "LineString", "coordinates": [[20.989324, 52.303628], [20.989176, 52.303753], [20.989127, 52.303798], [20.989125, 52.3038], [20.988758, 52.304081], [20.988282, 52.304453]]}, "properties": {"kategoria": "do dodania", "osm_way": 38300915, "ulica": "Modlińska", "kierunek": "płn.-zachód", "wzgledem_linii_osm": "forward", "wskazowki": "mapa miasta (2021): Modlińska, Leliwitów - Elektronowa — dni powszednie, 6-10 | komunikat ZDM / zgłoszenie: Modlińska, ulica:Aluzyjna → ulica:Elektronowa (otwarty 2023-12-20) | komunikat ZDM / zgłoszenie: Modlińska, ulica:Elektronowa → ulica:Aluzyjna (otwarty 2023-12-20)", "stroke": "#e8590c", "stroke-width": 5}}, {"type": "Feature", "geometry": {"type": "LineString", "coordinates": [[20.996025, 52.297125], [20.995529, 52.297599]]}, "properties": {"kategoria": "do dodania", "osm_way": 38300943, "ulica": "Modlińska", "kierunek": "płn.-zachód", "wzgledem_linii_osm": "forward", "wskazowki": "mapa miasta (2021): Modlińska, Leliwitów - Elektronowa — dni powszednie, 6-10 | komunikat ZDM / zgłoszenie: Modlińska, ulica:Aluzyjna → ulica:Elektronowa (otwarty 2023-12-20) | komunikat ZDM / zgłoszenie: Modlińska, ulica:Elektronowa → ulica:Aluzyjna (otwarty 2023-12-20)", "stroke": "#e8590c", "stroke-width": 5}}, {"type": "Feature", "geometry": {"type": "LineString", "coordinates": [[20.994573, 52.298509], [20.994262, 52.298799]]}, "properties": {"kategoria": "do dodania", "osm_way": 38300948, "ulica": "Modlińska", "kierunek": "płn.-zachód", "wzgledem_linii_osm": "forward", "wskazowki": "mapa miasta (2021): Modlińska, Leliwitów - Elektronowa — dni powszednie, 6-10 | komunikat ZDM / zgłoszenie: Modlińska, ulica:Aluzyjna → ulica:Elektronowa (otwarty 2023-12-20) | komunikat ZDM / zgłoszenie: Modlińska, ulica:Elektronowa → ulica:Aluzyjna (otwarty 2023-12-20)", "stroke": "#e8590c", "stroke-width": 5}}, {"type": "Feature", "geometry": {"type": "LineString", "coordinates": [[20.994187, 52.298869], [20.993504, 52.299527], [20.991612, 52.301353], [20.991612, 52.301353], [20.991079, 52.301864], [20.99057, 52.302373]]}, "properties": {"kategoria": "do dodania", "osm_way": 38300955, "ulica": "Modlińska", "kierunek": "płn.-zachód", "wzgledem_linii_osm": "forward", "wskazowki": "mapa miasta (2021): Modlińska, Leliwitów - Elektronowa — dni powszednie, 6-10 | komunikat ZDM / zgłoszenie: Modlińska, ulica:Aluzyjna → ulica:Elektronowa (otwarty 2023-12-20) | komunikat ZDM / zgłoszenie: Modlińska, ulica:Elektronowa → ulica:Aluzyjna (otwarty 2023-12-20)", "stroke": "#e8590c", "stroke-width": 5}}, {"type": "Feature", "geometry": {"type": "LineString", "coordinates": [[21.018641, 52.111287], [21.018634, 52.111433], [21.01863, 52.111521], [21.01863, 52.111521], [21.018618, 52.11175]]}, "properties": {"kategoria": "do dodania", "osm_way": 47257690, "ulica": "Puławska", "kierunek": "północ", "wzgledem_linii_osm": "forward", "wskazowki": "komunikat ZDM / zgłoszenie: Puławska, granica → ulica:Rotmistrza Witolda Pileckiego (otwarty 2022-09-30) | komunikat ZDM / zgłoszenie: Puławska, ulica:Rotmistrza Witolda Pileckiego → granica (otwarty 2022-09-30)", "stroke": "#e8590c", "stroke-width": 5}}, {"type": "Feature", "geometry": {"type": "LineString", "coordinates": [[21.018322, 52.111279], [21.018333, 52.111176]]}, "properties": {"kategoria": "do dodania", "osm_way": 47257694, "ulica": "Puławska", "kierunek": "południe", "wzgledem_linii_osm": "forward", "wskazowki": "komunikat ZDM / zgłoszenie: Puławska, granica → ulica:Rotmistrza Witolda Pileckiego (otwarty 2022-09-30) | komunikat ZDM / zgłoszenie: Puławska, ulica:Rotmistrza Witolda Pileckiego → granica (otwarty 2022-09-30)", "stroke": "#e8590c", "stroke-width": 5}}, {"type": "Feature", "geometry": {"type": "LineString", "coordinates": [[21.017864, 52.14364], [21.017872, 52.143748], [21.017872, 52.143749], [21.017867, 52.144184], [21.017868, 52.144385]]}, "properties": {"kategoria": "do dodania", "osm_way": 47257720, "ulica": "Puławska", "kierunek": "północ", "wzgledem_linii_osm": "forward", "wskazowki": "komunikat ZDM / zgłoszenie: Puławska, granica → ulica:Rotmistrza Witolda Pileckiego (otwarty 2022-09-30) | komunikat ZDM / zgłoszenie: Puławska, ulica:Rotmistrza Witolda Pileckiego → granica (otwarty 2022-09-30)", "stroke": "#e8590c", "stroke-width": 5}}, {"type": "Feature", "geometry": {"type": "LineString", "coordinates": [[21.017868, 52.143542], [21.017864, 52.143642]]}, "properties": {"kategoria": "do dodania", "osm_way": 47257723, "ulica": "Puławska", "kierunek": "północ", "wzgledem_linii_osm": "forward", "wskazowki": "komunikat ZDM / zgłoszenie: Puławska, granica → ulica:Rotmistrza Witolda Pileckiego (otwarty 2022-09-30) | komunikat ZDM / zgłoszenie: Puławska, ulica:Rotmistrza Witolda Pileckiego → granica (otwarty 2022-09-30)", "stroke": "#e8590c", "stroke-width": 5}}, {"type": "Feature", "geometry": {"type": "LineString", "coordinates": [[21.034932, 52.254871], [21.034752, 52.254831], [21.0347, 52.25482], [21.034657, 52.25481], [21.034657, 52.25481], [21.034543, 52.254785], [21.034543, 52.254785], [21.03449, 52.254773]]}, "properties": {"kategoria": "do dodania", "osm_way": 48276329, "ulica": "Aleja „Solidarności”", "kierunek": "zachód", "wzgledem_linii_osm": "forward", "wskazowki": "mapa miasta (2021): Radzymińska/most Śląsko-Dąbrowski/al. Solidarności, Krynoliny - Andersa — codziennie, całodobowo | mapa miasta (2021): Targowa, Cyryla i Metodego - Białostocka — codziennie, całodobowo", "stroke": "#e8590c", "stroke-width": 5}}, {"type": "Feature", "geometry": {"type": "LineString", "coordinates": [[21.018413, 52.107473], [21.018399, 52.107219]]}, "properties": {"kategoria": "do dodania", "osm_way": 62259811, "ulica": "Puławska", "kierunek": "południe", "wzgledem_linii_osm": "forward", "wskazowki": "komunikat ZDM / zgłoszenie: Puławska, granica → ulica:Rotmistrza Witolda Pileckiego (otwarty 2022-09-30) | komunikat ZDM / zgłoszenie: Puławska, ulica:Rotmistrza Witolda Pileckiego → granica (otwarty 2022-09-30)", "stroke": "#e8590c", "stroke-width": 5}}, {"type": "Feature", "geometry": {"type": "LineString", "coordinates": [[20.94602, 52.349938], [20.946273, 52.349615], [20.946274, 52.349613], [20.946395, 52.349482], [20.946542, 52.349295], [20.946543, 52.349294], [20.946781, 52.349025], [20.947803, 52.347815], [20.947805, 52.347812], [20.947818, 52.3478], [20.948423, 52.347088], [20.948423, 52.347088], [20.948492, 52.347008], [20.948521, 52.346974], [20.948682, 52.34679]]}, "properties": {"kategoria": "do dodania", "osm_way": 69054337, "ulica": "Modlińska", "kierunek": "płd.-wschód", "wzgledem_linii_osm": "forward", "wskazowki": "komunikat ZDM / zgłoszenie: Modlińska, ulica:Aluzyjna → ulica:Elektronowa (otwarty 2023-12-20) | komunikat ZDM / zgłoszenie: Modlińska, ulica:Elektronowa → ulica:Aluzyjna (otwarty 2023-12-20)", "stroke": "#e8590c", "stroke-width": 5}}, {"type": "Feature", "geometry": {"type": "LineString", "coordinates": [[20.996227, 52.296933], [20.996025, 52.297125]]}, "properties": {"kategoria": "do dodania", "osm_way": 81254442, "ulica": "Modlińska", "kierunek": "płn.-zachód", "wzgledem_linii_osm": "forward", "wskazowki": "mapa miasta (2021): Modlińska, Leliwitów - Elektronowa — dni powszednie, 6-10 | komunikat ZDM / zgłoszenie: Modlińska, ulica:Aluzyjna → ulica:Elektronowa (otwarty 2023-12-20) | komunikat ZDM / zgłoszenie: Modlińska, ulica:Elektronowa → ulica:Aluzyjna (otwarty 2023-12-20)", "stroke": "#e8590c", "stroke-width": 5}}, {"type": "Feature", "geometry": {"type": "LineString", "coordinates": [[20.980422, 52.236933], [20.98057, 52.236994], [20.980571, 52.236995], [20.980619, 52.237015], [20.980651, 52.237029], [20.980651, 52.237029], [20.980886, 52.237131], [20.980886, 52.237131], [20.981463, 52.237385], [20.981464, 52.237386], [20.982222, 52.237739], [20.982956, 52.238051], [20.98446, 52.238682], [20.984978, 52.238899], [20.985071, 52.238936], [20.985168, 52.238975], [20.985261, 52.239012], [20.985327, 52.239037], [20.985399, 52.239063], [20.985477, 52.239089], [20.985913, 52.239231], [20.986233, 52.239336], [20.986787, 52.239516], [20.986906, 52.239555], [20.986906, 52.239555], [20.986967, 52.239575], [20.986968, 52.239576], [20.987021, 52.239595], [20.987063, 52.23961], [20.987064, 52.23961], [20.987121, 52.239632], [20.987121, 52.239632], [20.98722, 52.23967]]}, "properties": {"kategoria": "do dodania", "osm_way": 85686097, "ulica": "Aleja „Solidarności”", "kierunek": "płn.-wschód", "wzgledem_linii_osm": "forward", "wskazowki": "mapa miasta (2021): al. Solidarności, Okopowa - Jagiellońska — codziennie, 6-20", "stroke": "#e8590c", "stroke-width": 5}}, {"type": "Feature", "geometry": {"type": "LineString", "coordinates": [[21.047471, 52.247341], [21.047466, 52.247442], [21.047466, 52.247442], [21.047461, 52.247491]]}, "properties": {"kategoria": "do dodania", "osm_way": 91332035, "ulica": "Aleja Zieleniecka", "kierunek": "północ", "wzgledem_linii_osm": "forward", "wskazowki": "komunikat ZDM / zgłoszenie: Aleja Zieleniecka, ulica:Rondo Jerzego Waszyngtona → ulica:Targowa (otwarty 2026-10-01)", "stroke": "#e8590c", "stroke-width": 5}}, {"type": "Feature", "geometry": {"type": "LineString", "coordinates": [[21.069771, 52.169474], [21.069672, 52.169495], [21.069588, 52.169516], [21.069491, 52.169544], [21.06949, 52.169544], [21.069406, 52.169567], [21.069403, 52.169568], [21.069292, 52.169594], [21.069291, 52.169594], [21.068679, 52.169732]]}, "properties": {"kategoria": "do dodania", "osm_way": 100975635, "ulica": "Aleja Wilanowska", "kierunek": "zachód", "wzgledem_linii_osm": "forward", "wskazowki": "mapa miasta (2021): al. Wilanowska, rejon skrzyżowania z ul. Sobieskiego — codziennie, całodobowo", "stroke": "#e8590c", "stroke-width": 5}}, {"type": "Feature", "geometry": {"type": "LineString", "coordinates": [[20.97691, 52.314516], [20.976883, 52.314538], [20.97688, 52.31454], [20.976792, 52.314597], [20.976743, 52.314632], [20.976685, 52.314695], [20.976301, 52.315227]]}, "properties": {"kategoria": "do dodania", "osm_way": 101024713, "ulica": "Modlińska", "kierunek": "płn.-zachód", "wzgledem_linii_osm": "forward", "wskazowki": "mapa miasta (2021): Modlińska, Leliwitów - Elektronowa — dni powszednie, 6-10 | komunikat ZDM / zgłoszenie: Modlińska, ulica:Aluzyjna → ulica:Elektronowa (otwarty 2023-12-20) | komunikat ZDM / zgłoszenie: Modlińska, ulica:Elektronowa → ulica:Aluzyjna (otwarty 2023-12-20)", "stroke": "#e8590c", "stroke-width": 5}}, {"type": "Feature", "geometry": {"type": "LineString", "coordinates": [[21.033874, 52.255336], [21.033888, 52.255299], [21.033891, 52.255293], [21.033918, 52.255259], [21.033921, 52.255256], [21.034297, 52.254895], [21.034349, 52.254845], [21.034378, 52.254818], [21.034378, 52.254817], [21.034468, 52.254733]]}, "properties": {"kategoria": "do dodania", "osm_way": 121802756, "ulica": "Targowa", "kierunek": "płd.-wschód", "wzgledem_linii_osm": "forward", "wskazowki": "mapa miasta (2021): Targowa, Cyryla i Metodego - Białostocka — codziennie, całodobowo", "stroke": "#e8590c", "stroke-width": 5}}, {"type": "Feature", "geometry": {"type": "LineString", "coordinates": [[21.066971, 52.276954], [21.06683, 52.27678]]}, "properties": {"kategoria": "do dodania", "osm_way": 121803792, "ulica": "Radzymińska", "kierunek": "płd.-zachód", "wzgledem_linii_osm": "forward", "wskazowki": "mapa miasta (2021): Radzymińska, Jórskiego - Młodzieńcza — codziennie, 7-10 i 14-19 | mapa miasta (2021): Radzymińska/most Śląsko-Dąbrowski/al. Solidarności, Krynoliny - Andersa — codziennie, 7-10 i 14-19", "stroke": "#e8590c", "stroke-width": 5}}, {"type": "Feature", "geometry": {"type": "LineString", "coordinates": [[20.945882, 52.207601], [20.947648, 52.208805]]}, "properties": {"kategoria": "do dodania", "osm_way": 121806328, "ulica": "Aleje Jerozolimskie", "kierunek": "płn.-wschód", "wzgledem_linii_osm": "forward", "wskazowki": "mapa miasta (2021): Aleje Jerozolimskie, Łopuszańska - Dw. Zachodni — dni powszednie, 6-20", "stroke": "#e8590c", "stroke-width": 5}}, {"type": "Feature", "geometry": {"type": "LineString", "coordinates": [[20.952009, 52.211659], [20.952451, 52.211961]]}, "properties": {"kategoria": "do dodania", "osm_way": 121806332, "ulica": "Aleje Jerozolimskie", "kierunek": "płn.-wschód", "wzgledem_linii_osm": "forward", "wskazowki": "mapa miasta (2021): Aleje Jerozolimskie, Łopuszańska - Dw. Zachodni — dni powszednie, 6-20", "stroke": "#e8590c", "stroke-width": 5}}, {"type": "Feature", "geometry": {"type": "LineString", "coordinates": [[20.939273, 52.203166], [20.940385, 52.203909], [20.940385, 52.203909], [20.941546, 52.204691]]}, "properties": {"kategoria": "do dodania", "osm_way": 121806333, "ulica": "Aleje Jerozolimskie", "kierunek": "płn.-wschód", "wzgledem_linii_osm": "forward", "wskazowki": "mapa miasta (2021): Aleje Jerozolimskie, Łopuszańska - Dw. Zachodni — dni powszednie, 6-20", "stroke": "#e8590c", "stroke-width": 5}}, {"type": "Feature", "geometry": {"type": "LineString", "coordinates": [[20.990025, 52.223771], [20.989962, 52.223884], [20.989962, 52.223884], [20.989854, 52.224078]]}, "properties": {"kategoria": "do dodania", "osm_way": 121806938, "ulica": "Raszyńska", "kierunek": "północ", "wzgledem_linii_osm": "forward", "wskazowki": "mapa miasta (2021): Raszyńska, Filtrowa - Koszykowa — dni powszednie, 7-10 i 14-19", "stroke": "#e8590c", "stroke-width": 5}}, {"type": "Feature", "geometry": {"type": "LineString", "coordinates": [[21.044137, 52.176847], [21.044104, 52.17648], [21.04399, 52.175606], [21.04399, 52.175605], [21.043988, 52.17558]]}, "properties": {"kategoria": "do dodania", "osm_way": 121809182, "ulica": "Aleja Generała Władysława Sikorskiego", "kierunek": "południe", "wzgledem_linii_osm": "forward", "wskazowki": "komunikat ZDM / zgłoszenie: Dolina Służewiecka / Aleja Generała Władysława Sikorskiego, ulica:Nowoursynowska → ulica:Jana III Sobieskiego (otwarty 2022-01-10) | komunikat ZDM / zgłoszenie: Dolina Służewiecka / Aleja Generała Władysława Sikorskiego, ulica:Jana III Sobieskiego → ulica:Nowoursynowska (otwarty 2022-01-10)", "stroke": "#e8590c", "stroke-width": 5}}, {"type": "Feature", "geometry": {"type": "LineString", "coordinates": [[21.044464, 52.175017], [21.04449, 52.175223]]}, "properties": {"kategoria": "do dodania", "osm_way": 121809184, "ulica": "Aleja Generała Władysława Sikorskiego", "kierunek": "północ", "wzgledem_linii_osm": "forward", "wskazowki": "komunikat ZDM / zgłoszenie: Dolina Służewiecka / Aleja Generała Władysława Sikorskiego, ulica:Nowoursynowska → ulica:Jana III Sobieskiego (otwarty 2022-01-10)", "stroke": "#e8590c", "stroke-width": 5}}, {"type": "Feature", "geometry": {"type": "LineString", "coordinates": [[21.044167, 52.177234], [21.044137, 52.176847]]}, "properties": {"kategoria": "do dodania", "osm_way": 121809191, "ulica": "Aleja Generała Władysława Sikorskiego", "kierunek": "południe", "wzgledem_linii_osm": "forward", "wskazowki": "komunikat ZDM / zgłoszenie: Dolina Służewiecka / Aleja Generała Władysława Sikorskiego, ulica:Jana III Sobieskiego → ulica:Nowoursynowska (otwarty 2022-01-10)", "stroke": "#e8590c", "stroke-width": 5}}, {"type": "Feature", "geometry": {"type": "LineString", "coordinates": [[20.993535, 52.2417], [20.993607, 52.24173], [20.993656, 52.24175], [20.993683, 52.241761], [20.993683, 52.241761], [20.993721, 52.241776], [20.993728, 52.241779], [20.993728, 52.241779], [20.993816, 52.241815], [20.993817, 52.241815], [20.99387, 52.241837]]}, "properties": {"kategoria": "do dodania", "osm_way": 122225815, "ulica": "Aleja „Solidarności”", "kierunek": "płn.-wschód", "wzgledem_linii_osm": "forward", "wskazowki": "mapa miasta (2021): al. Solidarności, Okopowa - Jagiellońska — codziennie, 6-20", "stroke": "#e8590c", "stroke-width": 5}}, {"type": "Feature", "geometry": {"type": "LineString", "coordinates": [[21.075441, 52.286864], [21.075515, 52.286956]]}, "properties": {"kategoria": "do dodania", "osm_way": 122225822, "ulica": "Radzymińska", "kierunek": "płn.-wschód", "wzgledem_linii_osm": "forward", "wskazowki": "mapa miasta (2021): Radzymińska, Jórskiego - Młodzieńcza — codziennie, 7-10 i 14-19 | mapa miasta (2021): Radzymińska/most Śląsko-Dąbrowski/al. Solidarności, Krynoliny - Andersa — codziennie, 7-10 i 14-19", "stroke": "#e8590c", "stroke-width": 5}}, {"type": "Feature", "geometry": {"type": "LineString", "coordinates": [[21.075296, 52.28706], [21.075214, 52.286965]]}, "properties": {"kategoria": "do dodania", "osm_way": 122227377, "ulica": "Radzymińska", "kierunek": "płd.-zachód", "wzgledem_linii_osm": "forward", "wskazowki": "mapa miasta (2021): Radzymińska, Jórskiego - Młodzieńcza — codziennie, 7-10 i 14-19 | mapa miasta (2021): Radzymińska/most Śląsko-Dąbrowski/al. Solidarności, Krynoliny - Andersa — codziennie, 7-10 i 14-19", "stroke": "#e8590c", "stroke-width": 5}}, {"type": "Feature", "geometry": {"type": "LineString", "coordinates": [[20.974945, 52.317144], [20.974555, 52.317703], [20.97453, 52.317739], [20.974504, 52.317795], [20.974493, 52.317838], [20.974491, 52.317878], [20.974491, 52.31788], [20.974481, 52.317926]]}, "properties": {"kategoria": "do dodania", "osm_way": 125221689, "ulica": "Modlińska", "kierunek": "północ", "wzgledem_linii_osm": "forward", "wskazowki": "mapa miasta (2021): Modlińska, Leliwitów - Elektronowa — dni powszednie, 6-10 | komunikat ZDM / zgłoszenie: Modlińska, ulica:Aluzyjna → ulica:Elektronowa (otwarty 2023-12-20) | komunikat ZDM / zgłoszenie: Modlińska, ulica:Elektronowa → ulica:Aluzyjna (otwarty 2023-12-20)", "stroke": "#e8590c", "stroke-width": 5}}, {"type": "Feature", "geometry": {"type": "LineString", "coordinates": [[20.976071, 52.315167], [20.976429, 52.314662], [20.976448, 52.314623], [20.976461, 52.314581], [20.976475, 52.314518], [20.976475, 52.314517], [20.976488, 52.31447], [20.976488, 52.314468], [20.976492, 52.314459], [20.976492, 52.314458], [20.976497, 52.314447], [20.976505, 52.314429]]}, "properties": {"kategoria": "do dodania", "osm_way": 125221691, "ulica": "Modlińska", "kierunek": "południe", "wzgledem_linii_osm": "forward", "wskazowki": "mapa miasta (2021): Modlińska, Leliwitów - Elektronowa — dni powszednie, 6-10 | komunikat ZDM / zgłoszenie: Modlińska, ulica:Aluzyjna → ulica:Elektronowa (otwarty 2023-12-20) | komunikat ZDM / zgłoszenie: Modlińska, ulica:Elektronowa → ulica:Aluzyjna (otwarty 2023-12-20)", "stroke": "#e8590c", "stroke-width": 5}}, {"type": "Feature", "geometry": {"type": "LineString", "coordinates": [[20.97472, 52.317082], [20.976071, 52.315167]]}, "properties": {"kategoria": "do dodania", "osm_way": 125221694, "ulica": "Modlińska", "kierunek": "płd.-wschód", "wzgledem_linii_osm": "forward", "wskazowki": "mapa miasta (2021): Modlińska, Leliwitów - Elektronowa — dni powszednie, 6-10 | komunikat ZDM / zgłoszenie: Modlińska, ulica:Aluzyjna → ulica:Elektronowa (otwarty 2023-12-20) | komunikat ZDM / zgłoszenie: Modlińska, ulica:Elektronowa → ulica:Aluzyjna (otwarty 2023-12-20)", "stroke": "#e8590c", "stroke-width": 5}}, {"type": "Feature", "geometry": {"type": "LineString", "coordinates": [[20.976301, 52.315226], [20.974945, 52.317144]]}, "properties": {"kategoria": "do dodania", "osm_way": 125221700, "ulica": "Modlińska", "kierunek": "płn.-zachód", "wzgledem_linii_osm": "forward", "wskazowki": "komunikat ZDM / zgłoszenie: Modlińska, ulica:Aluzyjna → ulica:Elektronowa (otwarty 2023-12-20) | komunikat ZDM / zgłoszenie: Modlińska, ulica:Elektronowa → ulica:Aluzyjna (otwarty 2023-12-20)", "stroke": "#e8590c", "stroke-width": 5}}, {"type": "Feature", "geometry": {"type": "LineString", "coordinates": [[21.053485, 52.262967], [21.052836, 52.262685]]}, "properties": {"kategoria": "do dodania", "osm_way": 125624375, "ulica": "Aleja „Solidarności”", "kierunek": "płd.-zachód", "wzgledem_linii_osm": "forward", "wskazowki": "mapa miasta (2021): Radzymińska/most Śląsko-Dąbrowski/al. Solidarności, Krynoliny - Andersa — codziennie, całodobowo", "stroke": "#e8590c", "stroke-width": 5}}, {"type": "Feature", "geometry": {"type": "LineString", "coordinates": [[21.003554, 52.217276], [21.002434, 52.217214], [21.002058, 52.217196], [21.001801, 52.217183]]}, "properties": {"kategoria": "do dodania", "osm_way": 128177617, "ulica": "", "kierunek": "zachód", "wzgledem_linii_osm": "forward", "wskazowki": "mapa miasta (2021): Grzymały-Sokołowskiego/Kopińska/Wawelska/al. Armii Ludowej/most Łazienkowski/al. Stanów Zjednoczonych, Szczęśliwicka - Kanał Gocławski — codziennie, całodobowo | mapa miasta (2021): al. Stanów Zjednoczonych/most Łazienkowski/al. Armii Ludowej/Wawelska, Ostrobramska - Grójecka — codziennie, całodobowo", "stroke": "#e8590c", "stroke-width": 5}}, {"type": "Feature", "geometry": {"type": "LineString", "coordinates": [[20.945248, 52.206781], [20.945319, 52.206826], [20.945326, 52.206832], [20.945384, 52.2069], [20.945388, 52.206907], [20.945469, 52.207125], [20.945469, 52.207125], [20.945497, 52.2072]]}, "properties": {"kategoria": "do dodania", "osm_way": 129703391, "ulica": "", "kierunek": "północ", "wzgledem_linii_osm": "forward", "wskazowki": "mapa miasta (2021): Aleje Jerozolimskie, Łopuszańska - Dw. Zachodni — dni powszednie, 6-20", "stroke": "#e8590c", "stroke-width": 5}}, {"type": "Feature", "geometry": {"type": "LineString", "coordinates": [[21.001402, 52.243712], [21.001565, 52.24357], [21.001565, 52.243569], [21.001739, 52.243426]]}, "properties": {"kategoria": "do dodania", "osm_way": 132183832, "ulica": "", "kierunek": "płd.-wschód", "wzgledem_linii_osm": "forward", "wskazowki": "mapa miasta (2021): pl. Bankowy, Senatorska - al. Solidarności — codziennie, całodobowo | mapa miasta (2021): pl. Bankowy, al. Solidarności - Senatorska — codziennie, całodobowo", "stroke": "#e8590c", "stroke-width": 5}}, {"type": "Feature", "geometry": {"type": "LineString", "coordinates": [[21.003426, 52.242522], [21.003227, 52.242602], [21.003042, 52.242702], [21.002608, 52.243036], [21.002545, 52.243084], [21.002544, 52.243085], [21.00248, 52.243131], [21.002308, 52.243265], [21.002288, 52.243287], [21.002102, 52.243538]]}, "properties": {"kategoria": "do dodania", "osm_way": 132183838, "ulica": "", "kierunek": "płn.-zachód", "wzgledem_linii_osm": "forward", "wskazowki": "mapa miasta (2021): pl. Bankowy, Senatorska - al. Solidarności — codziennie, całodobowo | mapa miasta (2021): pl. Bankowy, al. Solidarności - Senatorska — codziennie, całodobowo", "stroke": "#e8590c", "stroke-width": 5}}, {"type": "Feature", "geometry": {"type": "LineString", "coordinates": [[21.00355, 52.242423], [21.003437, 52.242515]]}, "properties": {"kategoria": "do dodania", "osm_way": 132183842, "ulica": "Plac Bankowy", "kierunek": "płn.-zachód", "wzgledem_linii_osm": "forward", "wskazowki": "mapa miasta (2021): pl. Bankowy, Senatorska - al. Solidarności — codziennie, całodobowo", "stroke": "#e8590c", "stroke-width": 5}}, {"type": "Feature", "geometry": {"type": "LineString", "coordinates": [[20.998678, 52.243443], [20.999587, 52.243734]]}, "properties": {"kategoria": "do dodania", "osm_way": 132526996, "ulica": "Aleja „Solidarności”", "kierunek": "płn.-wschód", "wzgledem_linii_osm": "forward", "wskazowki": "mapa miasta (2021): al. Solidarności, Okopowa - Jagiellońska — codziennie, 6-20 | mapa miasta (2021): al. Solidarności, Okopowa - Jagiellońska — codziennie, całodobowo", "stroke": "#e8590c", "stroke-width": 5}}, {"type": "Feature", "geometry": {"type": "LineString", "coordinates": [[21.034664, 52.254549], [21.03494, 52.254257], [21.034941, 52.254256], [21.035262, 52.253939], [21.035262, 52.253939], [21.03532, 52.253881]]}, "properties": {"kategoria": "do dodania", "osm_way": 133270098, "ulica": "Targowa", "kierunek": "płd.-wschód", "wzgledem_linii_osm": "forward", "wskazowki": "mapa miasta (2021): Targowa, Cyryla i Metodego - Białostocka — codziennie, całodobowo", "stroke": "#e8590c", "stroke-width": 5}}, {"type": "Feature", "geometry": {"type": "LineString", "coordinates": [[20.997948, 52.295362], [20.997699, 52.295569]]}, "properties": {"kategoria": "do dodania", "osm_way": 135958911, "ulica": "Modlińska", "kierunek": "płn.-zachód", "wzgledem_linii_osm": "forward", "wskazowki": "komunikat ZDM / zgłoszenie: Modlińska, ulica:Aluzyjna → ulica:Elektronowa (otwarty 2023-12-20) | komunikat ZDM / zgłoszenie: Modlińska, ulica:Elektronowa → ulica:Aluzyjna (otwarty 2023-12-20)", "stroke": "#e8590c", "stroke-width": 5}}, {"type": "Feature", "geometry": {"type": "LineString", "coordinates": [[20.999439, 52.293528], [20.999679, 52.293333], [20.999728, 52.293293], [20.999728, 52.293293], [20.99986, 52.293186]]}, "properties": {"kategoria": "do dodania", "osm_way": 135958912, "ulica": "Modlińska", "kierunek": "płd.-wschód", "wzgledem_linii_osm": "forward", "wskazowki": "komunikat ZDM / zgłoszenie: Modlińska, ulica:Aluzyjna → ulica:Elektronowa (otwarty 2023-12-20) | komunikat ZDM / zgłoszenie: Modlińska, ulica:Elektronowa → ulica:Aluzyjna (otwarty 2023-12-20)", "stroke": "#e8590c", "stroke-width": 5}}, {"type": "Feature", "geometry": {"type": "LineString", "coordinates": [[21.020395, 52.23182], [21.020425, 52.231772], [21.020425, 52.231772], [21.020434, 52.231758], [21.020435, 52.231756], [21.020464, 52.23172], [21.020465, 52.231718], [21.020482, 52.231699], [21.020503, 52.231675], [21.020504, 52.231674], [21.020527, 52.231651], [21.02053, 52.231649], [21.02056, 52.231626], [21.020563, 52.231623], [21.020595, 52.231604], [21.020596, 52.231603], [21.020638, 52.23158]]}, "properties": {"kategoria": "do dodania", "osm_way": 136989197, "ulica": "Rondo Generała Charles'a de Gaulle'a", "kierunek": "płd.-wschód", "wzgledem_linii_osm": "forward", "wskazowki": "mapa miasta (2021): Aleje Jerozolimskie, Wisłostrada - Miedziana — dni powszednie, 7-9 i 14-18 | mapa miasta (2021): Nowy Świat/Krakowskie Przedmieście, Senatorska - Smolna — codziennie, całodobowo", "stroke": "#e8590c", "stroke-width": 5}}, {"type": "Feature", "geometry": {"type": "LineString", "coordinates": [[21.020966, 52.231989], [21.020877, 52.231984], [21.020877, 52.231984], [21.020844, 52.231982], [21.020842, 52.231982], [21.0208, 52.231977], [21.020796, 52.231977], [21.02075, 52.23197], [21.020747, 52.23197], [21.020708, 52.231962], [21.020704, 52.231961], [21.020634, 52.231942], [21.020628, 52.231941], [21.020549, 52.23191], [21.020546, 52.231909], [21.020489, 52.231883], [21.020412, 52.231852]]}, "properties": {"kategoria": "do dodania", "osm_way": 136989199, "ulica": "Rondo Generała Charles'a de Gaulle'a", "kierunek": "płd.-zachód", "wzgledem_linii_osm": "forward", "wskazowki": "mapa miasta (2021): Aleje Jerozolimskie, Wisłostrada - Miedziana — dni powszednie, 7-9 i 14-18 | mapa miasta (2021): Nowy Świat/Krakowskie Przedmieście, Senatorska - Smolna — codziennie, całodobowo | mapa miasta (2021): Nowy Świat/Krakowskie Przedmieście, Smolna - Senatorska — codziennie, całodobowo", "stroke": "#e8590c", "stroke-width": 5}}, {"type": "Feature", "geometry": {"type": "LineString", "coordinates": [[20.98901, 52.22439], [20.989414, 52.224545], [20.989498, 52.224578], [20.9895, 52.224578], [20.989588, 52.224616]]}, "properties": {"kategoria": "do dodania", "osm_way": 137020833, "ulica": "Plac Artura Zawiszy", "kierunek": "płn.-wschód", "wzgledem_linii_osm": "forward", "wskazowki": "mapa miasta (2021): Grójecka/Aleje Jerozolimskie, Wawelska - Bracka — dni powszednie, 7-9 i 14-18", "stroke": "#e8590c", "stroke-width": 5}}, {"type": "Feature", "geometry": {"type": "LineString", "coordinates": [[20.990176, 52.222869], [20.990189, 52.222965], [20.990189, 52.222965], [20.990193, 52.222999], [20.990193, 52.222999], [20.990197, 52.22303], [20.990197, 52.223031], [20.990201, 52.223084], [20.990201, 52.223084], [20.990205, 52.223149], [20.990205, 52.223151], [20.990199, 52.223255], [20.990199, 52.223256], [20.990194, 52.223304], [20.990193, 52.223305], [20.990183, 52.223364]]}, "properties": {"kategoria": "do dodania", "osm_way": 137020850, "ulica": "Raszyńska", "kierunek": "północ", "wzgledem_linii_osm": "forward", "wskazowki": "mapa miasta (2021): Raszyńska, Filtrowa - Koszykowa — dni powszednie, 7-10 i 14-19", "stroke": "#e8590c", "stroke-width": 5}}, {"type": "Feature", "geometry": {"type": "LineString", "coordinates": [[21.018586, 52.168454], [21.018635, 52.168652], [21.018686, 52.168848], [21.018686, 52.16885], [21.018774, 52.169362]]}, "properties": {"kategoria": "do dodania", "osm_way": 137318213, "ulica": "Puławska", "kierunek": "północ", "wzgledem_linii_osm": "forward", "wskazowki": "mapa miasta (2021): Puławska, Dolina Służewiecka - Niedźwiedzia — dni powszednie, 6-10 i 14-19", "stroke": "#e8590c", "stroke-width": 5}}, {"type": "Feature", "geometry": {"type": "LineString", "coordinates": [[21.043957, 52.17534], [21.043929, 52.175126]]}, "properties": {"kategoria": "do dodania", "osm_way": 137318511, "ulica": "Aleja Generała Władysława Sikorskiego", "kierunek": "południe", "wzgledem_linii_osm": "forward", "wskazowki": "komunikat ZDM / zgłoszenie: Dolina Służewiecka / Aleja Generała Władysława Sikorskiego, ulica:Jana III Sobieskiego → ulica:Nowoursynowska (otwarty 2022-01-10)", "stroke": "#e8590c", "stroke-width": 5}}, {"type": "Feature", "geometry": {"type": "LineString", "coordinates": [[20.932456, 52.198648], [20.933698, 52.199475], [20.934322, 52.199889], [20.934322, 52.199889], [20.934939, 52.2003]]}, "properties": {"kategoria": "do dodania", "osm_way": 138157315, "ulica": "Aleje Jerozolimskie", "kierunek": "płn.-wschód", "wzgledem_linii_osm": "forward", "wskazowki": "mapa miasta (2021): Aleje Jerozolimskie, Łopuszańska - Dw. Zachodni — dni powszednie, 6-20", "stroke": "#e8590c", "stroke-width": 5}}, {"type": "Feature", "geometry": {"type": "LineString", "coordinates": [[21.014923, 52.216812], [21.015165, 52.216832], [21.015169, 52.216832], [21.01538, 52.216863], [21.015382, 52.216863], [21.015459, 52.216877], [21.015459, 52.216877], [21.015612, 52.216905]]}, "properties": {"kategoria": "do dodania", "osm_way": 138212573, "ulica": "Rondo Jazdy Polskiej", "kierunek": "wschód", "wzgledem_linii_osm": "forward", "wskazowki": "mapa miasta (2021): Grzymały-Sokołowskiego/Kopińska/Wawelska/al. Armii Ludowej/most Łazienkowski/al. Stanów Zjednoczonych, Szczęśliwicka - Kanał Gocławski — codziennie, całodobowo", "stroke": "#e8590c", "stroke-width": 5}}, {"type": "Feature", "geometry": {"type": "LineString", "coordinates": [[21.011514, 52.217271], [21.0104, 52.217315]]}, "properties": {"kategoria": "do dodania", "osm_way": 138212575, "ulica": "Aleja Armii Ludowej", "kierunek": "zachód", "wzgledem_linii_osm": "forward", "wskazowki": "mapa miasta (2021): Grzymały-Sokołowskiego/Kopińska/Wawelska/al. Armii Ludowej/most Łazienkowski/al. Stanów Zjednoczonych, Szczęśliwicka - Kanał Gocławski — codziennie, całodobowo | mapa miasta (2021): al. Stanów Zjednoczonych/most Łazienkowski/al. Armii Ludowej/Wawelska, Ostrobramska - Grójecka — codziennie, całodobowo", "stroke": "#e8590c", "stroke-width": 5}}, {"type": "Feature", "geometry": {"type": "LineString", "coordinates": [[20.97082, 52.323169], [20.969958, 52.324438], [20.969923, 52.324489], [20.969823, 52.32464], [20.969823, 52.32464], [20.969773, 52.324713], [20.9696, 52.324984], [20.968897, 52.326215]]}, "properties": {"kategoria": "do dodania", "osm_way": 140054143, "ulica": "Modlińska", "kierunek": "płn.-zachód", "wzgledem_linii_osm": "forward", "wskazowki": "komunikat ZDM / zgłoszenie: Modlińska, ulica:Aluzyjna → ulica:Elektronowa (otwarty 2023-12-20) | komunikat ZDM / zgłoszenie: Modlińska, ulica:Elektronowa → ulica:Aluzyjna (otwarty 2023-12-20)", "stroke": "#e8590c", "stroke-width": 5}}, {"type": "Feature", "geometry": {"type": "LineString", "coordinates": [[20.946562, 52.349805], [20.946275, 52.350153], [20.946275, 52.350153], [20.946238, 52.350197]]}, "properties": {"kategoria": "do dodania", "osm_way": 140054144, "ulica": "Modlińska", "kierunek": "płn.-zachód", "wzgledem_linii_osm": "forward", "wskazowki": "komunikat ZDM / zgłoszenie: Modlińska, ulica:Elektronowa → ulica:Aluzyjna (otwarty 2023-12-20)", "stroke": "#e8590c", "stroke-width": 5}}, {"type": "Feature", "geometry": {"type": "LineString", "coordinates": [[20.971058, 52.32217], [20.971124, 52.32208]]}, "properties": {"kategoria": "do dodania", "osm_way": 140054145, "ulica": "Modlińska", "kierunek": "płd.-wschód", "wzgledem_linii_osm": "forward", "wskazowki": "komunikat ZDM / zgłoszenie: Modlińska, ulica:Aluzyjna → ulica:Elektronowa (otwarty 2023-12-20) | komunikat ZDM / zgłoszenie: Modlińska, ulica:Elektronowa → ulica:Aluzyjna (otwarty 2023-12-20)", "stroke": "#e8590c", "stroke-width": 5}}, {"type": "Feature", "geometry": {"type": "LineString", "coordinates": [[20.948987, 52.347069], [20.94887, 52.3472], [20.948433, 52.347695], [20.948277, 52.347874], [20.94723, 52.349078]]}, "properties": {"kategoria": "do dodania", "osm_way": 140054147, "ulica": "Modlińska", "kierunek": "płn.-zachód", "wzgledem_linii_osm": "forward", "wskazowki": "komunikat ZDM / zgłoszenie: Modlińska, ulica:Aluzyjna → ulica:Elektronowa (otwarty 2023-12-20) | komunikat ZDM / zgłoszenie: Modlińska, ulica:Elektronowa → ulica:Aluzyjna (otwarty 2023-12-20)", "stroke": "#e8590c", "stroke-width": 5}}, {"type": "Feature", "geometry": {"type": "LineString", "coordinates": [[20.948681, 52.346791], [20.948702, 52.346764], [20.948702, 52.346763], [20.948964, 52.346454], [20.948964, 52.346454], [20.949182, 52.346202], [20.94948, 52.345847], [20.949754, 52.34552], [20.949754, 52.34552], [20.951147, 52.343865], [20.951147, 52.343865], [20.951196, 52.343807]]}, "properties": {"kategoria": "do dodania", "osm_way": 140054148, "ulica": "Modlińska", "kierunek": "płd.-wschód", "wzgledem_linii_osm": "forward", "wskazowki": "komunikat ZDM / zgłoszenie: Modlińska, ulica:Aluzyjna → ulica:Elektronowa (otwarty 2023-12-20) | komunikat ZDM / zgłoszenie: Modlińska, ulica:Elektronowa → ulica:Aluzyjna (otwarty 2023-12-20)", "stroke": "#e8590c", "stroke-width": 5}}, {"type": "Feature", "geometry": {"type": "LineString", "coordinates": [[21.000861, 52.244401], [21.000726, 52.244359], [21.000725, 52.244358], [21.000583, 52.244312], [21.000583, 52.244312], [20.999618, 52.243982]]}, "properties": {"kategoria": "do dodania", "osm_way": 141195560, "ulica": "Aleja „Solidarności”", "kierunek": "płd.-zachód", "wzgledem_linii_osm": "forward", "wskazowki": "mapa miasta (2021): al. Solidarności, Okopowa - Jagiellońska — codziennie, całodobowo | mapa miasta (2021): Radzymińska/most Śląsko-Dąbrowski/al. Solidarności, Krynoliny - Andersa — codziennie, całodobowo", "stroke": "#e8590c", "stroke-width": 5}}, {"type": "Feature", "geometry": {"type": "LineString", "coordinates": [[21.002722, 52.24275], [21.00276, 52.242722], [21.002946, 52.242578]]}, "properties": {"kategoria": "do dodania", "osm_way": 141195561, "ulica": "Plac Bankowy", "kierunek": "płd.-wschód", "wzgledem_linii_osm": "forward", "wskazowki": "mapa miasta (2021): pl. Bankowy, Senatorska - al. Solidarności — codziennie, całodobowo | mapa miasta (2021): pl. Bankowy, al. Solidarności - Senatorska — codziennie, całodobowo", "stroke": "#e8590c", "stroke-width": 5}}, {"type": "Feature", "geometry": {"type": "LineString", "coordinates": [[21.001097, 52.244075], [21.00122, 52.243945]]}, "properties": {"kategoria": "do dodania", "osm_way": 141195562, "ulica": "Plac Bankowy", "kierunek": "płd.-wschód", "wzgledem_linii_osm": "forward", "wskazowki": "mapa miasta (2021): pl. Bankowy, al. Solidarności - Senatorska — codziennie, całodobowo", "stroke": "#e8590c", "stroke-width": 5}}, {"type": "Feature", "geometry": {"type": "LineString", "coordinates": [[21.063617, 52.272814], [21.063559, 52.272746], [21.063558, 52.272746], [21.063445, 52.272605]]}, "properties": {"kategoria": "do dodania", "osm_way": 142903991, "ulica": "Radzymińska", "kierunek": "płd.-zachód", "wzgledem_linii_osm": "forward", "wskazowki": "mapa miasta (2021): Radzymińska/most Śląsko-Dąbrowski/al. Solidarności, Krynoliny - Andersa — codziennie, całodobowo", "stroke": "#e8590c", "stroke-width": 5}}, {"type": "Feature", "geometry": {"type": "LineString", "coordinates": [[20.980382, 52.310106], [20.980838, 52.309686], [20.980839, 52.309684], [20.981415, 52.309227], [20.98194, 52.308777]]}, "properties": {"kategoria": "do dodania", "osm_way": 143205200, "ulica": "Modlińska", "kierunek": "płd.-wschód", "wzgledem_linii_osm": "forward", "wskazowki": "mapa miasta (2021): Modlińska, Leliwitów - Elektronowa — dni powszednie, 6-10 | komunikat ZDM / zgłoszenie: Modlińska, ulica:Aluzyjna → ulica:Elektronowa (otwarty 2023-12-20) | komunikat ZDM / zgłoszenie: Modlińska, ulica:Elektronowa → ulica:Aluzyjna (otwarty 2023-12-20)", "stroke": "#e8590c", "stroke-width": 5}}, {"type": "Feature", "geometry": {"type": "LineString", "coordinates": [[20.971852, 52.32106], [20.971904, 52.320987], [20.972098, 52.320711], [20.972099, 52.320711], [20.972492, 52.32018], [20.97259, 52.320027], [20.972591, 52.320026], [20.972829, 52.319691], [20.972856, 52.319651], [20.972856, 52.31965], [20.972878, 52.31962], [20.973049, 52.319366], [20.973277, 52.319025], [20.973278, 52.319024], [20.973401, 52.318855]]}, "properties": {"kategoria": "do dodania", "osm_way": 143831362, "ulica": "Modlińska", "kierunek": "płd.-wschód", "wzgledem_linii_osm": "forward", "wskazowki": "komunikat ZDM / zgłoszenie: Modlińska, ulica:Aluzyjna → ulica:Elektronowa (otwarty 2023-12-20) | komunikat ZDM / zgłoszenie: Modlińska, ulica:Elektronowa → ulica:Aluzyjna (otwarty 2023-12-20)", "stroke": "#e8590c", "stroke-width": 5}}, {"type": "Feature", "geometry": {"type": "LineString", "coordinates": [[20.972547, 52.320702], [20.972383, 52.32094], [20.972261, 52.321116], [20.97221, 52.32119]]}, "properties": {"kategoria": "do dodania", "osm_way": 143831363, "ulica": "Modlińska", "kierunek": "płn.-zachód", "wzgledem_linii_osm": "forward", "wskazowki": "komunikat ZDM / zgłoszenie: Modlińska, ulica:Aluzyjna → ulica:Elektronowa (otwarty 2023-12-20) | komunikat ZDM / zgłoszenie: Modlińska, ulica:Elektronowa → ulica:Aluzyjna (otwarty 2023-12-20)", "stroke": "#e8590c", "stroke-width": 5}}, {"type": "Feature", "geometry": {"type": "LineString", "coordinates": [[21.017609, 52.141454], [21.017615, 52.141332], [21.017603, 52.141104]]}, "properties": {"kategoria": "do dodania", "osm_way": 144792703, "ulica": "Puławska", "kierunek": "południe", "wzgledem_linii_osm": "forward", "wskazowki": "komunikat ZDM / zgłoszenie: Puławska, granica → ulica:Rotmistrza Witolda Pileckiego (otwarty 2022-09-30) | komunikat ZDM / zgłoszenie: Puławska, ulica:Rotmistrza Witolda Pileckiego → granica (otwarty 2022-09-30)", "stroke": "#e8590c", "stroke-width": 5}}, {"type": "Feature", "geometry": {"type": "LineString", "coordinates": [[21.017895, 52.142113], [21.017892, 52.142344]]}, "properties": {"kategoria": "do dodania", "osm_way": 144792704, "ulica": "Puławska", "kierunek": "północ", "wzgledem_linii_osm": "forward", "wskazowki": "komunikat ZDM / zgłoszenie: Puławska, granica → ulica:Rotmistrza Witolda Pileckiego (otwarty 2022-09-30) | komunikat ZDM / zgłoszenie: Puławska, ulica:Rotmistrza Witolda Pileckiego → granica (otwarty 2022-09-30)", "stroke": "#e8590c", "stroke-width": 5}}, {"type": "Feature", "geometry": {"type": "LineString", "coordinates": [[21.002133, 52.228001], [21.001944, 52.227967], [21.001943, 52.227967], [21.001873, 52.227954], [21.001871, 52.227954], [21.001815, 52.227941], [21.001814, 52.227941], [21.001764, 52.227929], [21.00176, 52.227928], [21.001713, 52.227914], [21.001712, 52.227914], [21.001669, 52.2279], [21.001667, 52.227899], [21.001492, 52.227836]]}, "properties": {"kategoria": "do dodania", "osm_way": 147753134, "ulica": "Rondo Czterdziestolatka", "kierunek": "płd.-zachód", "wzgledem_linii_osm": "forward", "wskazowki": "mapa miasta (2021): Aleje Jerozolimskie, Wisłostrada - Miedziana — dni powszednie, 7-9 i 14-18", "stroke": "#e8590c", "stroke-width": 5}}, {"type": "Feature", "geometry": {"type": "LineString", "coordinates": [[21.011936, 52.229537], [21.012033, 52.229566], [21.012033, 52.229566], [21.012132, 52.229598], [21.012135, 52.229598], [21.012203, 52.229623], [21.012211, 52.229628], [21.012289, 52.229675]]}, "properties": {"kategoria": "do dodania", "osm_way": 147753147, "ulica": "Rondo Romana Dmowskiego", "kierunek": "płn.-wschód", "wzgledem_linii_osm": "forward", "wskazowki": "mapa miasta (2021): Grójecka/Aleje Jerozolimskie, Wawelska - Bracka — dni powszednie, 7-9 i 14-18", "stroke": "#e8590c", "stroke-width": 5}}, {"type": "Feature", "geometry": {"type": "LineString", "coordinates": [[21.016269, 52.217415], [21.016046, 52.217369], [21.015807, 52.217339], [21.015726, 52.217332], [21.01566, 52.217327], [21.015532, 52.21732]]}, "properties": {"kategoria": "do dodania", "osm_way": 148708381, "ulica": "Aleja Armii Ludowej", "kierunek": "zachód", "wzgledem_linii_osm": "forward", "wskazowki": "mapa miasta (2021): al. Stanów Zjednoczonych/most Łazienkowski/al. Armii Ludowej/Wawelska, Ostrobramska - Grójecka — codziennie, całodobowo", "stroke": "#e8590c", "stroke-width": 5}}, {"type": "Feature", "geometry": {"type": "LineString", "coordinates": [[21.017469, 52.148321], [21.01747, 52.148214], [21.017481, 52.147576], [21.017481, 52.147576], [21.017483, 52.147466], [21.017483, 52.147466], [21.017486, 52.147381], [21.017487, 52.14723]]}, "properties": {"kategoria": "do dodania", "osm_way": 148749604, "ulica": "Puławska", "kierunek": "południe", "wzgledem_linii_osm": "forward", "wskazowki": "komunikat ZDM / zgłoszenie: Puławska, granica → ulica:Rotmistrza Witolda Pileckiego (otwarty 2022-09-30) | komunikat ZDM / zgłoszenie: Puławska, ulica:Rotmistrza Witolda Pileckiego → granica (otwarty 2022-09-30)", "stroke": "#e8590c", "stroke-width": 5}}, {"type": "Feature", "geometry": {"type": "LineString", "coordinates": [[21.017587, 52.143612], [21.017585, 52.143528]]}, "properties": {"kategoria": "do dodania", "osm_way": 148749608, "ulica": "Puławska", "kierunek": "południe", "wzgledem_linii_osm": "forward", "wskazowki": "komunikat ZDM / zgłoszenie: Puławska, granica → ulica:Rotmistrza Witolda Pileckiego (otwarty 2022-09-30) | komunikat ZDM / zgłoszenie: Puławska, ulica:Rotmistrza Witolda Pileckiego → granica (otwarty 2022-09-30)", "stroke": "#e8590c", "stroke-width": 5}}, {"type": "Feature", "geometry": {"type": "LineString", "coordinates": [[21.017585, 52.143527], [21.017598, 52.143128], [21.017598, 52.143128], [21.017604, 52.142985], [21.01762, 52.142572], [21.017623, 52.142444], [21.017621, 52.142098]]}, "properties": {"kategoria": "do dodania", "osm_way": 148749609, "ulica": "Puławska", "kierunek": "południe", "wzgledem_linii_osm": "forward", "wskazowki": "komunikat ZDM / zgłoszenie: Puławska, granica → ulica:Rotmistrza Witolda Pileckiego (otwarty 2022-09-30) | komunikat ZDM / zgłoszenie: Puławska, ulica:Rotmistrza Witolda Pileckiego → granica (otwarty 2022-09-30)", "stroke": "#e8590c", "stroke-width": 5}}, {"type": "Feature", "geometry": {"type": "LineString", "coordinates": [[21.002443, 52.227564], [21.002494, 52.227578], [21.002877, 52.227685]]}, "properties": {"kategoria": "do dodania", "osm_way": 148750391, "ulica": "Aleje Jerozolimskie", "kierunek": "płn.-wschód", "wzgledem_linii_osm": "forward", "wskazowki": "mapa miasta (2021): Grójecka/Aleje Jerozolimskie, Wawelska - Bracka — dni powszednie, 7-9 i 14-18", "stroke": "#e8590c", "stroke-width": 5}}, {"type": "Feature", "geometry": {"type": "LineString", "coordinates": [[20.986268, 52.305997], [20.985473, 52.306691]]}, "properties": {"kategoria": "do dodania", "osm_way": 148868271, "ulica": "Modlińska", "kierunek": "płn.-zachód", "wzgledem_linii_osm": "forward", "wskazowki": "mapa miasta (2021): Modlińska, Leliwitów - Elektronowa — dni powszednie, 6-10 | komunikat ZDM / zgłoszenie: Modlińska, ulica:Aluzyjna → ulica:Elektronowa (otwarty 2023-12-20) | komunikat ZDM / zgłoszenie: Modlińska, ulica:Elektronowa → ulica:Aluzyjna (otwarty 2023-12-20)", "stroke": "#e8590c", "stroke-width": 5}}, {"type": "Feature", "geometry": {"type": "LineString", "coordinates": [[21.00101, 52.244447], [21.000861, 52.244401]]}, "properties": {"kategoria": "do dodania", "osm_way": 149725200, "ulica": "Aleja „Solidarności”", "kierunek": "płd.-zachód", "wzgledem_linii_osm": "forward", "wskazowki": "mapa miasta (2021): al. Solidarności, Okopowa - Jagiellońska — codziennie, całodobowo | mapa miasta (2021): Radzymińska/most Śląsko-Dąbrowski/al. Solidarności, Krynoliny - Andersa — codziennie, całodobowo", "stroke": "#e8590c", "stroke-width": 5}}, {"type": "Feature", "geometry": {"type": "LineString", "coordinates": [[21.00075, 52.244104], [21.000899, 52.244148], [21.001046, 52.244187]]}, "properties": {"kategoria": "do dodania", "osm_way": 149726628, "ulica": "Aleja „Solidarności”", "kierunek": "płn.-wschód", "wzgledem_linii_osm": "forward", "wskazowki": "mapa miasta (2021): al. Solidarności, Okopowa - Jagiellońska — codziennie, całodobowo | mapa miasta (2021): Radzymińska/most Śląsko-Dąbrowski/al. Solidarności, Krynoliny - Andersa — codziennie, całodobowo", "stroke": "#e8590c", "stroke-width": 5}}, {"type": "Feature", "geometry": {"type": "LineString", "coordinates": [[21.002183, 52.244912], [21.001279, 52.244533]]}, "properties": {"kategoria": "do dodania", "osm_way": 150407562, "ulica": "Aleja „Solidarności”", "kierunek": "płd.-zachód", "wzgledem_linii_osm": "forward", "wskazowki": "mapa miasta (2021): al. Solidarności, Okopowa - Jagiellońska — codziennie, całodobowo | mapa miasta (2021): Radzymińska/most Śląsko-Dąbrowski/al. Solidarności, Krynoliny - Andersa — codziennie, całodobowo", "stroke": "#e8590c", "stroke-width": 5}}, {"type": "Feature", "geometry": {"type": "LineString", "coordinates": [[21.015837, 52.216954], [21.016196, 52.217047]]}, "properties": {"kategoria": "do dodania", "osm_way": 150835070, "ulica": "Aleja Armii Ludowej", "kierunek": "płn.-wschód", "wzgledem_linii_osm": "forward", "wskazowki": "mapa miasta (2021): Grzymały-Sokołowskiego/Kopińska/Wawelska/al. Armii Ludowej/most Łazienkowski/al. Stanów Zjednoczonych, Szczęśliwicka - Kanał Gocławski — codziennie, całodobowo", "stroke": "#e8590c", "stroke-width": 5}}, {"type": "Feature", "geometry": {"type": "LineString", "coordinates": [[20.974549, 52.31692], [20.974556, 52.316824], [20.974556, 52.316822], [20.974575, 52.31673], [20.974585, 52.316652], [20.974588, 52.316575], [20.974563, 52.316488], [20.974555, 52.316464], [20.974547, 52.316446], [20.974531, 52.31641], [20.974531, 52.31641], [20.974528, 52.316403], [20.974506, 52.316368], [20.974461, 52.316313], [20.974402, 52.316254], [20.974306, 52.316159]]}, "properties": {"kategoria": "do dodania", "osm_way": 157397681, "ulica": "61", "kierunek": "południe", "wzgledem_linii_osm": "forward", "wskazowki": "mapa miasta (2021): Modlińska, Leliwitów - Elektronowa — dni powszednie, 6-10", "stroke": "#e8590c", "stroke-width": 5}}, {"type": "Feature", "geometry": {"type": "LineString", "coordinates": [[20.999295, 52.294326], [20.999123, 52.294476], [20.999122, 52.294476], [20.998902, 52.294659], [20.998902, 52.294659], [20.998588, 52.294916], [20.998588, 52.294916], [20.99827, 52.295174], [20.998268, 52.295176], [20.998142, 52.29526], [20.998138, 52.295263], [20.997942, 52.295366]]}, "properties": {"kategoria": "do dodania", "osm_way": 157665852, "ulica": "", "kierunek": "płn.-zachód", "wzgledem_linii_osm": "forward", "wskazowki": "komunikat ZDM / zgłoszenie: Modlińska, ulica:Aluzyjna → ulica:Elektronowa (otwarty 2023-12-20) | komunikat ZDM / zgłoszenie: Modlińska, ulica:Elektronowa → ulica:Aluzyjna (otwarty 2023-12-20)", "stroke": "#e8590c", "stroke-width": 5}}, {"type": "Feature", "geometry": {"type": "LineString", "coordinates": [[21.003214, 52.242699], [21.003054, 52.242828], [21.003053, 52.242828], [21.002646, 52.243138], [21.002591, 52.243184], [21.002589, 52.243185], [21.002095, 52.243544]]}, "properties": {"kategoria": "do dodania", "osm_way": 158059127, "ulica": "Plac Bankowy", "kierunek": "płn.-zachód", "wzgledem_linii_osm": "forward", "wskazowki": "mapa miasta (2021): pl. Bankowy, Senatorska - al. Solidarności — codziennie, całodobowo | mapa miasta (2021): pl. Bankowy, al. Solidarności - Senatorska — codziennie, całodobowo", "stroke": "#e8590c", "stroke-width": 5}}, {"type": "Feature", "geometry": {"type": "LineString", "coordinates": [[21.017604, 52.141106], [21.017586, 52.140978], [21.017541, 52.140755], [21.017492, 52.140567], [21.017492, 52.140566], [21.017461, 52.1404], [21.017461, 52.140399], [21.017431, 52.140197], [21.017431, 52.140197], [21.017422, 52.140108], [21.017414, 52.140031], [21.017414, 52.14003], [21.017401, 52.139881]]}, "properties": {"kategoria": "do dodania", "osm_way": 159537712, "ulica": "Puławska", "kierunek": "południe", "wzgledem_linii_osm": "forward", "wskazowki": "komunikat ZDM / zgłoszenie: Puławska, ulica:Rotmistrza Witolda Pileckiego → granica (otwarty 2022-09-30)", "stroke": "#e8590c", "stroke-width": 5}}, {"type": "Feature", "geometry": {"type": "LineString", "coordinates": [[20.975844, 52.31636], [20.975774, 52.316467], [20.975769, 52.316472], [20.975746, 52.316494]]}, "properties": {"kategoria": "do dodania", "osm_way": 162925062, "ulica": "Rondo Bydgoskie", "kierunek": "płn.-zachód", "wzgledem_linii_osm": "forward", "wskazowki": "komunikat ZDM / zgłoszenie: Modlińska, ulica:Elektronowa → ulica:Aluzyjna (otwarty 2023-12-20)", "stroke": "#e8590c", "stroke-width": 5}}, {"type": "Feature", "geometry": {"type": "LineString", "coordinates": [[20.97521, 52.315959], [20.975296, 52.31586], [20.975323, 52.315829], [20.975323, 52.315829], [20.975342, 52.315807], [20.975343, 52.315807], [20.975535, 52.315604], [20.975643, 52.315463], [20.976141, 52.314754]]}, "properties": {"kategoria": "do dodania", "osm_way": 162925063, "ulica": "Modlińska", "kierunek": "płd.-wschód", "wzgledem_linii_osm": "forward", "wskazowki": "mapa miasta (2021): Modlińska, Leliwitów - Elektronowa — dni powszednie, 6-10 | komunikat ZDM / zgłoszenie: Modlińska, ulica:Aluzyjna → ulica:Elektronowa (otwarty 2023-12-20) | komunikat ZDM / zgłoszenie: Modlińska, ulica:Elektronowa → ulica:Aluzyjna (otwarty 2023-12-20)", "stroke": "#e8590c", "stroke-width": 5}}, {"type": "Feature", "geometry": {"type": "LineString", "coordinates": [[21.017914, 52.128728], [21.017915, 52.128627], [21.017915, 52.128626], [21.017922, 52.128415], [21.017924, 52.128366]]}, "properties": {"kategoria": "do dodania", "osm_way": 163056686, "ulica": "Puławska", "kierunek": "południe", "wzgledem_linii_osm": "forward", "wskazowki": "komunikat ZDM / zgłoszenie: Puławska, granica → ulica:Rotmistrza Witolda Pileckiego (otwarty 2022-09-30) | komunikat ZDM / zgłoszenie: Puławska, ulica:Rotmistrza Witolda Pileckiego → granica (otwarty 2022-09-30)", "stroke": "#e8590c", "stroke-width": 5}}, {"type": "Feature", "geometry": {"type": "LineString", "coordinates": [[20.945505, 52.207348], [20.945663, 52.20745], [20.945664, 52.207451], [20.945882, 52.207601]]}, "properties": {"kategoria": "do dodania", "osm_way": 164825644, "ulica": "Aleje Jerozolimskie", "kierunek": "płn.-wschód", "wzgledem_linii_osm": "forward", "wskazowki": "mapa miasta (2021): Aleje Jerozolimskie, Łopuszańska - Dw. Zachodni — dni powszednie, 6-20", "stroke": "#e8590c", "stroke-width": 5}}, {"type": "Feature", "geometry": {"type": "LineString", "coordinates": [[20.932451, 52.198645], [20.932961, 52.198885], [20.932965, 52.198887], [20.933501, 52.199217], [20.933503, 52.199218], [20.934368, 52.199791]]}, "properties": {"kategoria": "do dodania", "osm_way": 164825648, "ulica": "Aleje Jerozolimskie", "kierunek": "płn.-wschód", "wzgledem_linii_osm": "forward", "wskazowki": "mapa miasta (2021): Aleje Jerozolimskie, Łopuszańska - Dw. Zachodni — dni powszednie, 6-20", "stroke": "#e8590c", "stroke-width": 5}}, {"type": "Feature", "geometry": {"type": "LineString", "coordinates": [[20.957669, 52.338026], [20.957913, 52.337815], [20.958238, 52.337535], [20.958557, 52.337259], [20.959094, 52.336795], [20.959352, 52.336573], [20.959663, 52.336304], [20.959755, 52.336225], [20.959984, 52.336027], [20.96058, 52.335512], [20.96058, 52.335512], [20.961154, 52.335026], [20.961154, 52.335025], [20.961423, 52.33481]]}, "properties": {"kategoria": "do dodania", "osm_way": 172917041, "ulica": "Modlińska", "kierunek": "płd.-wschód", "wzgledem_linii_osm": "forward", "wskazowki": "komunikat ZDM / zgłoszenie: Modlińska, ulica:Aluzyjna → ulica:Elektronowa (otwarty 2023-12-20) | komunikat ZDM / zgłoszenie: Modlińska, ulica:Elektronowa → ulica:Aluzyjna (otwarty 2023-12-20)", "stroke": "#e8590c", "stroke-width": 5}}, {"type": "Feature", "geometry": {"type": "LineString", "coordinates": [[20.946554, 52.349812], [20.946434, 52.349887], [20.946433, 52.349888], [20.946391, 52.349911], [20.946386, 52.349913], [20.946321, 52.349941], [20.946317, 52.349943], [20.946261, 52.349961], [20.946251, 52.349963], [20.94617, 52.349975], [20.946163, 52.349976], [20.946124, 52.349978], [20.946118, 52.349978], [20.946058, 52.349977]]}, "properties": {"kategoria": "do dodania", "osm_way": 173018359, "ulica": "Aluzyjna", "kierunek": "płn.-zachód", "wzgledem_linii_osm": "forward", "wskazowki": "komunikat ZDM / zgłoszenie: Modlińska, ulica:Elektronowa → ulica:Aluzyjna (otwarty 2023-12-20)", "stroke": "#e8590c", "stroke-width": 5}}, {"type": "Feature", "geometry": {"type": "LineString", "coordinates": [[20.983334, 52.307905], [20.983318, 52.307856], [20.983317, 52.307852], [20.983315, 52.307801], [20.983315, 52.307796], [20.983317, 52.307791], [20.983384, 52.307673]]}, "properties": {"kategoria": "do dodania", "osm_way": 173169647, "ulica": "Płochocińska", "kierunek": "południe", "wzgledem_linii_osm": "forward", "wskazowki": "mapa miasta (2021): Modlińska, Leliwitów - Elektronowa — dni powszednie, 6-10 | komunikat ZDM / zgłoszenie: Modlińska, ulica:Aluzyjna → ulica:Elektronowa (otwarty 2023-12-20) | komunikat ZDM / zgłoszenie: Modlińska, ulica:Elektronowa → ulica:Aluzyjna (otwarty 2023-12-20)", "stroke": "#e8590c", "stroke-width": 5}}, {"type": "Feature", "geometry": {"type": "LineString", "coordinates": [[21.06619, 52.204575], [21.066017, 52.204628], [21.065621, 52.204773], [21.06526, 52.204931], [21.064938, 52.2051], [21.064514, 52.205354]]}, "properties": {"kategoria": "do dodania", "osm_way": 173695028, "ulica": "Aleja Polski Walczącej", "kierunek": "płn.-zachód", "wzgledem_linii_osm": "forward", "wskazowki": "mapa miasta (2021): al. Polski Walczącej, Batalionu AK \"Bałtyk\" - Zwierzyniecka — codziennie, całodobowo | mapa miasta (2021): al. Polski Walczącej, Melomanów - Batalionu AK \"Bałtyk\" — codziennie, całodobowo", "stroke": "#e8590c", "stroke-width": 5}}, {"type": "Feature", "geometry": {"type": "LineString", "coordinates": [[21.04626, 52.187438], [21.046318, 52.187779], [21.046346, 52.1879], [21.046384, 52.188046], [21.046419, 52.188172]]}, "properties": {"kategoria": "do dodania", "osm_way": 173865553, "ulica": "Aleja Generała Władysława Sikorskiego", "kierunek": "północ", "wzgledem_linii_osm": "forward", "wskazowki": "komunikat ZDM / zgłoszenie: Dolina Służewiecka / Aleja Generała Władysława Sikorskiego, ulica:Nowoursynowska → ulica:Jana III Sobieskiego (otwarty 2022-01-10) | komunikat ZDM / zgłoszenie: Dolina Służewiecka / Aleja Generała Władysława Sikorskiego, ulica:Jana III Sobieskiego → ulica:Nowoursynowska (otwarty 2022-01-10)", "stroke": "#e8590c", "stroke-width": 5}}, {"type": "Feature", "geometry": {"type": "LineString", "coordinates": [[21.045946, 52.185248], [21.045989, 52.185557], [21.045997, 52.185608], [21.045997, 52.185608], [21.046003, 52.185652], [21.046021, 52.185782]]}, "properties": {"kategoria": "do dodania", "osm_way": 173865554, "ulica": "Aleja Generała Władysława Sikorskiego", "kierunek": "północ", "wzgledem_linii_osm": "forward", "wskazowki": "komunikat ZDM / zgłoszenie: Dolina Służewiecka / Aleja Generała Władysława Sikorskiego, ulica:Nowoursynowska → ulica:Jana III Sobieskiego (otwarty 2022-01-10) | komunikat ZDM / zgłoszenie: Dolina Służewiecka / Aleja Generała Władysława Sikorskiego, ulica:Jana III Sobieskiego → ulica:Nowoursynowska (otwarty 2022-01-10)", "stroke": "#e8590c", "stroke-width": 5}}, {"type": "Feature", "geometry": {"type": "LineString", "coordinates": [[21.046137, 52.186596], [21.04626, 52.187438]]}, "properties": {"kategoria": "do dodania", "osm_way": 173865555, "ulica": "Aleja Generała Władysława Sikorskiego", "kierunek": "północ", "wzgledem_linii_osm": "forward", "wskazowki": "komunikat ZDM / zgłoszenie: Dolina Służewiecka / Aleja Generała Władysława Sikorskiego, ulica:Nowoursynowska → ulica:Jana III Sobieskiego (otwarty 2022-01-10) | komunikat ZDM / zgłoszenie: Dolina Służewiecka / Aleja Generała Władysława Sikorskiego, ulica:Jana III Sobieskiego → ulica:Nowoursynowska (otwarty 2022-01-10)", "stroke": "#e8590c", "stroke-width": 5}}, {"type": "Feature", "geometry": {"type": "LineString", "coordinates": [[21.04566, 52.183213], [21.045727, 52.18367], [21.045727, 52.18367], [21.045774, 52.18405]]}, "properties": {"kategoria": "do dodania", "osm_way": 173865556, "ulica": "Aleja Generała Władysława Sikorskiego", "kierunek": "północ", "wzgledem_linii_osm": "forward", "wskazowki": "komunikat ZDM / zgłoszenie: Dolina Służewiecka / Aleja Generała Władysława Sikorskiego, ulica:Nowoursynowska → ulica:Jana III Sobieskiego (otwarty 2022-01-10) | komunikat ZDM / zgłoszenie: Dolina Służewiecka / Aleja Generała Władysława Sikorskiego, ulica:Jana III Sobieskiego → ulica:Nowoursynowska (otwarty 2022-01-10)", "stroke": "#e8590c", "stroke-width": 5}}, {"type": "Feature", "geometry": {"type": "LineString", "coordinates": [[21.046747, 52.189058], [21.046925, 52.18951], [21.046952, 52.189577]]}, "properties": {"kategoria": "do dodania", "osm_way": 173865557, "ulica": "Aleja Generała Władysława Sikorskiego", "kierunek": "północ", "wzgledem_linii_osm": "forward", "wskazowki": "komunikat ZDM / zgłoszenie: Dolina Służewiecka / Aleja Generała Władysława Sikorskiego, ulica:Nowoursynowska → ulica:Jana III Sobieskiego (otwarty 2022-01-10)", "stroke": "#e8590c", "stroke-width": 5}}, {"type": "Feature", "geometry": {"type": "LineString", "coordinates": [[21.04449, 52.175223], [21.044517, 52.175451]]}, "properties": {"kategoria": "do dodania", "osm_way": 174136315, "ulica": "Aleja Generała Władysława Sikorskiego", "kierunek": "północ", "wzgledem_linii_osm": "forward", "wskazowki": "komunikat ZDM / zgłoszenie: Dolina Służewiecka / Aleja Generała Władysława Sikorskiego, ulica:Nowoursynowska → ulica:Jana III Sobieskiego (otwarty 2022-01-10)", "stroke": "#e8590c", "stroke-width": 5}}, {"type": "Feature", "geometry": {"type": "LineString", "coordinates": [[21.000167, 52.293304], [21.000064, 52.293422], [21.000062, 52.293424], [20.99998, 52.2935], [20.99998, 52.2935], [20.999819, 52.293647], [20.999794, 52.293669]]}, "properties": {"kategoria": "do dodania", "osm_way": 174153224, "ulica": "Modlińska", "kierunek": "płn.-zachód", "wzgledem_linii_osm": "forward", "wskazowki": "komunikat ZDM / zgłoszenie: Modlińska, ulica:Aluzyjna → ulica:Elektronowa (otwarty 2023-12-20) | komunikat ZDM / zgłoszenie: Modlińska, ulica:Elektronowa → ulica:Aluzyjna (otwarty 2023-12-20)", "stroke": "#e8590c", "stroke-width": 5}}, {"type": "Feature", "geometry": {"type": "LineString", "coordinates": [[20.999431, 52.293541], [20.999443, 52.29349], [20.999443, 52.293488], [20.999469, 52.293414], [20.999471, 52.29341], [20.999517, 52.293337], [20.999518, 52.293336], [20.999556, 52.293279], [20.999587, 52.293223], [20.999612, 52.293178]]}, "properties": {"kategoria": "do dodania", "osm_way": 174153246, "ulica": "", "kierunek": "południe", "wzgledem_linii_osm": "forward", "wskazowki": "komunikat ZDM / zgłoszenie: Modlińska, ulica:Aluzyjna → ulica:Elektronowa (otwarty 2023-12-20) | komunikat ZDM / zgłoszenie: Modlińska, ulica:Elektronowa → ulica:Aluzyjna (otwarty 2023-12-20)", "stroke": "#e8590c", "stroke-width": 5}}, {"type": "Feature", "geometry": {"type": "LineString", "coordinates": [[21.012335, 52.217006], [21.012477, 52.216998], [21.012618, 52.216988], [21.012889, 52.216968], [21.013148, 52.216949]]}, "properties": {"kategoria": "do dodania", "osm_way": 175020998, "ulica": "Aleja Armii Ludowej", "kierunek": "wschód", "wzgledem_linii_osm": "forward", "wskazowki": "mapa miasta (2021): Grzymały-Sokołowskiego/Kopińska/Wawelska/al. Armii Ludowej/most Łazienkowski/al. Stanów Zjednoczonych, Szczęśliwicka - Kanał Gocławski — codziennie, całodobowo | mapa miasta (2021): al. Stanów Zjednoczonych/most Łazienkowski/al. Armii Ludowej/Wawelska, Ostrobramska - Grójecka — codziennie, całodobowo", "stroke": "#e8590c", "stroke-width": 5}}, {"type": "Feature", "geometry": {"type": "LineString", "coordinates": [[20.980477, 52.310416], [20.979657, 52.311045], [20.979397, 52.311261], [20.979155, 52.311491]]}, "properties": {"kategoria": "do dodania", "osm_way": 177233388, "ulica": "Modlińska", "kierunek": "płn.-zachód", "wzgledem_linii_osm": "forward", "wskazowki": "mapa miasta (2021): Modlińska, Leliwitów - Elektronowa — dni powszednie, 6-10 | komunikat ZDM / zgłoszenie: Modlińska, ulica:Aluzyjna → ulica:Elektronowa (otwarty 2023-12-20) | komunikat ZDM / zgłoszenie: Modlińska, ulica:Elektronowa → ulica:Aluzyjna (otwarty 2023-12-20)", "stroke": "#e8590c", "stroke-width": 5}}, {"type": "Feature", "geometry": {"type": "LineString", "coordinates": [[20.985933, 52.305825], [20.987309, 52.304775]]}, "properties": {"kategoria": "do dodania", "osm_way": 177395109, "ulica": "Modlińska", "kierunek": "płd.-wschód", "wzgledem_linii_osm": "forward", "wskazowki": "mapa miasta (2021): Modlińska, Leliwitów - Elektronowa — dni powszednie, 6-10 | komunikat ZDM / zgłoszenie: Modlińska, ulica:Aluzyjna → ulica:Elektronowa (otwarty 2023-12-20) | komunikat ZDM / zgłoszenie: Modlińska, ulica:Elektronowa → ulica:Aluzyjna (otwarty 2023-12-20)", "stroke": "#e8590c", "stroke-width": 5}}, {"type": "Feature", "geometry": {"type": "LineString", "coordinates": [[20.97221, 52.32119], [20.972019, 52.321444], [20.971799, 52.321796], [20.971799, 52.321797], [20.97158, 52.322113]]}, "properties": {"kategoria": "do dodania", "osm_way": 178135941, "ulica": "Modlińska", "kierunek": "płn.-zachód", "wzgledem_linii_osm": "forward", "wskazowki": "komunikat ZDM / zgłoszenie: Modlińska, ulica:Aluzyjna → ulica:Elektronowa (otwarty 2023-12-20) | komunikat ZDM / zgłoszenie: Modlińska, ulica:Elektronowa → ulica:Aluzyjna (otwarty 2023-12-20)", "stroke": "#e8590c", "stroke-width": 5}}, {"type": "Feature", "geometry": {"type": "LineString", "coordinates": [[20.984332, 52.30759], [20.9838, 52.308011]]}, "properties": {"kategoria": "do dodania", "osm_way": 178407390, "ulica": "Modlińska", "kierunek": "płn.-zachód", "wzgledem_linii_osm": "forward", "wskazowki": "komunikat ZDM / zgłoszenie: Modlińska, ulica:Aluzyjna → ulica:Elektronowa (otwarty 2023-12-20) | komunikat ZDM / zgłoszenie: Modlińska, ulica:Elektronowa → ulica:Aluzyjna (otwarty 2023-12-20)", "stroke": "#e8590c", "stroke-width": 5}}, {"type": "Feature", "geometry": {"type": "LineString", "coordinates": [[20.98067, 52.28073], [20.97729, 52.279083]]}, "properties": {"kategoria": "do dodania", "osm_way": 178457351, "ulica": "Aleja Armii Krajowej", "kierunek": "płd.-zachód", "wzgledem_linii_osm": "forward", "wskazowki": "mapa miasta (2021): al. Armii Krajowej, Gwiaździsta - Mickiewicza — codziennie, całodobowo", "stroke": "#e8590c", "stroke-width": 5}}, {"type": "Feature", "geometry": {"type": "LineString", "coordinates": [[20.97569, 52.278011], [20.976885, 52.278622], [20.978511, 52.279431], [20.978754, 52.27955]]}, "properties": {"kategoria": "do dodania", "osm_way": 178457353, "ulica": "Aleja Armii Krajowej", "kierunek": "płn.-wschód", "wzgledem_linii_osm": "forward", "wskazowki": "mapa miasta (2021): al. Armii Krajowej, Gdańska - Mickiewicza — codziennie, całodobowo | mapa miasta (2021): al. Armii Krajowej, Gwiaździsta - Mickiewicza — codziennie, całodobowo", "stroke": "#e8590c", "stroke-width": 5}}, {"type": "Feature", "geometry": {"type": "LineString", "coordinates": [[20.961422, 52.334811], [20.96158, 52.334672], [20.961632, 52.334623]]}, "properties": {"kategoria": "do dodania", "osm_way": 178618225, "ulica": "Modlińska", "kierunek": "płd.-wschód", "wzgledem_linii_osm": "forward", "wskazowki": "komunikat ZDM / zgłoszenie: Modlińska, ulica:Aluzyjna → ulica:Elektronowa (otwarty 2023-12-20) | komunikat ZDM / zgłoszenie: Modlińska, ulica:Elektronowa → ulica:Aluzyjna (otwarty 2023-12-20)", "stroke": "#e8590c", "stroke-width": 5}}, {"type": "Feature", "geometry": {"type": "LineString", "coordinates": [[20.965799, 52.331505], [20.965328, 52.331939], [20.965328, 52.331939], [20.964751, 52.332453], [20.964751, 52.332454], [20.963012, 52.333886], [20.962951, 52.333936]]}, "properties": {"kategoria": "do dodania", "osm_way": 178618228, "ulica": "Modlińska", "kierunek": "płn.-zachód", "wzgledem_linii_osm": "forward", "wskazowki": "komunikat ZDM / zgłoszenie: Modlińska, ulica:Aluzyjna → ulica:Elektronowa (otwarty 2023-12-20) | komunikat ZDM / zgłoszenie: Modlińska, ulica:Elektronowa → ulica:Aluzyjna (otwarty 2023-12-20)", "stroke": "#e8590c", "stroke-width": 5}}, {"type": "Feature", "geometry": {"type": "LineString", "coordinates": [[20.961727, 52.334998], [20.96151, 52.335186], [20.961065, 52.335571], [20.961025, 52.335607], [20.961024, 52.335608], [20.959468, 52.336936], [20.959036, 52.337304], [20.95807, 52.338138], [20.958016, 52.338184], [20.958016, 52.338184], [20.957443, 52.338677], [20.957443, 52.338677], [20.95555, 52.340262]]}, "properties": {"kategoria": "do dodania", "osm_way": 178618230, "ulica": "Modlińska", "kierunek": "płn.-zachód", "wzgledem_linii_osm": "forward", "wskazowki": "komunikat ZDM / zgłoszenie: Modlińska, ulica:Aluzyjna → ulica:Elektronowa (otwarty 2023-12-20) | komunikat ZDM / zgłoszenie: Modlińska, ulica:Elektronowa → ulica:Aluzyjna (otwarty 2023-12-20)", "stroke": "#e8590c", "stroke-width": 5}}, {"type": "Feature", "geometry": {"type": "LineString", "coordinates": [[21.04592, 52.188207], [21.04591, 52.188065], [21.045772, 52.186286], [21.045727, 52.185929], [21.045727, 52.185929], [21.04571, 52.1858], [21.045687, 52.185671], [21.045679, 52.185627], [21.045459, 52.184417]]}, "properties": {"kategoria": "do dodania", "osm_way": 178860648, "ulica": "Aleja Generała Władysława Sikorskiego", "kierunek": "południe", "wzgledem_linii_osm": "forward", "wskazowki": "komunikat ZDM / zgłoszenie: Dolina Służewiecka / Aleja Generała Władysława Sikorskiego, ulica:Nowoursynowska → ulica:Jana III Sobieskiego (otwarty 2022-01-10) | komunikat ZDM / zgłoszenie: Dolina Służewiecka / Aleja Generała Władysława Sikorskiego, ulica:Jana III Sobieskiego → ulica:Nowoursynowska (otwarty 2022-01-10)", "stroke": "#e8590c", "stroke-width": 5}}, {"type": "Feature", "geometry": {"type": "LineString", "coordinates": [[20.976507, 52.314425], [20.97674, 52.314097], [20.976907, 52.313861], [20.976907, 52.31386], [20.976945, 52.313808], [20.977187, 52.313476], [20.977605, 52.312902], [20.977802, 52.312632], [20.977802, 52.312632], [20.977835, 52.312587], [20.978014, 52.312334]]}, "properties": {"kategoria": "do dodania", "osm_way": 179245141, "ulica": "Modlińska", "kierunek": "płd.-wschód", "wzgledem_linii_osm": "forward", "wskazowki": "mapa miasta (2021): Modlińska, Leliwitów - Elektronowa — dni powszednie, 6-10 | komunikat ZDM / zgłoszenie: Modlińska, ulica:Aluzyjna → ulica:Elektronowa (otwarty 2023-12-20) | komunikat ZDM / zgłoszenie: Modlińska, ulica:Elektronowa → ulica:Aluzyjna (otwarty 2023-12-20)", "stroke": "#e8590c", "stroke-width": 5}}, {"type": "Feature", "geometry": {"type": "LineString", "coordinates": [[20.9734, 52.318856], [20.973537, 52.318657], [20.973538, 52.318657], [20.973689, 52.31844], [20.973827, 52.318241]]}, "properties": {"kategoria": "do dodania", "osm_way": 179245142, "ulica": "Modlińska", "kierunek": "płd.-wschód", "wzgledem_linii_osm": "forward", "wskazowki": "komunikat ZDM / zgłoszenie: Modlińska, ulica:Aluzyjna → ulica:Elektronowa (otwarty 2023-12-20) | komunikat ZDM / zgłoszenie: Modlińska, ulica:Elektronowa → ulica:Aluzyjna (otwarty 2023-12-20)", "stroke": "#e8590c", "stroke-width": 5}}, {"type": "Feature", "geometry": {"type": "LineString", "coordinates": [[20.974478, 52.317933], [20.974275, 52.318234], [20.974275, 52.318234], [20.974002, 52.318616], [20.973669, 52.319089], [20.973669, 52.31909], [20.973418, 52.319436], [20.97321, 52.319735], [20.972979, 52.320073]]}, "properties": {"kategoria": "do dodania", "osm_way": 179245145, "ulica": "Modlińska", "kierunek": "płn.-zachód", "wzgledem_linii_osm": "forward", "wskazowki": "komunikat ZDM / zgłoszenie: Modlińska, ulica:Aluzyjna → ulica:Elektronowa (otwarty 2023-12-20) | komunikat ZDM / zgłoszenie: Modlińska, ulica:Elektronowa → ulica:Aluzyjna (otwarty 2023-12-20)", "stroke": "#e8590c", "stroke-width": 5}}, {"type": "Feature", "geometry": {"type": "LineString", "coordinates": [[20.960554, 52.310969], [20.960327, 52.310884]]}, "properties": {"kategoria": "do dodania", "osm_way": 179246016, "ulica": "Aleja Pułkownika Ryszarda Kuklińskiego", "kierunek": "płd.-zachód", "wzgledem_linii_osm": "forward", "wskazowki": "mapa miasta (2021): al. Kuklińskiego, Świderska - Myśliborska — codziennie, całodobowo", "stroke": "#e8590c", "stroke-width": 5}}, {"type": "Feature", "geometry": {"type": "LineString", "coordinates": [[20.960326, 52.310884], [20.959593, 52.310594], [20.958782, 52.310277], [20.958781, 52.310277], [20.95807, 52.30998], [20.958068, 52.309979], [20.957367, 52.309661], [20.957366, 52.309661], [20.957032, 52.309504]]}, "properties": {"kategoria": "do dodania", "osm_way": 179246022, "ulica": "Aleja Pułkownika Ryszarda Kuklińskiego", "kierunek": "płd.-zachód", "wzgledem_linii_osm": "forward", "wskazowki": "mapa miasta (2021): al. Kuklińskiego, Świderska - Myśliborska — codziennie, całodobowo", "stroke": "#e8590c", "stroke-width": 5}}, {"type": "Feature", "geometry": {"type": "LineString", "coordinates": [[21.044684, 52.224529], [21.044065, 52.224396]]}, "properties": {"kategoria": "do dodania", "osm_way": 179440601, "ulica": "Most Łazienkowski", "kierunek": "zachód", "wzgledem_linii_osm": "forward", "wskazowki": "mapa miasta (2021): Grzymały-Sokołowskiego/Kopińska/Wawelska/al. Armii Ludowej/most Łazienkowski/al. Stanów Zjednoczonych, Szczęśliwicka - Kanał Gocławski — codziennie, całodobowo | mapa miasta (2021): al. Stanów Zjednoczonych/most Łazienkowski/al. Armii Ludowej/Wawelska, Ostrobramska - Grójecka — codziennie, całodobowo", "stroke": "#e8590c", "stroke-width": 5}}, {"type": "Feature", "geometry": {"type": "LineString", "coordinates": [[20.983803, 52.308009], [20.983739, 52.308071], [20.98371, 52.308099]]}, "properties": {"kategoria": "do dodania", "osm_way": 180572927, "ulica": "Modlińska", "kierunek": "płn.-zachód", "wzgledem_linii_osm": "forward", "wskazowki": "komunikat ZDM / zgłoszenie: Modlińska, ulica:Aluzyjna → ulica:Elektronowa (otwarty 2023-12-20) | komunikat ZDM / zgłoszenie: Modlińska, ulica:Elektronowa → ulica:Aluzyjna (otwarty 2023-12-20)", "stroke": "#e8590c", "stroke-width": 5}}, {"type": "Feature", "geometry": {"type": "LineString", "coordinates": [[20.983709, 52.3081], [20.983627, 52.308169], [20.983626, 52.30817], [20.983516, 52.308257], [20.983406, 52.308343]]}, "properties": {"kategoria": "do dodania", "osm_way": 180572928, "ulica": "Modlińska", "kierunek": "płn.-zachód", "wzgledem_linii_osm": "forward", "wskazowki": "komunikat ZDM / zgłoszenie: Modlińska, ulica:Aluzyjna → ulica:Elektronowa (otwarty 2023-12-20) | komunikat ZDM / zgłoszenie: Modlińska, ulica:Elektronowa → ulica:Aluzyjna (otwarty 2023-12-20)", "stroke": "#e8590c", "stroke-width": 5}}, {"type": "Feature", "geometry": {"type": "LineString", "coordinates": [[21.035955, 52.222095], [21.03587, 52.222111], [21.035863, 52.222112], [21.035821, 52.222116], [21.035815, 52.222116], [21.035765, 52.222117], [21.035761, 52.222116], [21.035713, 52.222114], [21.035706, 52.222113], [21.035651, 52.222104], [21.035646, 52.222103], [21.035493, 52.222066]]}, "properties": {"kategoria": "do dodania", "osm_way": 182832302, "ulica": "Rondo Stanisława Sedlaczka", "kierunek": "zachód", "wzgledem_linii_osm": "forward", "wskazowki": "mapa miasta (2021): Grzymały-Sokołowskiego/Kopińska/Wawelska/al. Armii Ludowej/most Łazienkowski/al. Stanów Zjednoczonych, Szczęśliwicka - Kanał Gocławski — codziennie, całodobowo | mapa miasta (2021): al. Stanów Zjednoczonych/most Łazienkowski/al. Armii Ludowej/Wawelska, Ostrobramska - Grójecka — codziennie, całodobowo", "stroke": "#e8590c", "stroke-width": 5}}, {"type": "Feature", "geometry": {"type": "LineString", "coordinates": [[21.035584, 52.221766], [21.03567, 52.221753], [21.035674, 52.221753], [21.035721, 52.221748], [21.035725, 52.221748], [21.035778, 52.221746], [21.035781, 52.221746], [21.035807, 52.221746], [21.035812, 52.221746], [21.035865, 52.22175], [21.035866, 52.22175], [21.03591, 52.221754], [21.03591, 52.221754], [21.036032, 52.221766]]}, "properties": {"kategoria": "do dodania", "osm_way": 182832304, "ulica": "Rondo Stanisława Sedlaczka", "kierunek": "wschód", "wzgledem_linii_osm": "forward", "wskazowki": "mapa miasta (2021): Grzymały-Sokołowskiego/Kopińska/Wawelska/al. Armii Ludowej/most Łazienkowski/al. Stanów Zjednoczonych, Szczęśliwicka - Kanał Gocławski — codziennie, całodobowo | mapa miasta (2021): al. Stanów Zjednoczonych/most Łazienkowski/al. Armii Ludowej/Wawelska, Ostrobramska - Grójecka — codziennie, całodobowo", "stroke": "#e8590c", "stroke-width": 5}}, {"type": "Feature", "geometry": {"type": "LineString", "coordinates": [[21.068048, 52.16986], [21.067985, 52.169869], [21.067927, 52.169878], [21.067873, 52.169887], [21.067815, 52.169897]]}, "properties": {"kategoria": "do dodania", "osm_way": 183361339, "ulica": "Aleja Wilanowska", "kierunek": "zachód", "wzgledem_linii_osm": "forward", "wskazowki": "mapa miasta (2021): al. Wilanowska, rejon skrzyżowania z ul. Sobieskiego — codziennie, całodobowo", "stroke": "#e8590c", "stroke-width": 5}}, {"type": "Feature", "geometry": {"type": "LineString", "coordinates": [[20.976918, 52.314504], [20.976905, 52.314557], [20.976902, 52.314579], [20.976898, 52.314642], [20.976894, 52.314702], [20.976894, 52.314703], [20.976878, 52.314816], [20.976878, 52.314818], [20.97686, 52.314879], [20.976857, 52.314885], [20.976795, 52.314977]]}, "properties": {"kategoria": "do dodania", "osm_way": 184542728, "ulica": "Modlińska", "kierunek": "północ", "wzgledem_linii_osm": "forward", "wskazowki": "komunikat ZDM / zgłoszenie: Modlińska, ulica:Aluzyjna → ulica:Elektronowa (otwarty 2023-12-20) | komunikat ZDM / zgłoszenie: Modlińska, ulica:Elektronowa → ulica:Aluzyjna (otwarty 2023-12-20)", "stroke": "#e8590c", "stroke-width": 5}}, {"type": "Feature", "geometry": {"type": "LineString", "coordinates": [[20.965566, 52.331184], [20.96562, 52.331095], [20.965741, 52.330898], [20.965908, 52.330622], [20.96656, 52.329496], [20.967348, 52.328135], [20.967796, 52.327347], [20.967868, 52.327221], [20.967894, 52.327174], [20.967997, 52.326994], [20.968395, 52.326297], [20.968395, 52.326297], [20.969488, 52.324442], [20.969515, 52.324396], [20.969515, 52.324396], [20.969572, 52.324302], [20.969572, 52.324301], [20.969825, 52.323927], [20.969825, 52.323927], [20.970415, 52.323073]]}, "properties": {"kategoria": "do dodania", "osm_way": 184570836, "ulica": "Modlińska", "kierunek": "południe", "wzgledem_linii_osm": "forward", "wskazowki": "komunikat ZDM / zgłoszenie: Modlińska, ulica:Aluzyjna → ulica:Elektronowa (otwarty 2023-12-20) | komunikat ZDM / zgłoszenie: Modlińska, ulica:Elektronowa → ulica:Aluzyjna (otwarty 2023-12-20)", "stroke": "#e8590c", "stroke-width": 5}}, {"type": "Feature", "geometry": {"type": "LineString", "coordinates": [[21.044633, 52.176621], [21.044673, 52.176933], [21.044673, 52.176933], [21.044711, 52.177297]]}, "properties": {"kategoria": "do dodania", "osm_way": 185078718, "ulica": "Aleja Generała Władysława Sikorskiego", "kierunek": "północ", "wzgledem_linii_osm": "forward", "wskazowki": "komunikat ZDM / zgłoszenie: Dolina Służewiecka / Aleja Generała Władysława Sikorskiego, ulica:Nowoursynowska → ulica:Jana III Sobieskiego (otwarty 2022-01-10)", "stroke": "#e8590c", "stroke-width": 5}}, {"type": "Feature", "geometry": {"type": "LineString", "coordinates": [[20.967413, 52.22843], [20.967472, 52.228434], [20.967473, 52.228434], [20.967501, 52.228436], [20.96772, 52.228451], [20.967799, 52.228457], [20.968574, 52.228511]]}, "properties": {"kategoria": "do dodania", "osm_way": 185123963, "ulica": "Marcina Kasprzaka", "kierunek": "wschód", "wzgledem_linii_osm": "forward", "wskazowki": "mapa miasta (2021): Kasprzaka, Krzyżanowskiego - Korczaka — codziennie, całodobowo", "stroke": "#e8590c", "stroke-width": 5}}, {"type": "Feature", "geometry": {"type": "LineString", "coordinates": [[21.03558, 52.201815], [21.035478, 52.201907]]}, "properties": {"kategoria": "do dodania", "osm_way": 187181407, "ulica": "Belwederska", "kierunek": "płn.-zachód", "wzgledem_linii_osm": "forward", "wskazowki": "mapa miasta (2021): Sobieskiego/Belwederska, Idzikowskiego - Nabielaka — dni powszednie, 7-10 i 14-19 | mapa miasta (2021): Belwederska/Sobieskiego, Grottgera - Idzikowskiego — dni powszednie, 7-9 i 14-18", "stroke": "#e8590c", "stroke-width": 5}}, {"type": "Feature", "geometry": {"type": "LineString", "coordinates": [[21.03516, 52.201736], [21.035194, 52.201708], [21.035233, 52.201673], [21.035269, 52.201638], [21.035336, 52.201572], [21.035379, 52.20153], [21.035379, 52.20153], [21.035543, 52.201368], [21.035888, 52.201029], [21.035888, 52.201029], [21.036067, 52.200854], [21.036146, 52.200775], [21.036195, 52.200724], [21.036249, 52.200667], [21.036303, 52.200607], [21.03662, 52.200242], [21.037606, 52.199102], [21.037876, 52.198783], [21.037876, 52.198783], [21.037952, 52.198696], [21.038003, 52.198636], [21.038045, 52.198584], [21.038083, 52.198535], [21.038123, 52.198482]]}, "properties": {"kategoria": "do dodania", "osm_way": 187181408, "ulica": "Jana III Sobieskiego", "kierunek": "płd.-wschód", "wzgledem_linii_osm": "forward", "wskazowki": "mapa miasta (2021): Sobieskiego/Belwederska, Idzikowskiego - Nabielaka — dni powszednie, 7-10 i 14-19 | mapa miasta (2021): Belwederska/Sobieskiego, Grottgera - Idzikowskiego — dni powszednie, 7-9 i 14-18", "stroke": "#e8590c", "stroke-width": 5}}, {"type": "Feature", "geometry": {"type": "LineString", "coordinates": [[21.007304, 52.21055], [21.007279, 52.210641]]}, "properties": {"kategoria": "do dodania", "osm_way": 187536173, "ulica": "Aleja Niepodległości", "kierunek": "północ", "wzgledem_linii_osm": "forward", "wskazowki": "mapa miasta (2021): al. Niepodległości, Batorego - Trasa Łazienkowska — dni powszednie, 7-9 i 14-18", "stroke": "#e8590c", "stroke-width": 5}}, {"type": "Feature", "geometry": {"type": "LineString", "coordinates": [[21.05194, 52.23848], [21.051774, 52.238597], [21.051736, 52.238628], [21.051639, 52.238705], [21.051556, 52.23879], [21.051503, 52.238858], [21.051503, 52.238858], [21.051375, 52.23901]]}, "properties": {"kategoria": "do dodania", "osm_way": 188190037, "ulica": "Aleja Zieleniecka", "kierunek": "płn.-zachód", "wzgledem_linii_osm": "forward", "wskazowki": "komunikat ZDM / zgłoszenie: Aleja Zieleniecka, ulica:Rondo Jerzego Waszyngtona → ulica:Targowa (otwarty 2026-10-01)", "stroke": "#e8590c", "stroke-width": 5}}, {"type": "Feature", "geometry": {"type": "LineString", "coordinates": [[20.982917, 52.308008], [20.983018, 52.307935], [20.983018, 52.307935], [20.98303, 52.307926], [20.983066, 52.3079], [20.983066, 52.3079], [20.983257, 52.307762], [20.983392, 52.307665]]}, "properties": {"kategoria": "do dodania", "osm_way": 188216774, "ulica": "Modlińska", "kierunek": "płd.-wschód", "wzgledem_linii_osm": "forward", "wskazowki": "mapa miasta (2021): Modlińska, Leliwitów - Elektronowa — dni powszednie, 6-10 | komunikat ZDM / zgłoszenie: Modlińska, ulica:Aluzyjna → ulica:Elektronowa (otwarty 2023-12-20) | komunikat ZDM / zgłoszenie: Modlińska, ulica:Elektronowa → ulica:Aluzyjna (otwarty 2023-12-20)", "stroke": "#e8590c", "stroke-width": 5}}, {"type": "Feature", "geometry": {"type": "LineString", "coordinates": [[20.961635, 52.334621], [20.961668, 52.334596], [20.961679, 52.334587], [20.961679, 52.334587], [20.962147, 52.334185], [20.962614, 52.333783], [20.962786, 52.333635], [20.962787, 52.333635], [20.963224, 52.333271], [20.963414, 52.33311], [20.965186, 52.331605]]}, "properties": {"kategoria": "do dodania", "osm_way": 188216775, "ulica": "Modlińska", "kierunek": "płd.-wschód", "wzgledem_linii_osm": "forward", "wskazowki": "komunikat ZDM / zgłoszenie: Modlińska, ulica:Aluzyjna → ulica:Elektronowa (otwarty 2023-12-20) | komunikat ZDM / zgłoszenie: Modlińska, ulica:Elektronowa → ulica:Aluzyjna (otwarty 2023-12-20)", "stroke": "#e8590c", "stroke-width": 5}}, {"type": "Feature", "geometry": {"type": "LineString", "coordinates": [[21.058559, 52.301486], [21.058361, 52.300992], [21.05814, 52.300442], [21.058121, 52.300399], [21.058095, 52.30035], [21.058005, 52.300202], [21.058004, 52.300201], [21.057979, 52.300157], [21.057979, 52.300155], [21.057957, 52.30011], [21.057957, 52.300109], [21.057914, 52.3], [21.057869, 52.29991], [21.057819, 52.299823], [21.057747, 52.299714], [21.057667, 52.299603], [21.05757, 52.299478], [21.057481, 52.299371], [21.057186, 52.299045]]}, "properties": {"kategoria": "do dodania", "osm_way": 188220730, "ulica": "Głębocka", "kierunek": "południe", "wzgledem_linii_osm": "forward", "wskazowki": "komunikat ZDM / zgłoszenie: Głębocka / Świętego Wincentego, przystanek:117903 → ulica:Ludwika Kondratowicza (otwarty 2024-12-06) | komunikat ZDM / zgłoszenie: Głębocka / Świętego Wincentego, ulica:Malborska → przystanek:117903 (otwarty 2024-12-06)", "stroke": "#e8590c", "stroke-width": 5}}, {"type": "Feature", "geometry": {"type": "LineString", "coordinates": [[20.983406, 52.308344], [20.982778, 52.308806], [20.982522, 52.308995]]}, "properties": {"kategoria": "do dodania", "osm_way": 188220735, "ulica": "Modlińska", "kierunek": "płn.-zachód", "wzgledem_linii_osm": "forward", "wskazowki": "komunikat ZDM / zgłoszenie: Modlińska, ulica:Aluzyjna → ulica:Elektronowa (otwarty 2023-12-20) | komunikat ZDM / zgłoszenie: Modlińska, ulica:Elektronowa → ulica:Aluzyjna (otwarty 2023-12-20)", "stroke": "#e8590c", "stroke-width": 5}}, {"type": "Feature", "geometry": {"type": "LineString", "coordinates": [[21.052893, 52.226042], [21.053541, 52.226176]]}, "properties": {"kategoria": "do dodania", "osm_way": 188680474, "ulica": "Most Łazienkowski", "kierunek": "wschód", "wzgledem_linii_osm": "forward", "wskazowki": "mapa miasta (2021): Grzymały-Sokołowskiego/Kopińska/Wawelska/al. Armii Ludowej/most Łazienkowski/al. Stanów Zjednoczonych, Szczęśliwicka - Kanał Gocławski — codziennie, całodobowo | mapa miasta (2021): al. Stanów Zjednoczonych/most Łazienkowski/al. Armii Ludowej/Wawelska, Ostrobramska - Grójecka — codziennie, całodobowo", "stroke": "#e8590c", "stroke-width": 5}}, {"type": "Feature", "geometry": {"type": "LineString", "coordinates": [[20.952451, 52.211962], [20.952732, 52.212156]]}, "properties": {"kategoria": "do dodania", "osm_way": 191552145, "ulica": "Aleje Jerozolimskie", "kierunek": "płn.-wschód", "wzgledem_linii_osm": "forward", "wskazowki": "mapa miasta (2021): Aleje Jerozolimskie, Łopuszańska - Dw. Zachodni — dni powszednie, 6-20", "stroke": "#e8590c", "stroke-width": 5}}, {"type": "Feature", "geometry": {"type": "LineString", "coordinates": [[20.952732, 52.212156], [20.953275, 52.212527], [20.953754, 52.21283], [20.954191, 52.213102], [20.954192, 52.213103], [20.955743, 52.214137], [20.956133, 52.214387], [20.956133, 52.214388], [20.956183, 52.214421]]}, "properties": {"kategoria": "do dodania", "osm_way": 191552149, "ulica": "Aleje Jerozolimskie", "kierunek": "płn.-wschód", "wzgledem_linii_osm": "forward", "wskazowki": "mapa miasta (2021): Aleje Jerozolimskie, Łopuszańska - Dw. Zachodni — dni powszednie, 6-20", "stroke": "#e8590c", "stroke-width": 5}}, {"type": "Feature", "geometry": {"type": "LineString", "coordinates": [[21.001737, 52.227416], [21.001899, 52.227431], [21.001899, 52.227431], [21.00198, 52.227438], [21.001983, 52.227439], [21.002062, 52.227449], [21.002069, 52.22745], [21.00212, 52.227462], [21.002122, 52.227463], [21.002176, 52.227477], [21.002179, 52.227478], [21.002232, 52.227495], [21.002232, 52.227495], [21.002445, 52.227564]]}, "properties": {"kategoria": "do dodania", "osm_way": 191552151, "ulica": "Rondo Czterdziestolatka", "kierunek": "wschód", "wzgledem_linii_osm": "forward", "wskazowki": "mapa miasta (2021): Grójecka/Aleje Jerozolimskie, Wawelska - Bracka — dni powszednie, 7-9 i 14-18", "stroke": "#e8590c", "stroke-width": 5}}, {"type": "Feature", "geometry": {"type": "LineString", "coordinates": [[21.053396, 52.226372], [21.053184, 52.226286], [21.052936, 52.226205]]}, "properties": {"kategoria": "do dodania", "osm_way": 192945084, "ulica": "", "kierunek": "płd.-zachód", "wzgledem_linii_osm": "forward", "wskazowki": "mapa miasta (2021): Grzymały-Sokołowskiego/Kopińska/Wawelska/al. Armii Ludowej/most Łazienkowski/al. Stanów Zjednoczonych, Szczęśliwicka - Kanał Gocławski — codziennie, całodobowo | mapa miasta (2021): al. Stanów Zjednoczonych/most Łazienkowski/al. Armii Ludowej/Wawelska, Ostrobramska - Grójecka — codziennie, całodobowo", "stroke": "#e8590c", "stroke-width": 5}}, {"type": "Feature", "geometry": {"type": "LineString", "coordinates": [[21.044563, 52.224283], [21.044783, 52.224393]]}, "properties": {"kategoria": "do dodania", "osm_way": 194449017, "ulica": "", "kierunek": "płn.-wschód", "wzgledem_linii_osm": "forward", "wskazowki": "mapa miasta (2021): Grzymały-Sokołowskiego/Kopińska/Wawelska/al. Armii Ludowej/most Łazienkowski/al. Stanów Zjednoczonych, Szczęśliwicka - Kanał Gocławski — codziennie, całodobowo | mapa miasta (2021): al. Stanów Zjednoczonych/most Łazienkowski/al. Armii Ludowej/Wawelska, Ostrobramska - Grójecka — codziennie, całodobowo", "stroke": "#e8590c", "stroke-width": 5}}, {"type": "Feature", "geometry": {"type": "LineString", "coordinates": [[20.995529, 52.297599], [20.994573, 52.298509]]}, "properties": {"kategoria": "do dodania", "osm_way": 195626688, "ulica": "Modlińska", "kierunek": "płn.-zachód", "wzgledem_linii_osm": "forward", "wskazowki": "mapa miasta (2021): Modlińska, Leliwitów - Elektronowa — dni powszednie, 6-10 | komunikat ZDM / zgłoszenie: Modlińska, ulica:Aluzyjna → ulica:Elektronowa (otwarty 2023-12-20) | komunikat ZDM / zgłoszenie: Modlińska, ulica:Elektronowa → ulica:Aluzyjna (otwarty 2023-12-20)", "stroke": "#e8590c", "stroke-width": 5}}, {"type": "Feature", "geometry": {"type": "LineString", "coordinates": [[20.994262, 52.298799], [20.994186, 52.29887]]}, "properties": {"kategoria": "do dodania", "osm_way": 195626690, "ulica": "Modlińska", "kierunek": "płn.-zachód", "wzgledem_linii_osm": "forward", "wskazowki": "mapa miasta (2021): Modlińska, Leliwitów - Elektronowa — dni powszednie, 6-10 | komunikat ZDM / zgłoszenie: Modlińska, ulica:Aluzyjna → ulica:Elektronowa (otwarty 2023-12-20) | komunikat ZDM / zgłoszenie: Modlińska, ulica:Elektronowa → ulica:Aluzyjna (otwarty 2023-12-20)", "stroke": "#e8590c", "stroke-width": 5}}, {"type": "Feature", "geometry": {"type": "LineString", "coordinates": [[20.998311, 52.294994], [20.998118, 52.295169], [20.998075, 52.295217], [20.997999, 52.295303], [20.997952, 52.295358]]}, "properties": {"kategoria": "do dodania", "osm_way": 195626693, "ulica": "Modlińska", "kierunek": "płn.-zachód", "wzgledem_linii_osm": "forward", "wskazowki": "komunikat ZDM / zgłoszenie: Modlińska, ulica:Aluzyjna → ulica:Elektronowa (otwarty 2023-12-20) | komunikat ZDM / zgłoszenie: Modlińska, ulica:Elektronowa → ulica:Aluzyjna (otwarty 2023-12-20)", "stroke": "#e8590c", "stroke-width": 5}}, {"type": "Feature", "geometry": {"type": "LineString", "coordinates": [[20.999794, 52.293669], [20.998695, 52.294674], [20.998694, 52.294675], [20.99831, 52.294995]]}, "properties": {"kategoria": "do dodania", "osm_way": 195626694, "ulica": "Modlińska", "kierunek": "płn.-zachód", "wzgledem_linii_osm": "forward", "wskazowki": "komunikat ZDM / zgłoszenie: Modlińska, ulica:Aluzyjna → ulica:Elektronowa (otwarty 2023-12-20) | komunikat ZDM / zgłoszenie: Modlińska, ulica:Elektronowa → ulica:Aluzyjna (otwarty 2023-12-20)", "stroke": "#e8590c", "stroke-width": 5}}, {"type": "Feature", "geometry": {"type": "LineString", "coordinates": [[20.997406, 52.295837], [20.996227, 52.296933]]}, "properties": {"kategoria": "do dodania", "osm_way": 195626695, "ulica": "Modlińska", "kierunek": "płn.-zachód", "wzgledem_linii_osm": "forward", "wskazowki": "mapa miasta (2021): Modlińska, Leliwitów - Elektronowa — dni powszednie, 6-10 | komunikat ZDM / zgłoszenie: Modlińska, ulica:Aluzyjna → ulica:Elektronowa (otwarty 2023-12-20) | komunikat ZDM / zgłoszenie: Modlińska, ulica:Elektronowa → ulica:Aluzyjna (otwarty 2023-12-20)", "stroke": "#e8590c", "stroke-width": 5}}, {"type": "Feature", "geometry": {"type": "LineString", "coordinates": [[20.999664, 52.293973], [20.999296, 52.294325]]}, "properties": {"kategoria": "do dodania", "osm_way": 195626700, "ulica": "", "kierunek": "płn.-zachód", "wzgledem_linii_osm": "forward", "wskazowki": "komunikat ZDM / zgłoszenie: Modlińska, ulica:Elektronowa → ulica:Aluzyjna (otwarty 2023-12-20)", "stroke": "#e8590c", "stroke-width": 5}}, {"type": "Feature", "geometry": {"type": "LineString", "coordinates": [[20.990571, 52.302373], [20.989634, 52.303335], [20.989634, 52.303336], [20.989409, 52.30355]]}, "properties": {"kategoria": "do dodania", "osm_way": 195632944, "ulica": "Modlińska", "kierunek": "płn.-zachód", "wzgledem_linii_osm": "forward", "wskazowki": "mapa miasta (2021): Modlińska, Leliwitów - Elektronowa — dni powszednie, 6-10 | komunikat ZDM / zgłoszenie: Modlińska, ulica:Aluzyjna → ulica:Elektronowa (otwarty 2023-12-20) | komunikat ZDM / zgłoszenie: Modlińska, ulica:Elektronowa → ulica:Aluzyjna (otwarty 2023-12-20)", "stroke": "#e8590c", "stroke-width": 5}}, {"type": "Feature", "geometry": {"type": "LineString", "coordinates": [[21.053948, 52.295435], [21.053527, 52.294891], [21.053434, 52.29478]]}, "properties": {"kategoria": "do dodania", "osm_way": 197589863, "ulica": "Świętego Wincentego", "kierunek": "płd.-zachód", "wzgledem_linii_osm": "forward", "wskazowki": "komunikat ZDM / zgłoszenie: Głębocka / Świętego Wincentego, przystanek:117903 → ulica:Ludwika Kondratowicza (otwarty 2024-12-06)", "stroke": "#e8590c", "stroke-width": 5}}, {"type": "Feature", "geometry": {"type": "LineString", "coordinates": [[21.053411, 52.294746], [21.053061, 52.294235], [21.053061, 52.294235], [21.052845, 52.293915]]}, "properties": {"kategoria": "do dodania", "osm_way": 197589864, "ulica": "Świętego Wincentego", "kierunek": "południe", "wzgledem_linii_osm": "forward", "wskazowki": "komunikat ZDM / zgłoszenie: Głębocka / Świętego Wincentego, przystanek:117903 → ulica:Ludwika Kondratowicza (otwarty 2024-12-06)", "stroke": "#e8590c", "stroke-width": 5}}, {"type": "Feature", "geometry": {"type": "LineString", "coordinates": [[21.054052, 52.29556], [21.053948, 52.295435]]}, "properties": {"kategoria": "do dodania", "osm_way": 197589865, "ulica": "Świętego Wincentego", "kierunek": "płd.-zachód", "wzgledem_linii_osm": "forward", "wskazowki": "komunikat ZDM / zgłoszenie: Głębocka / Świętego Wincentego, przystanek:117903 → ulica:Ludwika Kondratowicza (otwarty 2024-12-06)", "stroke": "#e8590c", "stroke-width": 5}}, {"type": "Feature", "geometry": {"type": "LineString", "coordinates": [[21.054542, 52.296112], [21.054053, 52.295561]]}, "properties": {"kategoria": "do dodania", "osm_way": 197589867, "ulica": "Świętego Wincentego", "kierunek": "płd.-zachód", "wzgledem_linii_osm": "forward", "wskazowki": "komunikat ZDM / zgłoszenie: Głębocka / Świętego Wincentego, przystanek:117903 → ulica:Ludwika Kondratowicza (otwarty 2024-12-06)", "stroke": "#e8590c", "stroke-width": 5}}, {"type": "Feature", "geometry": {"type": "LineString", "coordinates": [[21.069931, 52.280157], [21.070011, 52.280258], [21.070133, 52.280412], [21.070165, 52.280451], [21.070225, 52.280521], [21.070226, 52.280521], [21.070608, 52.280982]]}, "properties": {"kategoria": "do dodania", "osm_way": 199573675, "ulica": "Radzymińska", "kierunek": "płn.-wschód", "wzgledem_linii_osm": "forward", "wskazowki": "mapa miasta (2021): Radzymińska, Jórskiego - Młodzieńcza — codziennie, 7-10 i 14-19 | mapa miasta (2021): Radzymińska/most Śląsko-Dąbrowski/al. Solidarności, Krynoliny - Andersa — codziennie, 7-10 i 14-19", "stroke": "#e8590c", "stroke-width": 5}}, {"type": "Feature", "geometry": {"type": "LineString", "coordinates": [[21.069716, 52.2803], [21.069638, 52.280202], [21.069488, 52.280013], [21.069161, 52.279616]]}, "properties": {"kategoria": "do dodania", "osm_way": 199574475, "ulica": "Radzymińska", "kierunek": "płd.-zachód", "wzgledem_linii_osm": "forward", "wskazowki": "mapa miasta (2021): Radzymińska, Jórskiego - Młodzieńcza — codziennie, 7-10 i 14-19 | mapa miasta (2021): Radzymińska/most Śląsko-Dąbrowski/al. Solidarności, Krynoliny - Andersa — codziennie, 7-10 i 14-19", "stroke": "#e8590c", "stroke-width": 5}}, {"type": "Feature", "geometry": {"type": "LineString", "coordinates": [[21.074776, 52.286027], [21.075267, 52.286648], [21.075304, 52.286695], [21.075339, 52.28674], [21.07544, 52.286864]]}, "properties": {"kategoria": "do dodania", "osm_way": 199574476, "ulica": "Radzymińska", "kierunek": "płn.-wschód", "wzgledem_linii_osm": "forward", "wskazowki": "mapa miasta (2021): Radzymińska, Jórskiego - Młodzieńcza — codziennie, 7-10 i 14-19 | mapa miasta (2021): Radzymińska/most Śląsko-Dąbrowski/al. Solidarności, Krynoliny - Andersa — codziennie, 7-10 i 14-19", "stroke": "#e8590c", "stroke-width": 5}}, {"type": "Feature", "geometry": {"type": "LineString", "coordinates": [[21.070412, 52.281141], [21.069929, 52.280566], [21.0699, 52.280532], [21.0699, 52.280531], [21.069868, 52.28049], [21.069716, 52.2803]]}, "properties": {"kategoria": "do dodania", "osm_way": 199574477, "ulica": "Radzymińska", "kierunek": "płd.-zachód", "wzgledem_linii_osm": "forward", "wskazowki": "mapa miasta (2021): Radzymińska, Jórskiego - Młodzieńcza — codziennie, 7-10 i 14-19 | mapa miasta (2021): Radzymińska/most Śląsko-Dąbrowski/al. Solidarności, Krynoliny - Andersa — codziennie, 7-10 i 14-19", "stroke": "#e8590c", "stroke-width": 5}}, {"type": "Feature", "geometry": {"type": "LineString", "coordinates": [[21.045827, 52.224756], [21.044685, 52.224529]]}, "properties": {"kategoria": "do dodania", "osm_way": 202646856, "ulica": "Most Łazienkowski", "kierunek": "zachód", "wzgledem_linii_osm": "forward", "wskazowki": "mapa miasta (2021): Grzymały-Sokołowskiego/Kopińska/Wawelska/al. Armii Ludowej/most Łazienkowski/al. Stanów Zjednoczonych, Szczęśliwicka - Kanał Gocławski — codziennie, całodobowo | mapa miasta (2021): al. Stanów Zjednoczonych/most Łazienkowski/al. Armii Ludowej/Wawelska, Ostrobramska - Grójecka — codziennie, całodobowo", "stroke": "#e8590c", "stroke-width": 5}}, {"type": "Feature", "geometry": {"type": "LineString", "coordinates": [[21.064204, 52.273518], [21.063816, 52.273056], [21.063816, 52.273056], [21.063779, 52.27301], [21.063694, 52.27291]]}, "properties": {"kategoria": "do dodania", "osm_way": 203456329, "ulica": "Radzymińska", "kierunek": "płd.-zachód", "wzgledem_linii_osm": "forward", "wskazowki": "mapa miasta (2021): Radzymińska/most Śląsko-Dąbrowski/al. Solidarności, Krynoliny - Andersa — codziennie, całodobowo", "stroke": "#e8590c", "stroke-width": 5}}, {"type": "Feature", "geometry": {"type": "LineString", "coordinates": [[21.058257, 52.266305], [21.057516, 52.265431], [21.057292, 52.265201], [21.057058, 52.264983], [21.056482, 52.264524], [21.056376, 52.264448]]}, "properties": {"kategoria": "do dodania", "osm_way": 203484455, "ulica": "Radzymińska", "kierunek": "płd.-zachód", "wzgledem_linii_osm": "forward", "wskazowki": "mapa miasta (2021): Radzymińska/most Śląsko-Dąbrowski/al. Solidarności, Krynoliny - Andersa — codziennie, całodobowo", "stroke": "#e8590c", "stroke-width": 5}}, {"type": "Feature", "geometry": {"type": "LineString", "coordinates": [[20.979213, 52.21683], [20.979827, 52.216636], [20.980537, 52.216395], [20.980612, 52.216369], [20.9809, 52.216266]]}, "properties": {"kategoria": "do dodania", "osm_way": 203601552, "ulica": "Kopińska", "kierunek": "płd.-wschód", "wzgledem_linii_osm": "forward", "wskazowki": "mapa miasta (2021): Grzymały-Sokołowskiego/Kopińska/Wawelska/al. Armii Ludowej/most Łazienkowski/al. Stanów Zjednoczonych, Szczęśliwicka - Kanał Gocławski — codziennie, całodobowo", "stroke": "#e8590c", "stroke-width": 5}}, {"type": "Feature", "geometry": {"type": "LineString", "coordinates": [[20.976049, 52.217914], [20.976861, 52.217644], [20.976931, 52.21762], [20.977206, 52.217528]]}, "properties": {"kategoria": "do dodania", "osm_way": 203601562, "ulica": "Podpułkownika Mieczysława Sokołowskiego „Grzymały”", "kierunek": "płd.-wschód", "wzgledem_linii_osm": "forward", "wskazowki": "mapa miasta (2021): Grzymały-Sokołowskiego/Kopińska/Wawelska/al. Armii Ludowej/most Łazienkowski/al. Stanów Zjednoczonych, Szczęśliwicka - Kanał Gocławski — codziennie, całodobowo", "stroke": "#e8590c", "stroke-width": 5}}, {"type": "Feature", "geometry": {"type": "LineString", "coordinates": [[21.001712, 52.216924], [21.003531, 52.217017]]}, "properties": {"kategoria": "do dodania", "osm_way": 203601565, "ulica": "Wawelska", "kierunek": "wschód", "wzgledem_linii_osm": "forward", "wskazowki": "mapa miasta (2021): Grzymały-Sokołowskiego/Kopińska/Wawelska/al. Armii Ludowej/most Łazienkowski/al. Stanów Zjednoczonych, Szczęśliwicka - Kanał Gocławski — codziennie, całodobowo | mapa miasta (2021): al. Stanów Zjednoczonych/most Łazienkowski/al. Armii Ludowej/Wawelska, Ostrobramska - Grójecka — codziennie, całodobowo", "stroke": "#e8590c", "stroke-width": 5}}, {"type": "Feature", "geometry": {"type": "LineString", "coordinates": [[20.98268, 52.215949], [20.982999, 52.215967], [20.98326, 52.215981], [20.983813, 52.216012], [20.983893, 52.216016], [20.983958, 52.21602], [20.984079, 52.216026]]}, "properties": {"kategoria": "do dodania", "osm_way": 203601569, "ulica": "Wawelska", "kierunek": "wschód", "wzgledem_linii_osm": "forward", "wskazowki": "mapa miasta (2021): Grzymały-Sokołowskiego/Kopińska/Wawelska/al. Armii Ludowej/most Łazienkowski/al. Stanów Zjednoczonych, Szczęśliwicka - Kanał Gocławski — codziennie, całodobowo | mapa miasta (2021): al. Stanów Zjednoczonych/most Łazienkowski/al. Armii Ludowej/Wawelska, Ostrobramska - Grójecka — codziennie, całodobowo", "stroke": "#e8590c", "stroke-width": 5}}, {"type": "Feature", "geometry": {"type": "LineString", "coordinates": [[21.023504, 52.218788], [21.024553, 52.219051]]}, "properties": {"kategoria": "do dodania", "osm_way": 203607712, "ulica": "Aleja Armii Ludowej", "kierunek": "płn.-wschód", "wzgledem_linii_osm": "forward", "wskazowki": "mapa miasta (2021): Grzymały-Sokołowskiego/Kopińska/Wawelska/al. Armii Ludowej/most Łazienkowski/al. Stanów Zjednoczonych, Szczęśliwicka - Kanał Gocławski — codziennie, całodobowo | mapa miasta (2021): al. Stanów Zjednoczonych/most Łazienkowski/al. Armii Ludowej/Wawelska, Ostrobramska - Grójecka — codziennie, całodobowo", "stroke": "#e8590c", "stroke-width": 5}}, {"type": "Feature", "geometry": {"type": "LineString", "coordinates": [[21.029498, 52.22045], [21.02865, 52.220243], [21.028406, 52.220183]]}, "properties": {"kategoria": "do dodania", "osm_way": 203633222, "ulica": "Aleja Armii Ludowej", "kierunek": "płd.-zachód", "wzgledem_linii_osm": "forward", "wskazowki": "mapa miasta (2021): Grzymały-Sokołowskiego/Kopińska/Wawelska/al. Armii Ludowej/most Łazienkowski/al. Stanów Zjednoczonych, Szczęśliwicka - Kanał Gocławski — codziennie, całodobowo | mapa miasta (2021): al. Stanów Zjednoczonych/most Łazienkowski/al. Armii Ludowej/Wawelska, Ostrobramska - Grójecka — codziennie, całodobowo", "stroke": "#e8590c", "stroke-width": 5}}, {"type": "Feature", "geometry": {"type": "LineString", "coordinates": [[21.009267, 52.217352], [21.008885, 52.217368], [21.008885, 52.217368], [21.008445, 52.217384], [21.008444, 52.217384], [21.008134, 52.217391], [21.008133, 52.217391], [21.007908, 52.217392], [21.007907, 52.217392], [21.00752, 52.217389], [21.00752, 52.217389], [21.007193, 52.217386]]}, "properties": {"kategoria": "do dodania", "osm_way": 203633223, "ulica": "Aleja Armii Ludowej", "kierunek": "zachód", "wzgledem_linii_osm": "forward", "wskazowki": "mapa miasta (2021): Grzymały-Sokołowskiego/Kopińska/Wawelska/al. Armii Ludowej/most Łazienkowski/al. Stanów Zjednoczonych, Szczęśliwicka - Kanał Gocławski — codziennie, całodobowo | mapa miasta (2021): al. Stanów Zjednoczonych/most Łazienkowski/al. Armii Ludowej/Wawelska, Ostrobramska - Grójecka — codziennie, całodobowo", "stroke": "#e8590c", "stroke-width": 5}}, {"type": "Feature", "geometry": {"type": "LineString", "coordinates": [[21.016517, 52.217454], [21.016273, 52.217416]]}, "properties": {"kategoria": "do dodania", "osm_way": 203633226, "ulica": "Aleja Armii Ludowej", "kierunek": "zachód", "wzgledem_linii_osm": "forward", "wskazowki": "mapa miasta (2021): al. Stanów Zjednoczonych/most Łazienkowski/al. Armii Ludowej/Wawelska, Ostrobramska - Grójecka — codziennie, całodobowo", "stroke": "#e8590c", "stroke-width": 5}}, {"type": "Feature", "geometry": {"type": "LineString", "coordinates": [[21.044578, 52.179747], [21.044395, 52.179029], [21.044395, 52.179028], [21.044347, 52.178809]]}, "properties": {"kategoria": "do dodania", "osm_way": 204356451, "ulica": "Aleja Generała Władysława Sikorskiego", "kierunek": "południe", "wzgledem_linii_osm": "forward", "wskazowki": "komunikat ZDM / zgłoszenie: Dolina Służewiecka / Aleja Generała Władysława Sikorskiego, ulica:Jana III Sobieskiego → ulica:Nowoursynowska (otwarty 2022-01-10)", "stroke": "#e8590c", "stroke-width": 5}}, {"type": "Feature", "geometry": {"type": "LineString", "coordinates": [[21.044744, 52.180522], [21.044577, 52.179747]]}, "properties": {"kategoria": "do dodania", "osm_way": 204356452, "ulica": "Aleja Generała Władysława Sikorskiego", "kierunek": "południe", "wzgledem_linii_osm": "forward", "wskazowki": "komunikat ZDM / zgłoszenie: Dolina Służewiecka / Aleja Generała Władysława Sikorskiego, ulica:Nowoursynowska → ulica:Jana III Sobieskiego (otwarty 2022-01-10) | komunikat ZDM / zgłoszenie: Dolina Służewiecka / Aleja Generała Władysława Sikorskiego, ulica:Jana III Sobieskiego → ulica:Nowoursynowska (otwarty 2022-01-10)", "stroke": "#e8590c", "stroke-width": 5}}, {"type": "Feature", "geometry": {"type": "LineString", "coordinates": [[21.045402, 52.183986], [21.04527, 52.183151]]}, "properties": {"kategoria": "do dodania", "osm_way": 204356453, "ulica": "Aleja Generała Władysława Sikorskiego", "kierunek": "południe", "wzgledem_linii_osm": "forward", "wskazowki": "komunikat ZDM / zgłoszenie: Dolina Służewiecka / Aleja Generała Władysława Sikorskiego, ulica:Nowoursynowska → ulica:Jana III Sobieskiego (otwarty 2022-01-10) | komunikat ZDM / zgłoszenie: Dolina Służewiecka / Aleja Generała Władysława Sikorskiego, ulica:Jana III Sobieskiego → ulica:Nowoursynowska (otwarty 2022-01-10)", "stroke": "#e8590c", "stroke-width": 5}}, {"type": "Feature", "geometry": {"type": "LineString", "coordinates": [[21.04527, 52.183151], [21.045258, 52.183081]]}, "properties": {"kategoria": "do dodania", "osm_way": 204356454, "ulica": "Aleja Generała Władysława Sikorskiego", "kierunek": "południe", "wzgledem_linii_osm": "forward", "wskazowki": "komunikat ZDM / zgłoszenie: Dolina Służewiecka / Aleja Generała Władysława Sikorskiego, ulica:Nowoursynowska → ulica:Jana III Sobieskiego (otwarty 2022-01-10) | komunikat ZDM / zgłoszenie: Dolina Służewiecka / Aleja Generała Władysława Sikorskiego, ulica:Jana III Sobieskiego → ulica:Nowoursynowska (otwarty 2022-01-10)", "stroke": "#e8590c", "stroke-width": 5}}, {"type": "Feature", "geometry": {"type": "LineString", "coordinates": [[21.045224, 52.182849], [21.045217, 52.182807], [21.04521, 52.182764], [21.045082, 52.182197], [21.045082, 52.182197], [21.045024, 52.181934]]}, "properties": {"kategoria": "do dodania", "osm_way": 204356455, "ulica": "Aleja Generała Władysława Sikorskiego", "kierunek": "południe", "wzgledem_linii_osm": "forward", "wskazowki": "komunikat ZDM / zgłoszenie: Dolina Służewiecka / Aleja Generała Władysława Sikorskiego, ulica:Nowoursynowska → ulica:Jana III Sobieskiego (otwarty 2022-01-10) | komunikat ZDM / zgłoszenie: Dolina Służewiecka / Aleja Generała Władysława Sikorskiego, ulica:Jana III Sobieskiego → ulica:Nowoursynowska (otwarty 2022-01-10)", "stroke": "#e8590c", "stroke-width": 5}}, {"type": "Feature", "geometry": {"type": "LineString", "coordinates": [[21.04491, 52.181376], [21.044804, 52.18088], [21.044804, 52.18088], [21.044744, 52.180521]]}, "properties": {"kategoria": "do dodania", "osm_way": 204356456, "ulica": "Aleja Generała Władysława Sikorskiego", "kierunek": "południe", "wzgledem_linii_osm": "forward", "wskazowki": "komunikat ZDM / zgłoszenie: Dolina Służewiecka / Aleja Generała Władysława Sikorskiego, ulica:Nowoursynowska → ulica:Jana III Sobieskiego (otwarty 2022-01-10) | komunikat ZDM / zgłoszenie: Dolina Służewiecka / Aleja Generała Władysława Sikorskiego, ulica:Jana III Sobieskiego → ulica:Nowoursynowska (otwarty 2022-01-10)", "stroke": "#e8590c", "stroke-width": 5}}, {"type": "Feature", "geometry": {"type": "LineString", "coordinates": [[21.044347, 52.178808], [21.044283, 52.178426], [21.044283, 52.178425], [21.044206, 52.177628], [21.044206, 52.177628], [21.044199, 52.177559], [21.044195, 52.17752], [21.044195, 52.17752], [21.044194, 52.177508]]}, "properties": {"kategoria": "do dodania", "osm_way": 204356457, "ulica": "Aleja Generała Władysława Sikorskiego", "kierunek": "południe", "wzgledem_linii_osm": "forward", "wskazowki": "komunikat ZDM / zgłoszenie: Dolina Służewiecka / Aleja Generała Władysława Sikorskiego, ulica:Jana III Sobieskiego → ulica:Nowoursynowska (otwarty 2022-01-10)", "stroke": "#e8590c", "stroke-width": 5}}, {"type": "Feature", "geometry": {"type": "LineString", "coordinates": [[21.043929, 52.175127], [21.043898, 52.174963], [21.04389, 52.174921], [21.04389, 52.17492], [21.043834, 52.174581], [21.043767, 52.174173]]}, "properties": {"kategoria": "do dodania", "osm_way": 204356458, "ulica": "Dolina Służewiecka", "kierunek": "południe", "wzgledem_linii_osm": "forward", "wskazowki": "komunikat ZDM / zgłoszenie: Dolina Służewiecka / Aleja Generała Władysława Sikorskiego, ulica:Jana III Sobieskiego → ulica:Nowoursynowska (otwarty 2022-01-10)", "stroke": "#e8590c", "stroke-width": 5}}, {"type": "Feature", "geometry": {"type": "LineString", "coordinates": [[21.041183, 52.170973], [21.040903, 52.170746], [21.040834, 52.170689], [21.040834, 52.170689], [21.040697, 52.170576]]}, "properties": {"kategoria": "do dodania", "osm_way": 204356464, "ulica": "Dolina Służewiecka", "kierunek": "płd.-zachód", "wzgledem_linii_osm": "forward", "wskazowki": "komunikat ZDM / zgłoszenie: Dolina Służewiecka / Aleja Generała Władysława Sikorskiego, ulica:Nowoursynowska → ulica:Jana III Sobieskiego (otwarty 2022-01-10) | komunikat ZDM / zgłoszenie: Dolina Służewiecka / Aleja Generała Władysława Sikorskiego, ulica:Jana III Sobieskiego → ulica:Nowoursynowska (otwarty 2022-01-10)", "stroke": "#e8590c", "stroke-width": 5}}, {"type": "Feature", "geometry": {"type": "LineString", "coordinates": [[21.040612, 52.196456], [21.040517, 52.196546], [21.040479, 52.196581], [21.040435, 52.196623], [21.040313, 52.196738], [21.039865, 52.197162], [21.039793, 52.197231], [21.039734, 52.197288], [21.039676, 52.197346], [21.039629, 52.197393], [21.039588, 52.197436], [21.039494, 52.197534], [21.039421, 52.197613], [21.039366, 52.197672], [21.039306, 52.197739], [21.039247, 52.197807], [21.038924, 52.198179]]}, "properties": {"kategoria": "do dodania", "osm_way": 205324177, "ulica": "Jana III Sobieskiego", "kierunek": "płn.-zachód", "wzgledem_linii_osm": "forward", "wskazowki": "mapa miasta (2021): Sobieskiego/Belwederska, Idzikowskiego - Nabielaka — dni powszednie, 7-10 i 14-19 | mapa miasta (2021): Belwederska/Sobieskiego, Grottgera - Idzikowskiego — dni powszednie, 7-9 i 14-18", "stroke": "#e8590c", "stroke-width": 5}}, {"type": "Feature", "geometry": {"type": "LineString", "coordinates": [[21.041729, 52.195394], [21.041572, 52.195543], [21.04152, 52.195593], [21.041469, 52.195643]]}, "properties": {"kategoria": "do dodania", "osm_way": 205324178, "ulica": "Jana III Sobieskiego", "kierunek": "płn.-zachód", "wzgledem_linii_osm": "forward", "wskazowki": "mapa miasta (2021): Sobieskiego/Belwederska, Idzikowskiego - Nabielaka — dni powszednie, 7-10 i 14-19 | mapa miasta (2021): Belwederska/Sobieskiego, Grottgera - Idzikowskiego — dni powszednie, 7-9 i 14-18", "stroke": "#e8590c", "stroke-width": 5}}, {"type": "Feature", "geometry": {"type": "LineString", "coordinates": [[21.043142, 52.194062], [21.043071, 52.194125], [21.043028, 52.194164], [21.042983, 52.194207], [21.042982, 52.194207], [21.042923, 52.194263], [21.041729, 52.195394]]}, "properties": {"kategoria": "do dodania", "osm_way": 205324179, "ulica": "Jana III Sobieskiego", "kierunek": "płn.-zachód", "wzgledem_linii_osm": "forward", "wskazowki": "mapa miasta (2021): Sobieskiego/Belwederska, Idzikowskiego - Nabielaka — dni powszednie, 7-10 i 14-19 | mapa miasta (2021): Belwederska/Sobieskiego, Grottgera - Idzikowskiego — dni powszednie, 7-9 i 14-18", "stroke": "#e8590c", "stroke-width": 5}}, {"type": "Feature", "geometry": {"type": "LineString", "coordinates": [[21.041736, 52.195384], [21.041715, 52.195455], [21.041714, 52.195471], [21.041715, 52.195489], [21.041719, 52.195507], [21.041727, 52.195521], [21.041736, 52.195531], [21.041774, 52.19556], [21.041822, 52.195598]]}, "properties": {"kategoria": "do dodania", "osm_way": 205324184, "ulica": "Ludwiga van Beethovena", "kierunek": "północ", "wzgledem_linii_osm": "forward", "wskazowki": "mapa miasta (2021): Sobieskiego/Belwederska, Idzikowskiego - Nabielaka — dni powszednie, 7-10 i 14-19 | mapa miasta (2021): Belwederska/Sobieskiego, Grottgera - Idzikowskiego — dni powszednie, 7-9 i 14-18", "stroke": "#e8590c", "stroke-width": 5}}, {"type": "Feature", "geometry": {"type": "LineString", "coordinates": [[21.038924, 52.198179], [21.038466, 52.198709], [21.038416, 52.198766], [21.038369, 52.198824]]}, "properties": {"kategoria": "do dodania", "osm_way": 205325621, "ulica": "Jana III Sobieskiego", "kierunek": "płn.-zachód", "wzgledem_linii_osm": "forward", "wskazowki": "mapa miasta (2021): Sobieskiego/Belwederska, Idzikowskiego - Nabielaka — dni powszednie, 7-10 i 14-19 | mapa miasta (2021): Belwederska/Sobieskiego, Grottgera - Idzikowskiego — dni powszednie, 7-9 i 14-18", "stroke": "#e8590c", "stroke-width": 5}}, {"type": "Feature", "geometry": {"type": "LineString", "coordinates": [[21.036336, 52.201077], [21.035808, 52.201596], [21.035807, 52.201597], [21.035756, 52.201647], [21.035756, 52.201647], [21.035713, 52.201689], [21.035701, 52.2017], [21.035667, 52.201735], [21.035666, 52.201736], [21.035626, 52.201774], [21.035625, 52.201775], [21.03558, 52.201815]]}, "properties": {"kategoria": "do dodania", "osm_way": 205325625, "ulica": "Jana III Sobieskiego", "kierunek": "płn.-zachód", "wzgledem_linii_osm": "forward", "wskazowki": "mapa miasta (2021): Sobieskiego/Belwederska, Idzikowskiego - Nabielaka — dni powszednie, 7-10 i 14-19 | mapa miasta (2021): Belwederska/Sobieskiego, Grottgera - Idzikowskiego — dni powszednie, 7-9 i 14-18", "stroke": "#e8590c", "stroke-width": 5}}, {"type": "Feature", "geometry": {"type": "LineString", "coordinates": [[21.047102, 52.260181], [21.046946, 52.260109], [21.046901, 52.260088], [21.04656, 52.25994], [21.046449, 52.259894]]}, "properties": {"kategoria": "do dodania", "osm_way": 206108234, "ulica": "Aleja „Solidarności”", "kierunek": "płd.-zachód", "wzgledem_linii_osm": "forward", "wskazowki": "mapa miasta (2021): Radzymińska/most Śląsko-Dąbrowski/al. Solidarności, Krynoliny - Andersa — codziennie, całodobowo", "stroke": "#e8590c", "stroke-width": 5}}, {"type": "Feature", "geometry": {"type": "LineString", "coordinates": [[20.987309, 52.304775], [20.987984, 52.304263]]}, "properties": {"kategoria": "do dodania", "osm_way": 220585182, "ulica": "Modlińska", "kierunek": "płd.-wschód", "wzgledem_linii_osm": "forward", "wskazowki": "mapa miasta (2021): Modlińska, Leliwitów - Elektronowa — dni powszednie, 6-10 | komunikat ZDM / zgłoszenie: Modlińska, ulica:Aluzyjna → ulica:Elektronowa (otwarty 2023-12-20) | komunikat ZDM / zgłoszenie: Modlińska, ulica:Elektronowa → ulica:Aluzyjna (otwarty 2023-12-20)", "stroke": "#e8590c", "stroke-width": 5}}, {"type": "Feature", "geometry": {"type": "LineString", "coordinates": [[20.987984, 52.304263], [20.988737, 52.303699], [20.988793, 52.303656], [20.988794, 52.303655], [20.988847, 52.303616], [20.989026, 52.30348]]}, "properties": {"kategoria": "do dodania", "osm_way": 220585184, "ulica": "Modlińska", "kierunek": "płd.-wschód", "wzgledem_linii_osm": "forward", "wskazowki": "mapa miasta (2021): Modlińska, Leliwitów - Elektronowa — dni powszednie, 6-10 | komunikat ZDM / zgłoszenie: Modlińska, ulica:Aluzyjna → ulica:Elektronowa (otwarty 2023-12-20) | komunikat ZDM / zgłoszenie: Modlińska, ulica:Elektronowa → ulica:Aluzyjna (otwarty 2023-12-20)", "stroke": "#e8590c", "stroke-width": 5}}, {"type": "Feature", "geometry": {"type": "LineString", "coordinates": [[20.981941, 52.308776], [20.982906, 52.308016], [20.982906, 52.308016], [20.982916, 52.308009]]}, "properties": {"kategoria": "do dodania", "osm_way": 220585187, "ulica": "Modlińska", "kierunek": "płd.-wschód", "wzgledem_linii_osm": "forward", "wskazowki": "mapa miasta (2021): Modlińska, Leliwitów - Elektronowa — dni powszednie, 6-10 | komunikat ZDM / zgłoszenie: Modlińska, ulica:Aluzyjna → ulica:Elektronowa (otwarty 2023-12-20) | komunikat ZDM / zgłoszenie: Modlińska, ulica:Elektronowa → ulica:Aluzyjna (otwarty 2023-12-20)", "stroke": "#e8590c", "stroke-width": 5}}, {"type": "Feature", "geometry": {"type": "LineString", "coordinates": [[21.03449, 52.254773], [21.034379, 52.254748], [21.034373, 52.254746], [21.034226, 52.254695], [21.034222, 52.254694], [21.033545, 52.254401]]}, "properties": {"kategoria": "do dodania", "osm_way": 228243412, "ulica": "Aleja „Solidarności”", "kierunek": "płd.-zachód", "wzgledem_linii_osm": "forward", "wskazowki": "mapa miasta (2021): Radzymińska/most Śląsko-Dąbrowski/al. Solidarności, Krynoliny - Andersa — codziennie, całodobowo", "stroke": "#e8590c", "stroke-width": 5}}, {"type": "Feature", "geometry": {"type": "LineString", "coordinates": [[21.053598, 52.263014], [21.053486, 52.262967]]}, "properties": {"kategoria": "do dodania", "osm_way": 229096386, "ulica": "Aleja „Solidarności”", "kierunek": "płd.-zachód", "wzgledem_linii_osm": "forward", "wskazowki": "mapa miasta (2021): Radzymińska/most Śląsko-Dąbrowski/al. Solidarności, Krynoliny - Andersa — codziennie, całodobowo", "stroke": "#e8590c", "stroke-width": 5}}, {"type": "Feature", "geometry": {"type": "LineString", "coordinates": [[21.053866, 52.263136], [21.053597, 52.263013]]}, "properties": {"kategoria": "do dodania", "osm_way": 229096387, "ulica": "Aleja „Solidarności”", "kierunek": "płd.-zachód", "wzgledem_linii_osm": "forward", "wskazowki": "mapa miasta (2021): Radzymińska/most Śląsko-Dąbrowski/al. Solidarności, Krynoliny - Andersa — codziennie, całodobowo", "stroke": "#e8590c", "stroke-width": 5}}, {"type": "Feature", "geometry": {"type": "LineString", "coordinates": [[21.054458, 52.263392], [21.053867, 52.263136]]}, "properties": {"kategoria": "do dodania", "osm_way": 229096389, "ulica": "Aleja „Solidarności”", "kierunek": "płd.-zachód", "wzgledem_linii_osm": "forward", "wskazowki": "mapa miasta (2021): Radzymińska/most Śląsko-Dąbrowski/al. Solidarności, Krynoliny - Andersa — codziennie, całodobowo", "stroke": "#e8590c", "stroke-width": 5}}, {"type": "Feature", "geometry": {"type": "LineString", "coordinates": [[21.060674, 52.269243], [21.060661, 52.269227], [21.060617, 52.269175], [21.060617, 52.269175], [21.060525, 52.269063]]}, "properties": {"kategoria": "do dodania", "osm_way": 229099180, "ulica": "Radzymińska", "kierunek": "płd.-zachód", "wzgledem_linii_osm": "forward", "wskazowki": "mapa miasta (2021): Radzymińska/most Śląsko-Dąbrowski/al. Solidarności, Krynoliny - Andersa — codziennie, całodobowo", "stroke": "#e8590c", "stroke-width": 5}}, {"type": "Feature", "geometry": {"type": "LineString", "coordinates": [[21.069161, 52.279616], [21.068598, 52.278938], [21.068598, 52.278938], [21.068341, 52.278625]]}, "properties": {"kategoria": "do dodania", "osm_way": 229101978, "ulica": "Radzymińska", "kierunek": "płd.-zachód", "wzgledem_linii_osm": "forward", "wskazowki": "mapa miasta (2021): Radzymińska, Jórskiego - Młodzieńcza — codziennie, 7-10 i 14-19 | mapa miasta (2021): Radzymińska/most Śląsko-Dąbrowski/al. Solidarności, Krynoliny - Andersa — codziennie, 7-10 i 14-19", "stroke": "#e8590c", "stroke-width": 5}}, {"type": "Feature", "geometry": {"type": "LineString", "coordinates": [[21.075917, 52.287815], [21.075867, 52.287746], [21.075841, 52.287713], [21.075814, 52.28768], [21.075485, 52.287286], [21.075457, 52.287253], [21.075457, 52.287253], [21.07543, 52.287221], [21.075296, 52.287059]]}, "properties": {"kategoria": "do dodania", "osm_way": 229101979, "ulica": "Radzymińska", "kierunek": "płd.-zachód", "wzgledem_linii_osm": "forward", "wskazowki": "mapa miasta (2021): Radzymińska/most Śląsko-Dąbrowski/al. Solidarności, Krynoliny - Andersa — codziennie, 7-10 i 14-19", "stroke": "#e8590c", "stroke-width": 5}}, {"type": "Feature", "geometry": {"type": "LineString", "coordinates": [[21.023455, 52.232427], [21.023367, 52.23241], [21.022731, 52.232312], [21.022729, 52.232311], [21.022612, 52.23229], [21.02261, 52.23229], [21.022319, 52.23223], [21.022318, 52.23223], [21.021486, 52.232053], [21.021437, 52.232043], [21.021437, 52.232043], [21.021325, 52.232022], [21.021217, 52.232005], [21.021167, 52.231999], [21.021122, 52.231995], [21.021061, 52.231992], [21.021036, 52.231991], [21.020967, 52.231989]]}, "properties": {"kategoria": "do dodania", "osm_way": 229399405, "ulica": "Aleje Jerozolimskie", "kierunek": "zachód", "wzgledem_linii_osm": "forward", "wskazowki": "mapa miasta (2021): Aleje Jerozolimskie, Wisłostrada - Miedziana — dni powszednie, 7-9 i 14-18", "stroke": "#e8590c", "stroke-width": 5}}, {"type": "Feature", "geometry": {"type": "LineString", "coordinates": [[21.018063, 52.138581], [21.018074, 52.138712]]}, "properties": {"kategoria": "do dodania", "osm_way": 229683013, "ulica": "Puławska", "kierunek": "północ", "wzgledem_linii_osm": "forward", "wskazowki": "komunikat ZDM / zgłoszenie: Puławska, granica → ulica:Rotmistrza Witolda Pileckiego (otwarty 2022-09-30) | komunikat ZDM / zgłoszenie: Puławska, ulica:Rotmistrza Witolda Pileckiego → granica (otwarty 2022-09-30)", "stroke": "#e8590c", "stroke-width": 5}}, {"type": "Feature", "geometry": {"type": "LineString", "coordinates": [[21.017621, 52.142098], [21.017613, 52.141626], [21.017609, 52.141455]]}, "properties": {"kategoria": "do dodania", "osm_way": 229683017, "ulica": "Puławska", "kierunek": "południe", "wzgledem_linii_osm": "forward", "wskazowki": "komunikat ZDM / zgłoszenie: Puławska, granica → ulica:Rotmistrza Witolda Pileckiego (otwarty 2022-09-30) | komunikat ZDM / zgłoszenie: Puławska, ulica:Rotmistrza Witolda Pileckiego → granica (otwarty 2022-09-30)", "stroke": "#e8590c", "stroke-width": 5}}, {"type": "Feature", "geometry": {"type": "LineString", "coordinates": [[21.0176, 52.138279], [21.017625, 52.138205], [21.017663, 52.138056]]}, "properties": {"kategoria": "do dodania", "osm_way": 230360954, "ulica": "Puławska", "kierunek": "południe", "wzgledem_linii_osm": "forward", "wskazowki": "komunikat ZDM / zgłoszenie: Puławska, granica → ulica:Rotmistrza Witolda Pileckiego (otwarty 2022-09-30) | komunikat ZDM / zgłoszenie: Puławska, ulica:Rotmistrza Witolda Pileckiego → granica (otwarty 2022-09-30)", "stroke": "#e8590c", "stroke-width": 5}}, {"type": "Feature", "geometry": {"type": "LineString", "coordinates": [[21.017409, 52.138691], [21.017482, 52.138515], [21.017482, 52.138514], [21.017602, 52.138276]]}, "properties": {"kategoria": "do dodania", "osm_way": 230360956, "ulica": "Puławska", "kierunek": "południe", "wzgledem_linii_osm": "forward", "wskazowki": "komunikat ZDM / zgłoszenie: Puławska, ulica:Rotmistrza Witolda Pileckiego → granica (otwarty 2022-09-30)", "stroke": "#e8590c", "stroke-width": 5}}, {"type": "Feature", "geometry": {"type": "LineString", "coordinates": [[21.044066, 52.224396], [21.043908, 52.224366], [21.043908, 52.224365], [21.043142, 52.224208]]}, "properties": {"kategoria": "do dodania", "osm_way": 230722185, "ulica": "Most Łazienkowski", "kierunek": "zachód", "wzgledem_linii_osm": "forward", "wskazowki": "mapa miasta (2021): Grzymały-Sokołowskiego/Kopińska/Wawelska/al. Armii Ludowej/most Łazienkowski/al. Stanów Zjednoczonych, Szczęśliwicka - Kanał Gocławski — codziennie, całodobowo | mapa miasta (2021): al. Stanów Zjednoczonych/most Łazienkowski/al. Armii Ludowej/Wawelska, Ostrobramska - Grójecka — codziennie, całodobowo", "stroke": "#e8590c", "stroke-width": 5}}, {"type": "Feature", "geometry": {"type": "LineString", "coordinates": [[21.05354, 52.226176], [21.054641, 52.226395], [21.054642, 52.226395], [21.055199, 52.226515]]}, "properties": {"kategoria": "do dodania", "osm_way": 230722187, "ulica": "Most Łazienkowski", "kierunek": "wschód", "wzgledem_linii_osm": "forward", "wskazowki": "mapa miasta (2021): Grzymały-Sokołowskiego/Kopińska/Wawelska/al. Armii Ludowej/most Łazienkowski/al. Stanów Zjednoczonych, Szczęśliwicka - Kanał Gocławski — codziennie, całodobowo | mapa miasta (2021): al. Stanów Zjednoczonych/most Łazienkowski/al. Armii Ludowej/Wawelska, Ostrobramska - Grójecka — codziennie, całodobowo", "stroke": "#e8590c", "stroke-width": 5}}, {"type": "Feature", "geometry": {"type": "LineString", "coordinates": [[20.982522, 52.308996], [20.98122, 52.309903], [20.98122, 52.309903], [20.980476, 52.310417]]}, "properties": {"kategoria": "do dodania", "osm_way": 231035274, "ulica": "Modlińska", "kierunek": "płn.-zachód", "wzgledem_linii_osm": "forward", "wskazowki": "komunikat ZDM / zgłoszenie: Modlińska, ulica:Aluzyjna → ulica:Elektronowa (otwarty 2023-12-20) | komunikat ZDM / zgłoszenie: Modlińska, ulica:Elektronowa → ulica:Aluzyjna (otwarty 2023-12-20)", "stroke": "#e8590c", "stroke-width": 5}}, {"type": "Feature", "geometry": {"type": "LineString", "coordinates": [[20.985471, 52.306692], [20.984994, 52.307069]]}, "properties": {"kategoria": "do dodania", "osm_way": 231035275, "ulica": "Modlińska", "kierunek": "płn.-zachód", "wzgledem_linii_osm": "forward", "wskazowki": "komunikat ZDM / zgłoszenie: Modlińska, ulica:Aluzyjna → ulica:Elektronowa (otwarty 2023-12-20) | komunikat ZDM / zgłoszenie: Modlińska, ulica:Elektronowa → ulica:Aluzyjna (otwarty 2023-12-20)", "stroke": "#e8590c", "stroke-width": 5}}, {"type": "Feature", "geometry": {"type": "LineString", "coordinates": [[20.984994, 52.307069], [20.984332, 52.30759]]}, "properties": {"kategoria": "do dodania", "osm_way": 231035276, "ulica": "Modlińska", "kierunek": "płn.-zachód", "wzgledem_linii_osm": "forward", "wskazowki": "komunikat ZDM / zgłoszenie: Modlińska, ulica:Aluzyjna → ulica:Elektronowa (otwarty 2023-12-20) | komunikat ZDM / zgłoszenie: Modlińska, ulica:Elektronowa → ulica:Aluzyjna (otwarty 2023-12-20)", "stroke": "#e8590c", "stroke-width": 5}}, {"type": "Feature", "geometry": {"type": "LineString", "coordinates": [[20.988282, 52.304452], [20.987928, 52.30474], [20.987927, 52.304741], [20.986266, 52.305998]]}, "properties": {"kategoria": "do dodania", "osm_way": 231035277, "ulica": "Modlińska", "kierunek": "płn.-zachód", "wzgledem_linii_osm": "forward", "wskazowki": "mapa miasta (2021): Modlińska, Leliwitów - Elektronowa — dni powszednie, 6-10 | komunikat ZDM / zgłoszenie: Modlińska, ulica:Aluzyjna → ulica:Elektronowa (otwarty 2023-12-20) | komunikat ZDM / zgłoszenie: Modlińska, ulica:Elektronowa → ulica:Aluzyjna (otwarty 2023-12-20)", "stroke": "#e8590c", "stroke-width": 5}}, {"type": "Feature", "geometry": {"type": "LineString", "coordinates": [[20.978363, 52.312447], [20.978201, 52.312686], [20.978201, 52.312686], [20.97794, 52.313065], [20.977834, 52.313218], [20.977834, 52.313219], [20.977542, 52.313628]]}, "properties": {"kategoria": "do dodania", "osm_way": 231035279, "ulica": "Modlińska", "kierunek": "płn.-zachód", "wzgledem_linii_osm": "forward", "wskazowki": "mapa miasta (2021): Modlińska, Leliwitów - Elektronowa — dni powszednie, 6-10 | komunikat ZDM / zgłoszenie: Modlińska, ulica:Aluzyjna → ulica:Elektronowa (otwarty 2023-12-20) | komunikat ZDM / zgłoszenie: Modlińska, ulica:Elektronowa → ulica:Aluzyjna (otwarty 2023-12-20)", "stroke": "#e8590c", "stroke-width": 5}}, {"type": "Feature", "geometry": {"type": "LineString", "coordinates": [[20.979155, 52.31149], [20.97896, 52.31169], [20.978745, 52.311937], [20.978494, 52.312263], [20.97846, 52.312307], [20.978363, 52.312447]]}, "properties": {"kategoria": "do dodania", "osm_way": 231035280, "ulica": "Modlińska", "kierunek": "płn.-zachód", "wzgledem_linii_osm": "forward", "wskazowki": "mapa miasta (2021): Modlińska, Leliwitów - Elektronowa — dni powszednie, 6-10 | komunikat ZDM / zgłoszenie: Modlińska, ulica:Aluzyjna → ulica:Elektronowa (otwarty 2023-12-20) | komunikat ZDM / zgłoszenie: Modlińska, ulica:Elektronowa → ulica:Aluzyjna (otwarty 2023-12-20)", "stroke": "#e8590c", "stroke-width": 5}}, {"type": "Feature", "geometry": {"type": "LineString", "coordinates": [[20.967794, 52.328134], [20.966615, 52.330156]]}, "properties": {"kategoria": "do dodania", "osm_way": 231077701, "ulica": "Modlińska", "kierunek": "północ", "wzgledem_linii_osm": "forward", "wskazowki": "komunikat ZDM / zgłoszenie: Modlińska, ulica:Aluzyjna → ulica:Elektronowa (otwarty 2023-12-20) | komunikat ZDM / zgłoszenie: Modlińska, ulica:Elektronowa → ulica:Aluzyjna (otwarty 2023-12-20)", "stroke": "#e8590c", "stroke-width": 5}}, {"type": "Feature", "geometry": {"type": "LineString", "coordinates": [[20.972979, 52.320073], [20.972547, 52.320702]]}, "properties": {"kategoria": "do dodania", "osm_way": 231077702, "ulica": "Modlińska", "kierunek": "płn.-zachód", "wzgledem_linii_osm": "forward", "wskazowki": "komunikat ZDM / zgłoszenie: Modlińska, ulica:Aluzyjna → ulica:Elektronowa (otwarty 2023-12-20) | komunikat ZDM / zgłoszenie: Modlińska, ulica:Elektronowa → ulica:Aluzyjna (otwarty 2023-12-20)", "stroke": "#e8590c", "stroke-width": 5}}, {"type": "Feature", "geometry": {"type": "LineString", "coordinates": [[20.968897, 52.326215], [20.968323, 52.327218], [20.968299, 52.32726], [20.968299, 52.32726], [20.968217, 52.327401]]}, "properties": {"kategoria": "do dodania", "osm_way": 231077703, "ulica": "Modlińska", "kierunek": "północ", "wzgledem_linii_osm": "forward", "wskazowki": "komunikat ZDM / zgłoszenie: Modlińska, ulica:Aluzyjna → ulica:Elektronowa (otwarty 2023-12-20) | komunikat ZDM / zgłoszenie: Modlińska, ulica:Elektronowa → ulica:Aluzyjna (otwarty 2023-12-20)", "stroke": "#e8590c", "stroke-width": 5}}, {"type": "Feature", "geometry": {"type": "LineString", "coordinates": [[20.97158, 52.322113], [20.971372, 52.322413]]}, "properties": {"kategoria": "do dodania", "osm_way": 231077704, "ulica": "Modlińska", "kierunek": "płn.-zachód", "wzgledem_linii_osm": "forward", "wskazowki": "komunikat ZDM / zgłoszenie: Modlińska, ulica:Aluzyjna → ulica:Elektronowa (otwarty 2023-12-20) | komunikat ZDM / zgłoszenie: Modlińska, ulica:Elektronowa → ulica:Aluzyjna (otwarty 2023-12-20)", "stroke": "#e8590c", "stroke-width": 5}}, {"type": "Feature", "geometry": {"type": "LineString", "coordinates": [[20.971372, 52.322413], [20.970819, 52.323169]]}, "properties": {"kategoria": "do dodania", "osm_way": 231077705, "ulica": "Modlińska", "kierunek": "płn.-zachód", "wzgledem_linii_osm": "forward", "wskazowki": "komunikat ZDM / zgłoszenie: Modlińska, ulica:Aluzyjna → ulica:Elektronowa (otwarty 2023-12-20) | komunikat ZDM / zgłoszenie: Modlińska, ulica:Elektronowa → ulica:Aluzyjna (otwarty 2023-12-20)", "stroke": "#e8590c", "stroke-width": 5}}, {"type": "Feature", "geometry": {"type": "LineString", "coordinates": [[20.977542, 52.313628], [20.977336, 52.313917], [20.977131, 52.314206], [20.976984, 52.314422], [20.976983, 52.314423], [20.976914, 52.314511]]}, "properties": {"kategoria": "do dodania", "osm_way": 231077706, "ulica": "Modlińska", "kierunek": "płn.-zachód", "wzgledem_linii_osm": "forward", "wskazowki": "mapa miasta (2021): Modlińska, Leliwitów - Elektronowa — dni powszednie, 6-10 | komunikat ZDM / zgłoszenie: Modlińska, ulica:Aluzyjna → ulica:Elektronowa (otwarty 2023-12-20) | komunikat ZDM / zgłoszenie: Modlińska, ulica:Elektronowa → ulica:Aluzyjna (otwarty 2023-12-20)", "stroke": "#e8590c", "stroke-width": 5}}, {"type": "Feature", "geometry": {"type": "LineString", "coordinates": [[20.968217, 52.327401], [20.968001, 52.327777], [20.968001, 52.327777], [20.967794, 52.328134]]}, "properties": {"kategoria": "do dodania", "osm_way": 231077708, "ulica": "Modlińska", "kierunek": "północ", "wzgledem_linii_osm": "forward", "wskazowki": "komunikat ZDM / zgłoszenie: Modlińska, ulica:Aluzyjna → ulica:Elektronowa (otwarty 2023-12-20) | komunikat ZDM / zgłoszenie: Modlińska, ulica:Elektronowa → ulica:Aluzyjna (otwarty 2023-12-20)", "stroke": "#e8590c", "stroke-width": 5}}, {"type": "Feature", "geometry": {"type": "LineString", "coordinates": [[20.966615, 52.330156], [20.966017, 52.331224], [20.965985, 52.331281], [20.965982, 52.331285], [20.965801, 52.331502]]}, "properties": {"kategoria": "do dodania", "osm_way": 231077710, "ulica": "Modlińska", "kierunek": "północ", "wzgledem_linii_osm": "forward", "wskazowki": "komunikat ZDM / zgłoszenie: Modlińska, ulica:Aluzyjna → ulica:Elektronowa (otwarty 2023-12-20) | komunikat ZDM / zgłoszenie: Modlińska, ulica:Elektronowa → ulica:Aluzyjna (otwarty 2023-12-20)", "stroke": "#e8590c", "stroke-width": 5}}, {"type": "Feature", "geometry": {"type": "LineString", "coordinates": [[20.975748, 52.316491], [20.975607, 52.316655], [20.975555, 52.316715], [20.975554, 52.316715], [20.975521, 52.316753], [20.975497, 52.316782], [20.975308, 52.317037], [20.975159, 52.317244], [20.975024, 52.317437]]}, "properties": {"kategoria": "do dodania", "osm_way": 231077714, "ulica": "Modlińska", "kierunek": "płn.-zachód", "wzgledem_linii_osm": "forward", "wskazowki": "komunikat ZDM / zgłoszenie: Modlińska, ulica:Aluzyjna → ulica:Elektronowa (otwarty 2023-12-20) | komunikat ZDM / zgłoszenie: Modlińska, ulica:Elektronowa → ulica:Aluzyjna (otwarty 2023-12-20)", "stroke": "#e8590c", "stroke-width": 5}}, {"type": "Feature", "geometry": {"type": "LineString", "coordinates": [[21.017662, 52.138057], [21.017691, 52.13788], [21.017699, 52.13773]]}, "properties": {"kategoria": "do dodania", "osm_way": 231553022, "ulica": "Puławska", "kierunek": "południe", "wzgledem_linii_osm": "forward", "wskazowki": "komunikat ZDM / zgłoszenie: Puławska, granica → ulica:Rotmistrza Witolda Pileckiego (otwarty 2022-09-30) | komunikat ZDM / zgłoszenie: Puławska, ulica:Rotmistrza Witolda Pileckiego → granica (otwarty 2022-09-30)", "stroke": "#e8590c", "stroke-width": 5}}, {"type": "Feature", "geometry": {"type": "LineString", "coordinates": [[21.017892, 52.142344], [21.017872, 52.143327], [21.017868, 52.143542]]}, "properties": {"kategoria": "do dodania", "osm_way": 231553023, "ulica": "Puławska", "kierunek": "północ", "wzgledem_linii_osm": "forward", "wskazowki": "komunikat ZDM / zgłoszenie: Puławska, granica → ulica:Rotmistrza Witolda Pileckiego (otwarty 2022-09-30) | komunikat ZDM / zgłoszenie: Puławska, ulica:Rotmistrza Witolda Pileckiego → granica (otwarty 2022-09-30)", "stroke": "#e8590c", "stroke-width": 5}}, {"type": "Feature", "geometry": {"type": "LineString", "coordinates": [[21.018003, 52.137965], [21.018013, 52.138157], [21.01804, 52.138376], [21.01804, 52.138376], [21.018063, 52.13858]]}, "properties": {"kategoria": "do dodania", "osm_way": 231553024, "ulica": "Puławska", "kierunek": "północ", "wzgledem_linii_osm": "forward", "wskazowki": "komunikat ZDM / zgłoszenie: Puławska, granica → ulica:Rotmistrza Witolda Pileckiego (otwarty 2022-09-30) | komunikat ZDM / zgłoszenie: Puławska, ulica:Rotmistrza Witolda Pileckiego → granica (otwarty 2022-09-30)", "stroke": "#e8590c", "stroke-width": 5}}, {"type": "Feature", "geometry": {"type": "LineString", "coordinates": [[21.027538, 52.257746], [21.027748, 52.257574], [21.027813, 52.25752], [21.027879, 52.257466], [21.027879, 52.257466], [21.027925, 52.257429], [21.027925, 52.257429], [21.028239, 52.257174]]}, "properties": {"kategoria": "do dodania", "osm_way": 231726621, "ulica": "Jagiellońska", "kierunek": "płd.-wschód", "wzgledem_linii_osm": "backward", "wskazowki": "mapa miasta (2021): Jagiellońska, pl. Hallera - Ratuszowa — codziennie, całodobowo", "stroke": "#e8590c", "stroke-width": 5}}, {"type": "Feature", "geometry": {"type": "LineString", "coordinates": [[21.047531, 52.246927], [21.047512, 52.246979], [21.047476, 52.24714], [21.047471, 52.247341]]}, "properties": {"kategoria": "do dodania", "osm_way": 231846376, "ulica": "Aleja Zieleniecka", "kierunek": "północ", "wzgledem_linii_osm": "forward", "wskazowki": "komunikat ZDM / zgłoszenie: Aleja Zieleniecka, ulica:Rondo Jerzego Waszyngtona → ulica:Targowa (otwarty 2026-10-01)", "stroke": "#e8590c", "stroke-width": 5}}, {"type": "Feature", "geometry": {"type": "LineString", "coordinates": [[21.044724, 52.248975], [21.044484, 52.249056], [21.044372, 52.249094], [21.044081, 52.249194], [21.04358, 52.249366], [21.043578, 52.249366], [21.043492, 52.249392], [21.043261, 52.249462]]}, "properties": {"kategoria": "do dodania", "osm_way": 232073928, "ulica": "Targowa", "kierunek": "płn.-zachód", "wzgledem_linii_osm": "forward", "wskazowki": "mapa miasta (2021): Targowa, Zamoyskiego - Mackiewicza — codziennie, całodobowo", "stroke": "#e8590c", "stroke-width": 5}}, {"type": "Feature", "geometry": {"type": "LineString", "coordinates": [[21.012583, 52.246233], [21.012516, 52.246253], [21.012323, 52.246311]]}, "properties": {"kategoria": "do dodania", "osm_way": 236453319, "ulica": "Miodowa", "kierunek": "płn.-zachód", "wzgledem_linii_osm": "backward", "wskazowki": "mapa miasta (2021): Nowy Świat/Krakowskie Przedmieście, Senatorska - Smolna — codziennie, całodobowo | mapa miasta (2021): Nowy Świat/Krakowskie Przedmieście, Smolna - Senatorska — codziennie, całodobowo", "stroke": "#e8590c", "stroke-width": 5}}, {"type": "Feature", "geometry": {"type": "LineString", "coordinates": [[21.012285, 52.246262], [21.012477, 52.246204], [21.012477, 52.246204], [21.012545, 52.246184]]}, "properties": {"kategoria": "do dodania", "osm_way": 236453319, "ulica": "Miodowa", "kierunek": "płd.-wschód", "wzgledem_linii_osm": "forward", "wskazowki": "mapa miasta (2021): Nowy Świat/Krakowskie Przedmieście, Senatorska - Smolna — codziennie, całodobowo | mapa miasta (2021): Nowy Świat/Krakowskie Przedmieście, Smolna - Senatorska — codziennie, całodobowo", "stroke": "#e8590c", "stroke-width": 5}}, {"type": "Feature", "geometry": {"type": "LineString", "coordinates": [[20.951196, 52.343807], [20.951231, 52.343766]]}, "properties": {"kategoria": "do dodania", "osm_way": 237616656, "ulica": "Modlińska", "kierunek": "płd.-wschód", "wzgledem_linii_osm": "forward", "wskazowki": "komunikat ZDM / zgłoszenie: Modlińska, ulica:Aluzyjna → ulica:Elektronowa (otwarty 2023-12-20) | komunikat ZDM / zgłoszenie: Modlińska, ulica:Elektronowa → ulica:Aluzyjna (otwarty 2023-12-20)", "stroke": "#e8590c", "stroke-width": 5}}, {"type": "Feature", "geometry": {"type": "LineString", "coordinates": [[20.95169, 52.343747], [20.951494, 52.343978], [20.951306, 52.344201]]}, "properties": {"kategoria": "do dodania", "osm_way": 237616657, "ulica": "Modlińska", "kierunek": "płn.-zachód", "wzgledem_linii_osm": "forward", "wskazowki": "komunikat ZDM / zgłoszenie: Modlińska, ulica:Aluzyjna → ulica:Elektronowa (otwarty 2023-12-20) | komunikat ZDM / zgłoszenie: Modlińska, ulica:Elektronowa → ulica:Aluzyjna (otwarty 2023-12-20)", "stroke": "#e8590c", "stroke-width": 5}}, {"type": "Feature", "geometry": {"type": "LineString", "coordinates": [[20.954948, 52.340357], [20.955055, 52.340265], [20.955492, 52.339888], [20.955851, 52.339579], [20.955851, 52.339578], [20.956301, 52.339202], [20.956468, 52.339059], [20.956562, 52.338979], [20.957044, 52.338564], [20.957436, 52.338227], [20.957436, 52.338227], [20.957618, 52.338071], [20.957669, 52.338027]]}, "properties": {"kategoria": "do dodania", "osm_way": 237616658, "ulica": "Modlińska", "kierunek": "płd.-wschód", "wzgledem_linii_osm": "forward", "wskazowki": "komunikat ZDM / zgłoszenie: Modlińska, ulica:Aluzyjna → ulica:Elektronowa (otwarty 2023-12-20) | komunikat ZDM / zgłoszenie: Modlińska, ulica:Elektronowa → ulica:Aluzyjna (otwarty 2023-12-20)", "stroke": "#e8590c", "stroke-width": 5}}, {"type": "Feature", "geometry": {"type": "LineString", "coordinates": [[21.042034, 52.171199], [21.042937, 52.171941], [21.042939, 52.171943], [21.043205, 52.172205], [21.043206, 52.172206], [21.04347, 52.172506], [21.043472, 52.172507], [21.043661, 52.172764], [21.043662, 52.172765], [21.043824, 52.173024], [21.043825, 52.173026], [21.043984, 52.17334], [21.043985, 52.173342], [21.044117, 52.173663], [21.044117, 52.173664], [21.044193, 52.173878], [21.044193, 52.173878], [21.044262, 52.174098]]}, "properties": {"kategoria": "do dodania", "osm_way": 238226808, "ulica": "Dolina Służewiecka", "kierunek": "płn.-wschód", "wzgledem_linii_osm": "forward", "wskazowki": "komunikat ZDM / zgłoszenie: Dolina Służewiecka / Aleja Generała Władysława Sikorskiego, ulica:Nowoursynowska → ulica:Jana III Sobieskiego (otwarty 2022-01-10) | komunikat ZDM / zgłoszenie: Dolina Służewiecka / Aleja Generała Władysława Sikorskiego, ulica:Jana III Sobieskiego → ulica:Nowoursynowska (otwarty 2022-01-10)", "stroke": "#e8590c", "stroke-width": 5}}, {"type": "Feature", "geometry": {"type": "LineString", "coordinates": [[20.942523, 52.239149], [20.942653, 52.239137]]}, "properties": {"kategoria": "do dodania", "osm_way": 238377449, "ulica": "Górczewska", "kierunek": "wschód", "wzgledem_linii_osm": "forward", "wskazowki": "mapa miasta (2021): Górczewska, Góralska - al. Prymasa Tysiąclecia — codziennie, 7-10 i 14-19", "stroke": "#e8590c", "stroke-width": 5}}, {"type": "Feature", "geometry": {"type": "LineString", "coordinates": [[21.018277, 52.139884], [21.018252, 52.140038], [21.018252, 52.14004], [21.0182, 52.140231], [21.018145, 52.140437], [21.018095, 52.140632], [21.018095, 52.140632], [21.018074, 52.140708]]}, "properties": {"kategoria": "do dodania", "osm_way": 238500373, "ulica": "Puławska", "kierunek": "północ", "wzgledem_linii_osm": "forward", "wskazowki": "komunikat ZDM / zgłoszenie: Puławska, granica → ulica:Rotmistrza Witolda Pileckiego (otwarty 2022-09-30)", "stroke": "#e8590c", "stroke-width": 5}}, {"type": "Feature", "geometry": {"type": "LineString", "coordinates": [[21.017401, 52.13988], [21.017391, 52.139683], [21.017387, 52.13962], [21.017387, 52.139619], [21.017403, 52.139339], [21.017406, 52.139267]]}, "properties": {"kategoria": "do dodania", "osm_way": 238500374, "ulica": "Rondo Wolnej Białorusi", "kierunek": "południe", "wzgledem_linii_osm": "forward", "wskazowki": "komunikat ZDM / zgłoszenie: Puławska, ulica:Rotmistrza Witolda Pileckiego → granica (otwarty 2022-09-30)", "stroke": "#e8590c", "stroke-width": 5}}, {"type": "Feature", "geometry": {"type": "LineString", "coordinates": [[21.018074, 52.138712], [21.018089, 52.138901], [21.018107, 52.139011], [21.018149, 52.139158], [21.018149, 52.139158], [21.018184, 52.139283]]}, "properties": {"kategoria": "do dodania", "osm_way": 238504432, "ulica": "Puławska", "kierunek": "północ", "wzgledem_linii_osm": "forward", "wskazowki": "komunikat ZDM / zgłoszenie: Puławska, granica → ulica:Rotmistrza Witolda Pileckiego (otwarty 2022-09-30)", "stroke": "#e8590c", "stroke-width": 5}}, {"type": "Feature", "geometry": {"type": "LineString", "coordinates": [[21.018184, 52.139283], [21.018223, 52.13944], [21.018224, 52.139442], [21.018281, 52.139814], [21.018282, 52.139817], [21.018277, 52.139882]]}, "properties": {"kategoria": "do dodania", "osm_way": 238504433, "ulica": "Rondo Wolnej Białorusi", "kierunek": "północ", "wzgledem_linii_osm": "forward", "wskazowki": "komunikat ZDM / zgłoszenie: Puławska, granica → ulica:Rotmistrza Witolda Pileckiego (otwarty 2022-09-30)", "stroke": "#e8590c", "stroke-width": 5}}, {"type": "Feature", "geometry": {"type": "LineString", "coordinates": [[20.949227, 52.209732], [20.94941, 52.20985], [20.949492, 52.209903], [20.949622, 52.209986], [20.949662, 52.210012], [20.949663, 52.210013], [20.950161, 52.210348], [20.95085, 52.210807], [20.951152, 52.210992], [20.951154, 52.210994], [20.951465, 52.211209]]}, "properties": {"kategoria": "do dodania", "osm_way": 240493745, "ulica": "Aleje Jerozolimskie", "kierunek": "płn.-wschód", "wzgledem_linii_osm": "forward", "wskazowki": "mapa miasta (2021): Aleje Jerozolimskie, Łopuszańska - Dw. Zachodni — dni powszednie, 6-20", "stroke": "#e8590c", "stroke-width": 5}}, {"type": "Feature", "geometry": {"type": "LineString", "coordinates": [[20.993869, 52.241837], [20.994028, 52.241901], [20.994067, 52.241917], [20.994114, 52.241934], [20.994172, 52.241953], [20.994653, 52.242113], [20.994946, 52.242208], [20.994946, 52.242208], [20.995592, 52.242418]]}, "properties": {"kategoria": "do dodania", "osm_way": 240548751, "ulica": "Aleja „Solidarności”", "kierunek": "płn.-wschód", "wzgledem_linii_osm": "forward", "wskazowki": "mapa miasta (2021): al. Solidarności, Okopowa - Jagiellońska — codziennie, 6-20", "stroke": "#e8590c", "stroke-width": 5}}, {"type": "Feature", "geometry": {"type": "LineString", "coordinates": [[21.000278, 52.217044], [21.0, 52.217042], [20.999997, 52.217042], [20.999759, 52.217032]]}, "properties": {"kategoria": "do dodania", "osm_way": 242068287, "ulica": "Wawelska", "kierunek": "zachód", "wzgledem_linii_osm": "forward", "wskazowki": "mapa miasta (2021): Grzymały-Sokołowskiego/Kopińska/Wawelska/al. Armii Ludowej/most Łazienkowski/al. Stanów Zjednoczonych, Szczęśliwicka - Kanał Gocławski — codziennie, całodobowo | mapa miasta (2021): al. Stanów Zjednoczonych/most Łazienkowski/al. Armii Ludowej/Wawelska, Ostrobramska - Grójecka — codziennie, całodobowo", "stroke": "#e8590c", "stroke-width": 5}}, {"type": "Feature", "geometry": {"type": "LineString", "coordinates": [[21.028727, 52.25214], [21.028795, 52.252147], [21.028797, 52.252148], [21.028905, 52.252163], [21.028908, 52.252164], [21.028993, 52.252179], [21.028997, 52.25218], [21.029075, 52.252201], [21.029079, 52.252201], [21.029147, 52.252223], [21.02915, 52.252224], [21.029272, 52.25227]]}, "properties": {"kategoria": "do dodania", "osm_way": 243305872, "ulica": "Aleja „Solidarności”", "kierunek": "płn.-wschód", "wzgledem_linii_osm": "forward", "wskazowki": "mapa miasta (2021): al. Solidarności, Okopowa - Jagiellońska — codziennie, całodobowo | mapa miasta (2021): Radzymińska/most Śląsko-Dąbrowski/al. Solidarności, Krynoliny - Andersa — codziennie, całodobowo", "stroke": "#e8590c", "stroke-width": 5}}, {"type": "Feature", "geometry": {"type": "LineString", "coordinates": [[20.984175, 52.218206], [20.984223, 52.218223], [20.984227, 52.218225], [20.984269, 52.218243], [20.984271, 52.218244], [20.984321, 52.218268], [20.984323, 52.218269], [20.984363, 52.21829], [20.984365, 52.218291], [20.984397, 52.218311], [20.984399, 52.218313], [20.984429, 52.218335], [20.98443, 52.218336], [20.984457, 52.218357], [20.984458, 52.218358], [20.984486, 52.218384], [20.984488, 52.218386], [20.984585, 52.218496]]}, "properties": {"kategoria": "do dodania", "osm_way": 243382591, "ulica": "Plac Gabriela Narutowicza", "kierunek": "płn.-wschód", "wzgledem_linii_osm": "forward", "wskazowki": "mapa miasta (2021): Grójecka/Aleje Jerozolimskie, Wawelska - Bracka — dni powszednie, 7-9 i 14-18", "stroke": "#e8590c", "stroke-width": 5}}, {"type": "Feature", "geometry": {"type": "LineString", "coordinates": [[20.974131, 52.317798], [20.974156, 52.317779], [20.974156, 52.317779], [20.974173, 52.317765], [20.974175, 52.317763], [20.974218, 52.317735], [20.974275, 52.317691], [20.974305, 52.317663], [20.974325, 52.31764], [20.97472, 52.317082]]}, "properties": {"kategoria": "do dodania", "osm_way": 253111680, "ulica": "Modlińska", "kierunek": "płd.-wschód", "wzgledem_linii_osm": "forward", "wskazowki": "mapa miasta (2021): Modlińska, Leliwitów - Elektronowa — dni powszednie, 6-10 | komunikat ZDM / zgłoszenie: Modlińska, ulica:Aluzyjna → ulica:Elektronowa (otwarty 2023-12-20) | komunikat ZDM / zgłoszenie: Modlińska, ulica:Elektronowa → ulica:Aluzyjna (otwarty 2023-12-20)", "stroke": "#e8590c", "stroke-width": 5}}, {"type": "Feature", "geometry": {"type": "LineString", "coordinates": [[20.975024, 52.317438], [20.974882, 52.317635], [20.974879, 52.317638], [20.974816, 52.317702], [20.974811, 52.317706], [20.974727, 52.317765]]}, "properties": {"kategoria": "do dodania", "osm_way": 253111682, "ulica": "Modlińska", "kierunek": "płn.-zachód", "wzgledem_linii_osm": "forward", "wskazowki": "komunikat ZDM / zgłoszenie: Modlińska, ulica:Aluzyjna → ulica:Elektronowa (otwarty 2023-12-20) | komunikat ZDM / zgłoszenie: Modlińska, ulica:Elektronowa → ulica:Aluzyjna (otwarty 2023-12-20)", "stroke": "#e8590c", "stroke-width": 5}}, {"type": "Feature", "geometry": {"type": "LineString", "coordinates": [[20.974724, 52.317767], [20.974652, 52.31781], [20.974591, 52.317848], [20.974537, 52.317884], [20.974505, 52.317911], [20.974474, 52.317938]]}, "properties": {"kategoria": "do dodania", "osm_way": 253111684, "ulica": "Modlińska", "kierunek": "płn.-zachód", "wzgledem_linii_osm": "forward", "wskazowki": "komunikat ZDM / zgłoszenie: Modlińska, ulica:Aluzyjna → ulica:Elektronowa (otwarty 2023-12-20) | komunikat ZDM / zgłoszenie: Modlińska, ulica:Elektronowa → ulica:Aluzyjna (otwarty 2023-12-20)", "stroke": "#e8590c", "stroke-width": 5}}, {"type": "Feature", "geometry": {"type": "LineString", "coordinates": [[20.976794, 52.314978], [20.9765, 52.315358], [20.976292, 52.315655], [20.976084, 52.315964], [20.976066, 52.316], [20.976066, 52.316], [20.976039, 52.316052], [20.976039, 52.316052], [20.976022, 52.316084], [20.976021, 52.316086], [20.975931, 52.316225], [20.975844, 52.31636]]}, "properties": {"kategoria": "do dodania", "osm_way": 253111685, "ulica": "Modlińska", "kierunek": "płn.-zachód", "wzgledem_linii_osm": "forward", "wskazowki": "komunikat ZDM / zgłoszenie: Modlińska, ulica:Aluzyjna → ulica:Elektronowa (otwarty 2023-12-20) | komunikat ZDM / zgłoszenie: Modlińska, ulica:Elektronowa → ulica:Aluzyjna (otwarty 2023-12-20)", "stroke": "#e8590c", "stroke-width": 5}}, {"type": "Feature", "geometry": {"type": "LineString", "coordinates": [[21.063693, 52.272909], [21.063617, 52.272814]]}, "properties": {"kategoria": "do dodania", "osm_way": 253839927, "ulica": "Radzymińska", "kierunek": "płd.-zachód", "wzgledem_linii_osm": "forward", "wskazowki": "mapa miasta (2021): Radzymińska/most Śląsko-Dąbrowski/al. Solidarności, Krynoliny - Andersa — codziennie, całodobowo", "stroke": "#e8590c", "stroke-width": 5}}, {"type": "Feature", "geometry": {"type": "LineString", "coordinates": [[21.001994, 52.182074], [21.002011, 52.181604], [21.002017, 52.181141]]}, "properties": {"kategoria": "do dodania", "osm_way": 263669961, "ulica": "Wołoska", "kierunek": "południe", "wzgledem_linii_osm": "forward", "wskazowki": "mapa miasta (2021): Wołoska, Domaniewska - rondo Unii Europejskiej — dni powszednie, 6-20", "stroke": "#e8590c", "stroke-width": 5}}, {"type": "Feature", "geometry": {"type": "LineString", "coordinates": [[21.052845, 52.293915], [21.05271, 52.293717], [21.052428, 52.293302]]}, "properties": {"kategoria": "do dodania", "osm_way": 293417117, "ulica": "Świętego Wincentego", "kierunek": "południe", "wzgledem_linii_osm": "forward", "wskazowki": "komunikat ZDM / zgłoszenie: Głębocka / Świętego Wincentego, przystanek:117903 → ulica:Ludwika Kondratowicza (otwarty 2024-12-06)", "stroke": "#e8590c", "stroke-width": 5}}, {"type": "Feature", "geometry": {"type": "LineString", "coordinates": [[21.053433, 52.294778], [21.053411, 52.294746]]}, "properties": {"kategoria": "do dodania", "osm_way": 293417215, "ulica": "Świętego Wincentego", "kierunek": "południe", "wzgledem_linii_osm": "forward", "wskazowki": "komunikat ZDM / zgłoszenie: Głębocka / Świętego Wincentego, przystanek:117903 → ulica:Ludwika Kondratowicza (otwarty 2024-12-06)", "stroke": "#e8590c", "stroke-width": 5}}, {"type": "Feature", "geometry": {"type": "LineString", "coordinates": [[21.001239, 52.244228], [21.001246, 52.24423], [21.001355, 52.244251], [21.00137, 52.244253], [21.001371, 52.244254], [21.001422, 52.244264], [21.001446, 52.244269], [21.001446, 52.244269], [21.001526, 52.244285], [21.00153, 52.244285], [21.002031, 52.244418], [21.002034, 52.244419], [21.00244, 52.244548], [21.002658, 52.244604], [21.002938, 52.244675], [21.002942, 52.244676], [21.002961, 52.244682], [21.002964, 52.244683], [21.003169, 52.244763], [21.003182, 52.244767]]}, "properties": {"kategoria": "do dodania", "osm_way": 302956188, "ulica": "Aleja „Solidarności”", "kierunek": "płn.-wschód", "wzgledem_linii_osm": "forward", "wskazowki": "mapa miasta (2021): al. Solidarności, Okopowa - Jagiellońska — codziennie, całodobowo | mapa miasta (2021): Radzymińska/most Śląsko-Dąbrowski/al. Solidarności, Krynoliny - Andersa — codziennie, całodobowo", "stroke": "#e8590c", "stroke-width": 5}}, {"type": "Feature", "geometry": {"type": "LineString", "coordinates": [[21.001825, 52.243462], [21.002274, 52.243108], [21.002274, 52.243108], [21.002336, 52.24306], [21.00272, 52.242751]]}, "properties": {"kategoria": "do dodania", "osm_way": 303101142, "ulica": "Plac Bankowy", "kierunek": "płd.-wschód", "wzgledem_linii_osm": "forward", "wskazowki": "mapa miasta (2021): pl. Bankowy, Senatorska - al. Solidarności — codziennie, całodobowo | mapa miasta (2021): pl. Bankowy, al. Solidarności - Senatorska — codziennie, całodobowo", "stroke": "#e8590c", "stroke-width": 5}}, {"type": "Feature", "geometry": {"type": "LineString", "coordinates": [[21.00174, 52.243425], [21.00211, 52.243141], [21.002199, 52.243073], [21.002261, 52.243024], [21.002262, 52.243022], [21.002386, 52.242935], [21.00239, 52.242932], [21.002726, 52.242747]]}, "properties": {"kategoria": "do dodania", "osm_way": 303101180, "ulica": "", "kierunek": "płd.-wschód", "wzgledem_linii_osm": "forward", "wskazowki": "mapa miasta (2021): pl. Bankowy, Senatorska - al. Solidarności — codziennie, całodobowo | mapa miasta (2021): pl. Bankowy, al. Solidarności - Senatorska — codziennie, całodobowo", "stroke": "#e8590c", "stroke-width": 5}}, {"type": "Feature", "geometry": {"type": "LineString", "coordinates": [[20.938563, 52.20257], [20.938915, 52.20285], [20.938917, 52.202851], [20.939277, 52.203169]]}, "properties": {"kategoria": "do dodania", "osm_way": 303249122, "ulica": "Aleje Jerozolimskie", "kierunek": "płn.-wschód", "wzgledem_linii_osm": "forward", "wskazowki": "mapa miasta (2021): Aleje Jerozolimskie, Łopuszańska - Dw. Zachodni — dni powszednie, 6-20", "stroke": "#e8590c", "stroke-width": 5}}, {"type": "Feature", "geometry": {"type": "LineString", "coordinates": [[21.035044, 52.201827], [21.03516, 52.201736]]}, "properties": {"kategoria": "do dodania", "osm_way": 303249124, "ulica": "Belwederska", "kierunek": "płd.-wschód", "wzgledem_linii_osm": "forward", "wskazowki": "mapa miasta (2021): Sobieskiego/Belwederska, Idzikowskiego - Nabielaka — dni powszednie, 7-10 i 14-19 | mapa miasta (2021): Belwederska/Sobieskiego, Grottgera - Idzikowskiego — dni powszednie, 7-9 i 14-18", "stroke": "#e8590c", "stroke-width": 5}}, {"type": "Feature", "geometry": {"type": "LineString", "coordinates": [[21.018332, 52.111177], [21.018335, 52.11106], [21.018338, 52.11092], [21.018339, 52.110835]]}, "properties": {"kategoria": "do dodania", "osm_way": 303249209, "ulica": "Puławska", "kierunek": "południe", "wzgledem_linii_osm": "forward", "wskazowki": "komunikat ZDM / zgłoszenie: Puławska, granica → ulica:Rotmistrza Witolda Pileckiego (otwarty 2022-09-30) | komunikat ZDM / zgłoszenie: Puławska, ulica:Rotmistrza Witolda Pileckiego → granica (otwarty 2022-09-30)", "stroke": "#e8590c", "stroke-width": 5}}, {"type": "Feature", "geometry": {"type": "LineString", "coordinates": [[20.94843, 52.238572], [20.948562, 52.238558]]}, "properties": {"kategoria": "do dodania", "osm_way": 303660922, "ulica": "Górczewska", "kierunek": "wschód", "wzgledem_linii_osm": "forward", "wskazowki": "mapa miasta (2021): Górczewska, Góralska - al. Prymasa Tysiąclecia — codziennie, 7-10 i 14-19", "stroke": "#e8590c", "stroke-width": 5}}, {"type": "Feature", "geometry": {"type": "LineString", "coordinates": [[21.010689, 52.229469], [21.010836, 52.229483], [21.010994, 52.229494], [21.011282, 52.229499], [21.011509, 52.2295]]}, "properties": {"kategoria": "do dodania", "osm_way": 305333773, "ulica": "Aleje Jerozolimskie", "kierunek": "wschód", "wzgledem_linii_osm": "forward", "wskazowki": "mapa miasta (2021): Grójecka/Aleje Jerozolimskie, Wawelska - Bracka — dni powszednie, 7-9 i 14-18", "stroke": "#e8590c", "stroke-width": 5}}, {"type": "Feature", "geometry": {"type": "LineString", "coordinates": [[21.013195, 52.230278], [21.012687, 52.230204], [21.012506, 52.230178], [21.01235, 52.230166], [21.012212, 52.230162], [21.011969, 52.230167]]}, "properties": {"kategoria": "do dodania", "osm_way": 305333774, "ulica": "Aleje Jerozolimskie", "kierunek": "zachód", "wzgledem_linii_osm": "forward", "wskazowki": "mapa miasta (2021): Aleje Jerozolimskie, Wisłostrada - Miedziana — dni powszednie, 7-9 i 14-18 | mapa miasta (2021): Grójecka/Aleje Jerozolimskie, Wawelska - Bracka — dni powszednie, 7-9 i 14-18", "stroke": "#e8590c", "stroke-width": 5}}, {"type": "Feature", "geometry": {"type": "LineString", "coordinates": [[21.007167, 52.228971], [21.006675, 52.228881], [21.006674, 52.228881], [21.005903, 52.228724], [21.00556, 52.228658]]}, "properties": {"kategoria": "do dodania", "osm_way": 305569804, "ulica": "Aleje Jerozolimskie", "kierunek": "zachód", "wzgledem_linii_osm": "forward", "wskazowki": "mapa miasta (2021): Aleje Jerozolimskie, Wisłostrada - Miedziana — dni powszednie, 7-9 i 14-18 | mapa miasta (2021): Grójecka/Aleje Jerozolimskie, Wawelska - Bracka — dni powszednie, 7-9 i 14-18", "stroke": "#e8590c", "stroke-width": 5}}, {"type": "Feature", "geometry": {"type": "LineString", "coordinates": [[21.002876, 52.227684], [21.00353, 52.227862], [21.004436, 52.228109], [21.004436, 52.228109], [21.004559, 52.228143], [21.004675, 52.228174], [21.004784, 52.2282], [21.005085, 52.228261], [21.005086, 52.228261], [21.005172, 52.22828], [21.005244, 52.228295], [21.005246, 52.228296], [21.005299, 52.228309], [21.005303, 52.22831], [21.005404, 52.228342]]}, "properties": {"kategoria": "do dodania", "osm_way": 305569805, "ulica": "Aleje Jerozolimskie", "kierunek": "płn.-wschód", "wzgledem_linii_osm": "forward", "wskazowki": "mapa miasta (2021): Grójecka/Aleje Jerozolimskie, Wawelska - Bracka — dni powszednie, 7-9 i 14-18", "stroke": "#e8590c", "stroke-width": 5}}, {"type": "Feature", "geometry": {"type": "LineString", "coordinates": [[21.003069, 52.228163], [21.002909, 52.228131], [21.002766, 52.228104], [21.002631, 52.22808], [21.002387, 52.228041], [21.002386, 52.228041], [21.002134, 52.228001]]}, "properties": {"kategoria": "do dodania", "osm_way": 306287819, "ulica": "Aleje Jerozolimskie", "kierunek": "zachód", "wzgledem_linii_osm": "forward", "wskazowki": "mapa miasta (2021): Aleje Jerozolimskie, Wisłostrada - Miedziana — dni powszednie, 7-9 i 14-18", "stroke": "#e8590c", "stroke-width": 5}}, {"type": "Feature", "geometry": {"type": "LineString", "coordinates": [[21.00038, 52.227284], [21.000471, 52.227297], [21.000582, 52.227311], [21.000706, 52.227324], [21.001357, 52.22738], [21.001357, 52.22738], [21.001474, 52.227391], [21.001474, 52.227391], [21.001558, 52.227399], [21.001738, 52.227416]]}, "properties": {"kategoria": "do dodania", "osm_way": 306287820, "ulica": "Aleje Jerozolimskie", "kierunek": "wschód", "wzgledem_linii_osm": "forward", "wskazowki": "mapa miasta (2021): Grójecka/Aleje Jerozolimskie, Wawelska - Bracka — dni powszednie, 7-9 i 14-18", "stroke": "#e8590c", "stroke-width": 5}}, {"type": "Feature", "geometry": {"type": "LineString", "coordinates": [[21.072333, 52.283083], [21.073001, 52.283892], [21.073001, 52.283892], [21.073411, 52.284391], [21.074503, 52.285701], [21.074775, 52.286026]]}, "properties": {"kategoria": "do dodania", "osm_way": 306458030, "ulica": "Radzymińska", "kierunek": "płn.-wschód", "wzgledem_linii_osm": "forward", "wskazowki": "mapa miasta (2021): Radzymińska, Jórskiego - Młodzieńcza — codziennie, 7-10 i 14-19 | mapa miasta (2021): Radzymińska/most Śląsko-Dąbrowski/al. Solidarności, Krynoliny - Andersa — codziennie, 7-10 i 14-19", "stroke": "#e8590c", "stroke-width": 5}}, {"type": "Feature", "geometry": {"type": "LineString", "coordinates": [[21.034543, 52.254663], [21.034557, 52.254649], [21.034587, 52.254622], [21.034666, 52.254548]]}, "properties": {"kategoria": "do dodania", "osm_way": 306458036, "ulica": "Targowa", "kierunek": "płd.-wschód", "wzgledem_linii_osm": "forward", "wskazowki": "mapa miasta (2021): Radzymińska/most Śląsko-Dąbrowski/al. Solidarności, Krynoliny - Andersa — codziennie, całodobowo | mapa miasta (2021): Targowa, Cyryla i Metodego - Białostocka — codziennie, całodobowo", "stroke": "#e8590c", "stroke-width": 5}}, {"type": "Feature", "geometry": {"type": "LineString", "coordinates": [[20.995814, 52.226567], [20.99567, 52.226536]]}, "properties": {"kategoria": "do dodania", "osm_way": 306549190, "ulica": "Aleje Jerozolimskie", "kierunek": "zachód", "wzgledem_linii_osm": "forward", "wskazowki": "mapa miasta (2021): Aleje Jerozolimskie, Wisłostrada - Miedziana — dni powszednie, 7-9 i 14-18 | mapa miasta (2021): Grójecka/Aleje Jerozolimskie, Wawelska - Bracka — dni powszednie, 7-9 i 14-18", "stroke": "#e8590c", "stroke-width": 5}}, {"type": "Feature", "geometry": {"type": "LineString", "coordinates": [[20.995808, 52.226296], [20.995862, 52.226307], [20.995863, 52.226307], [20.995936, 52.226322], [20.99598, 52.226331]]}, "properties": {"kategoria": "do dodania", "osm_way": 306549191, "ulica": "Aleje Jerozolimskie", "kierunek": "wschód", "wzgledem_linii_osm": "forward", "wskazowki": "mapa miasta (2021): Aleje Jerozolimskie, Wisłostrada - Miedziana — dni powszednie, 7-9 i 14-18 | mapa miasta (2021): Grójecka/Aleje Jerozolimskie, Wawelska - Bracka — dni powszednie, 7-9 i 14-18", "stroke": "#e8590c", "stroke-width": 5}}, {"type": "Feature", "geometry": {"type": "LineString", "coordinates": [[20.994367, 52.225993], [20.994547, 52.226033], [20.994732, 52.226072], [20.995307, 52.226195], [20.995455, 52.226226], [20.995757, 52.226287], [20.995807, 52.226296]]}, "properties": {"kategoria": "do dodania", "osm_way": 306549192, "ulica": "Aleje Jerozolimskie", "kierunek": "wschód", "wzgledem_linii_osm": "forward", "wskazowki": "mapa miasta (2021): Aleje Jerozolimskie, Wisłostrada - Miedziana — dni powszednie, 7-9 i 14-18 | mapa miasta (2021): Grójecka/Aleje Jerozolimskie, Wawelska - Bracka — dni powszednie, 7-9 i 14-18", "stroke": "#e8590c", "stroke-width": 5}}, {"type": "Feature", "geometry": {"type": "LineString", "coordinates": [[21.007083, 52.23826], [21.007773, 52.238467], [21.007774, 52.238468], [21.008171, 52.238592], [21.009784, 52.239074], [21.009786, 52.239075], [21.009919, 52.23912], [21.009919, 52.23912], [21.010226, 52.239225], [21.010593, 52.239336]]}, "properties": {"kategoria": "do dodania", "osm_way": 306610860, "ulica": "Królewska", "kierunek": "płn.-wschód", "wzgledem_linii_osm": "forward", "wskazowki": "mapa miasta (2021): Królewska, Marszałkowska - Burschego — codziennie, całodobowo", "stroke": "#e8590c", "stroke-width": 5}}, {"type": "Feature", "geometry": {"type": "LineString", "coordinates": [[20.988126, 52.223985], [20.988191, 52.224036], [20.988267, 52.224086], [20.988373, 52.224139], [20.988458, 52.224177], [20.98877, 52.224297], [20.988822, 52.224317], [20.988822, 52.224317], [20.988863, 52.224333], [20.98901, 52.22439]]}, "properties": {"kategoria": "do dodania", "osm_way": 307485359, "ulica": "Grójecka", "kierunek": "płn.-wschód", "wzgledem_linii_osm": "forward", "wskazowki": "mapa miasta (2021): Grójecka/Aleje Jerozolimskie, Wawelska - Bracka — dni powszednie, 7-9 i 14-18", "stroke": "#e8590c", "stroke-width": 5}}, {"type": "Feature", "geometry": {"type": "LineString", "coordinates": [[21.040587, 52.223774], [21.040251, 52.223598], [21.039905, 52.223437], [21.039904, 52.223436], [21.039642, 52.223307], [21.039642, 52.223307], [21.039257, 52.223106]]}, "properties": {"kategoria": "do dodania", "osm_way": 312738910, "ulica": "", "kierunek": "płd.-zachód", "wzgledem_linii_osm": "forward", "wskazowki": "mapa miasta (2021): Grzymały-Sokołowskiego/Kopińska/Wawelska/al. Armii Ludowej/most Łazienkowski/al. Stanów Zjednoczonych, Szczęśliwicka - Kanał Gocławski — codziennie, całodobowo | mapa miasta (2021): al. Stanów Zjednoczonych/most Łazienkowski/al. Armii Ludowej/Wawelska, Ostrobramska - Grójecka — codziennie, całodobowo", "stroke": "#e8590c", "stroke-width": 5}}, {"type": "Feature", "geometry": {"type": "LineString", "coordinates": [[21.032996, 52.254125], [21.03263, 52.253972], [21.032564, 52.253945], [21.032563, 52.253944], [21.032504, 52.253919], [21.032501, 52.253917], [21.032382, 52.253853]]}, "properties": {"kategoria": "do dodania", "osm_way": 315472717, "ulica": "Aleja „Solidarności”", "kierunek": "płd.-zachód", "wzgledem_linii_osm": "forward", "wskazowki": "mapa miasta (2021): Radzymińska/most Śląsko-Dąbrowski/al. Solidarności, Krynoliny - Andersa — codziennie, całodobowo", "stroke": "#e8590c", "stroke-width": 5}}, {"type": "Feature", "geometry": {"type": "LineString", "coordinates": [[21.034908, 52.254859], [21.03481, 52.254746], [21.034809, 52.254745], [21.034775, 52.254703], [21.034719, 52.254639], [21.034664, 52.254576]]}, "properties": {"kategoria": "do dodania", "osm_way": 318896081, "ulica": "", "kierunek": "płd.-zachód", "wzgledem_linii_osm": "forward", "wskazowki": "mapa miasta (2021): Radzymińska/most Śląsko-Dąbrowski/al. Solidarności, Krynoliny - Andersa — codziennie, całodobowo | mapa miasta (2021): Targowa, Cyryla i Metodego - Białostocka — codziennie, całodobowo", "stroke": "#e8590c", "stroke-width": 5}}, {"type": "Feature", "geometry": {"type": "LineString", "coordinates": [[20.94723, 52.349079], [20.946895, 52.349436]]}, "properties": {"kategoria": "do dodania", "osm_way": 331762099, "ulica": "Modlińska", "kierunek": "płn.-zachód", "wzgledem_linii_osm": "forward", "wskazowki": "komunikat ZDM / zgłoszenie: Modlińska, ulica:Aluzyjna → ulica:Elektronowa (otwarty 2023-12-20) | komunikat ZDM / zgłoszenie: Modlińska, ulica:Elektronowa → ulica:Aluzyjna (otwarty 2023-12-20)", "stroke": "#e8590c", "stroke-width": 5}}, {"type": "Feature", "geometry": {"type": "LineString", "coordinates": [[20.951227, 52.344294], [20.950498, 52.34518], [20.950497, 52.34518], [20.950205, 52.345534], [20.949415, 52.346572], [20.949414, 52.346573], [20.949177, 52.346856], [20.949177, 52.346856], [20.94908, 52.346965], [20.948987, 52.347069]]}, "properties": {"kategoria": "do dodania", "osm_way": 331762101, "ulica": "Modlińska", "kierunek": "płn.-zachód", "wzgledem_linii_osm": "forward", "wskazowki": "komunikat ZDM / zgłoszenie: Modlińska, ulica:Aluzyjna → ulica:Elektronowa (otwarty 2023-12-20) | komunikat ZDM / zgłoszenie: Modlińska, ulica:Elektronowa → ulica:Aluzyjna (otwarty 2023-12-20)", "stroke": "#e8590c", "stroke-width": 5}}, {"type": "Feature", "geometry": {"type": "LineString", "coordinates": [[21.03532, 52.253881], [21.035577, 52.253628], [21.035578, 52.253627], [21.035937, 52.253303], [21.036079, 52.253174]]}, "properties": {"kategoria": "do dodania", "osm_way": 332290630, "ulica": "Targowa", "kierunek": "płd.-wschód", "wzgledem_linii_osm": "forward", "wskazowki": "mapa miasta (2021): Targowa, Cyryla i Metodego - Białostocka — codziennie, całodobowo", "stroke": "#e8590c", "stroke-width": 5}}, {"type": "Feature", "geometry": {"type": "LineString", "coordinates": [[21.012325, 52.24631], [21.012255, 52.246334]]}, "properties": {"kategoria": "do dodania", "osm_way": 338134268, "ulica": "Miodowa", "kierunek": "płn.-zachód", "wzgledem_linii_osm": "backward", "wskazowki": "mapa miasta (2021): Nowy Świat/Krakowskie Przedmieście, Senatorska - Smolna — codziennie, całodobowo | mapa miasta (2021): Nowy Świat/Krakowskie Przedmieście, Smolna - Senatorska — codziennie, całodobowo", "stroke": "#e8590c", "stroke-width": 5}}, {"type": "Feature", "geometry": {"type": "LineString", "coordinates": [[21.012213, 52.246286], [21.012283, 52.246263]]}, "properties": {"kategoria": "do dodania", "osm_way": 338134268, "ulica": "Miodowa", "kierunek": "płd.-wschód", "wzgledem_linii_osm": "forward", "wskazowki": "mapa miasta (2021): Nowy Świat/Krakowskie Przedmieście, Senatorska - Smolna — codziennie, całodobowo | mapa miasta (2021): Nowy Świat/Krakowskie Przedmieście, Smolna - Senatorska — codziennie, całodobowo", "stroke": "#e8590c", "stroke-width": 5}}, {"type": "Feature", "geometry": {"type": "LineString", "coordinates": [[20.976851, 52.21114], [20.976796, 52.211157], [20.976696, 52.211186], [20.976683, 52.21119], [20.976654, 52.211199], [20.976654, 52.211199], [20.976605, 52.211214], [20.976521, 52.211239], [20.976521, 52.211239], [20.976466, 52.211255]]}, "properties": {"kategoria": "do dodania", "osm_way": 365971118, "ulica": "Stefana Banacha", "kierunek": "płn.-zachód", "wzgledem_linii_osm": "forward", "wskazowki": "mapa miasta (2021): Bitwy Warszawskiej 1920 r., Szczęśliwicka - Grójecka — dni powszednie, 6-10 i 14-19 | mapa miasta (2021): Bitwy Warszawskiej 1920 r., Grójecka - Szczęśliwicka — dni powszednie, 6-10 i 14-19", "stroke": "#e8590c", "stroke-width": 5}}, {"type": "Feature", "geometry": {"type": "LineString", "coordinates": [[20.9977, 52.295568], [20.997406, 52.295837]]}, "properties": {"kategoria": "do dodania", "osm_way": 370188568, "ulica": "Modlińska", "kierunek": "płn.-zachód", "wzgledem_linii_osm": "forward", "wskazowki": "komunikat ZDM / zgłoszenie: Modlińska, ulica:Aluzyjna → ulica:Elektronowa (otwarty 2023-12-20) | komunikat ZDM / zgłoszenie: Modlińska, ulica:Elektronowa → ulica:Aluzyjna (otwarty 2023-12-20)", "stroke": "#e8590c", "stroke-width": 5}}, {"type": "Feature", "geometry": {"type": "LineString", "coordinates": [[20.977289, 52.279083], [20.975397, 52.278139]]}, "properties": {"kategoria": "do dodania", "osm_way": 370282702, "ulica": "Aleja Armii Krajowej", "kierunek": "płd.-zachód", "wzgledem_linii_osm": "forward", "wskazowki": "mapa miasta (2021): al. Armii Krajowej, Gdańska - Mickiewicza — codziennie, całodobowo | mapa miasta (2021): al. Armii Krajowej, Gwiaździsta - Mickiewicza — codziennie, całodobowo", "stroke": "#e8590c", "stroke-width": 5}}, {"type": "Feature", "geometry": {"type": "LineString", "coordinates": [[21.017846, 52.152226], [21.017847, 52.152458], [21.017847, 52.152458], [21.017845, 52.15255], [21.017843, 52.15271]]}, "properties": {"kategoria": "do dodania", "osm_way": 370712356, "ulica": "Puławska", "kierunek": "północ", "wzgledem_linii_osm": "forward", "wskazowki": "komunikat ZDM / zgłoszenie: Puławska, granica → ulica:Rotmistrza Witolda Pileckiego (otwarty 2022-09-30) | komunikat ZDM / zgłoszenie: Puławska, ulica:Rotmistrza Witolda Pileckiego → granica (otwarty 2022-09-30)", "stroke": "#e8590c", "stroke-width": 5}}, {"type": "Feature", "geometry": {"type": "LineString", "coordinates": [[20.971191, 52.321987], [20.97162, 52.321396], [20.971654, 52.321348], [20.971852, 52.32106]]}, "properties": {"kategoria": "do dodania", "osm_way": 379408509, "ulica": "Modlińska", "kierunek": "płd.-wschód", "wzgledem_linii_osm": "forward", "wskazowki": "komunikat ZDM / zgłoszenie: Modlińska, ulica:Aluzyjna → ulica:Elektronowa (otwarty 2023-12-20) | komunikat ZDM / zgłoszenie: Modlińska, ulica:Elektronowa → ulica:Aluzyjna (otwarty 2023-12-20)", "stroke": "#e8590c", "stroke-width": 5}}, {"type": "Feature", "geometry": {"type": "LineString", "coordinates": [[20.970415, 52.323073], [20.970685, 52.322681], [20.970685, 52.322681], [20.970791, 52.322534], [20.970791, 52.322534], [20.971058, 52.32217]]}, "properties": {"kategoria": "do dodania", "osm_way": 379408514, "ulica": "Modlińska", "kierunek": "płd.-wschód", "wzgledem_linii_osm": "forward", "wskazowki": "komunikat ZDM / zgłoszenie: Modlińska, ulica:Aluzyjna → ulica:Elektronowa (otwarty 2023-12-20) | komunikat ZDM / zgłoszenie: Modlińska, ulica:Elektronowa → ulica:Aluzyjna (otwarty 2023-12-20)", "stroke": "#e8590c", "stroke-width": 5}}, {"type": "Feature", "geometry": {"type": "LineString", "coordinates": [[20.973827, 52.318241], [20.973879, 52.318165], [20.973879, 52.318165], [20.973987, 52.318006], [20.974104, 52.317836], [20.974126, 52.317804]]}, "properties": {"kategoria": "do dodania", "osm_way": 399333442, "ulica": "Modlińska", "kierunek": "płd.-wschód", "wzgledem_linii_osm": "forward", "wskazowki": "komunikat ZDM / zgłoszenie: Modlińska, ulica:Aluzyjna → ulica:Elektronowa (otwarty 2023-12-20) | komunikat ZDM / zgłoszenie: Modlińska, ulica:Elektronowa → ulica:Aluzyjna (otwarty 2023-12-20)", "stroke": "#e8590c", "stroke-width": 5}}, {"type": "Feature", "geometry": {"type": "LineString", "coordinates": [[21.003437, 52.242515], [21.003214, 52.242699]]}, "properties": {"kategoria": "do dodania", "osm_way": 405608030, "ulica": "Plac Bankowy", "kierunek": "płn.-zachód", "wzgledem_linii_osm": "forward", "wskazowki": "mapa miasta (2021): pl. Bankowy, Senatorska - al. Solidarności — codziennie, całodobowo", "stroke": "#e8590c", "stroke-width": 5}}, {"type": "Feature", "geometry": {"type": "LineString", "coordinates": [[21.044863, 52.178305], [21.045294, 52.181142]]}, "properties": {"kategoria": "do dodania", "osm_way": 420081521, "ulica": "Aleja Generała Władysława Sikorskiego", "kierunek": "północ", "wzgledem_linii_osm": "forward", "wskazowki": "komunikat ZDM / zgłoszenie: Dolina Służewiecka / Aleja Generała Władysława Sikorskiego, ulica:Nowoursynowska → ulica:Jana III Sobieskiego (otwarty 2022-01-10) | komunikat ZDM / zgłoszenie: Dolina Służewiecka / Aleja Generała Władysława Sikorskiego, ulica:Jana III Sobieskiego → ulica:Nowoursynowska (otwarty 2022-01-10)", "stroke": "#e8590c", "stroke-width": 5}}, {"type": "Feature", "geometry": {"type": "LineString", "coordinates": [[21.044711, 52.177297], [21.044737, 52.177494], [21.044745, 52.177532], [21.044745, 52.177533], [21.044808, 52.177924]]}, "properties": {"kategoria": "do dodania", "osm_way": 420081523, "ulica": "Aleja Generała Władysława Sikorskiego", "kierunek": "północ", "wzgledem_linii_osm": "forward", "wskazowki": "komunikat ZDM / zgłoszenie: Dolina Służewiecka / Aleja Generała Władysława Sikorskiego, ulica:Nowoursynowska → ulica:Jana III Sobieskiego (otwarty 2022-01-10)", "stroke": "#e8590c", "stroke-width": 5}}, {"type": "Feature", "geometry": {"type": "LineString", "coordinates": [[21.045294, 52.181142], [21.045574, 52.182671], [21.045574, 52.182671], [21.045585, 52.18274], [21.045592, 52.182784], [21.045627, 52.182978]]}, "properties": {"kategoria": "do dodania", "osm_way": 420081524, "ulica": "Aleja Generała Władysława Sikorskiego", "kierunek": "północ", "wzgledem_linii_osm": "forward", "wskazowki": "komunikat ZDM / zgłoszenie: Dolina Służewiecka / Aleja Generała Władysława Sikorskiego, ulica:Nowoursynowska → ulica:Jana III Sobieskiego (otwarty 2022-01-10) | komunikat ZDM / zgłoszenie: Dolina Służewiecka / Aleja Generała Władysława Sikorskiego, ulica:Jana III Sobieskiego → ulica:Nowoursynowska (otwarty 2022-01-10)", "stroke": "#e8590c", "stroke-width": 5}}, {"type": "Feature", "geometry": {"type": "LineString", "coordinates": [[21.067165, 52.277195], [21.067123, 52.277144], [21.067082, 52.277095], [21.067082, 52.277095], [21.06697, 52.276953]]}, "properties": {"kategoria": "do dodania", "osm_way": 424546264, "ulica": "Radzymińska", "kierunek": "płd.-zachód", "wzgledem_linii_osm": "forward", "wskazowki": "mapa miasta (2021): Radzymińska, Jórskiego - Młodzieńcza — codziennie, 7-10 i 14-19 | mapa miasta (2021): Radzymińska/most Śląsko-Dąbrowski/al. Solidarności, Krynoliny - Andersa — codziennie, 7-10 i 14-19", "stroke": "#e8590c", "stroke-width": 5}}, {"type": "Feature", "geometry": {"type": "LineString", "coordinates": [[20.934367, 52.199791], [20.934934, 52.200144]]}, "properties": {"kategoria": "do dodania", "osm_way": 429421852, "ulica": "Aleje Jerozolimskie", "kierunek": "płn.-wschód", "wzgledem_linii_osm": "forward", "wskazowki": "mapa miasta (2021): Aleje Jerozolimskie, Łopuszańska - Dw. Zachodni — dni powszednie, 6-20", "stroke": "#e8590c", "stroke-width": 5}}, {"type": "Feature", "geometry": {"type": "LineString", "coordinates": [[20.934935, 52.200145], [20.935545, 52.200552], [20.93602, 52.200858], [20.936103, 52.200911], [20.936103, 52.200911], [20.93628, 52.201024]]}, "properties": {"kategoria": "do dodania", "osm_way": 429421853, "ulica": "Aleje Jerozolimskie", "kierunek": "płn.-wschód", "wzgledem_linii_osm": "forward", "wskazowki": "mapa miasta (2021): Aleje Jerozolimskie, Łopuszańska - Dw. Zachodni — dni powszednie, 6-20", "stroke": "#e8590c", "stroke-width": 5}}, {"type": "Feature", "geometry": {"type": "LineString", "coordinates": [[20.938041, 52.202215], [20.938561, 52.202568]]}, "properties": {"kategoria": "do dodania", "osm_way": 429424121, "ulica": "Aleje Jerozolimskie", "kierunek": "płn.-wschód", "wzgledem_linii_osm": "forward", "wskazowki": "mapa miasta (2021): Aleje Jerozolimskie, Łopuszańska - Dw. Zachodni — dni powszednie, 6-20", "stroke": "#e8590c", "stroke-width": 5}}, {"type": "Feature", "geometry": {"type": "LineString", "coordinates": [[20.965184, 52.331607], [20.965379, 52.331413], [20.965568, 52.331181]]}, "properties": {"kategoria": "do dodania", "osm_way": 434714964, "ulica": "Modlińska", "kierunek": "płd.-wschód", "wzgledem_linii_osm": "forward", "wskazowki": "komunikat ZDM / zgłoszenie: Modlińska, ulica:Aluzyjna → ulica:Elektronowa (otwarty 2023-12-20) | komunikat ZDM / zgłoszenie: Modlińska, ulica:Elektronowa → ulica:Aluzyjna (otwarty 2023-12-20)", "stroke": "#e8590c", "stroke-width": 5}}, {"type": "Feature", "geometry": {"type": "LineString", "coordinates": [[20.971124, 52.32208], [20.971191, 52.321987]]}, "properties": {"kategoria": "do dodania", "osm_way": 439917272, "ulica": "Modlińska", "kierunek": "płd.-wschód", "wzgledem_linii_osm": "forward", "wskazowki": "komunikat ZDM / zgłoszenie: Modlińska, ulica:Aluzyjna → ulica:Elektronowa (otwarty 2023-12-20) | komunikat ZDM / zgłoszenie: Modlińska, ulica:Elektronowa → ulica:Aluzyjna (otwarty 2023-12-20)", "stroke": "#e8590c", "stroke-width": 5}}, {"type": "Feature", "geometry": {"type": "LineString", "coordinates": [[21.018093, 52.121075], [21.018109, 52.120839], [21.018121, 52.120309]]}, "properties": {"kategoria": "do dodania", "osm_way": 439930665, "ulica": "Puławska", "kierunek": "południe", "wzgledem_linii_osm": "forward", "wskazowki": "komunikat ZDM / zgłoszenie: Puławska, granica → ulica:Rotmistrza Witolda Pileckiego (otwarty 2022-09-30) | komunikat ZDM / zgłoszenie: Puławska, ulica:Rotmistrza Witolda Pileckiego → granica (otwarty 2022-09-30)", "stroke": "#e8590c", "stroke-width": 5}}, {"type": "Feature", "geometry": {"type": "LineString", "coordinates": [[21.017839, 52.151326], [21.017846, 52.152226]]}, "properties": {"kategoria": "do dodania", "osm_way": 443007291, "ulica": "Puławska", "kierunek": "północ", "wzgledem_linii_osm": "forward", "wskazowki": "komunikat ZDM / zgłoszenie: Puławska, granica → ulica:Rotmistrza Witolda Pileckiego (otwarty 2022-09-30) | komunikat ZDM / zgłoszenie: Puławska, ulica:Rotmistrza Witolda Pileckiego → granica (otwarty 2022-09-30)", "stroke": "#e8590c", "stroke-width": 5}}, {"type": "Feature", "geometry": {"type": "LineString", "coordinates": [[21.017804, 52.150879], [21.01783, 52.151211], [21.017839, 52.151325]]}, "properties": {"kategoria": "do dodania", "osm_way": 443007292, "ulica": "Puławska", "kierunek": "północ", "wzgledem_linii_osm": "forward", "wskazowki": "komunikat ZDM / zgłoszenie: Puławska, granica → ulica:Rotmistrza Witolda Pileckiego (otwarty 2022-09-30) | komunikat ZDM / zgłoszenie: Puławska, ulica:Rotmistrza Witolda Pileckiego → granica (otwarty 2022-09-30)", "stroke": "#e8590c", "stroke-width": 5}}, {"type": "Feature", "geometry": {"type": "LineString", "coordinates": [[21.044811, 52.191905], [21.044845, 52.191881], [21.044845, 52.191881], [21.04493, 52.191824]]}, "properties": {"kategoria": "do dodania", "osm_way": 448817231, "ulica": "Jana III Sobieskiego", "kierunek": "płd.-wschód", "wzgledem_linii_osm": "forward", "wskazowki": "mapa miasta (2021): Belwederska/Sobieskiego, Grottgera - Idzikowskiego — dni powszednie, 7-9 i 14-18", "stroke": "#e8590c", "stroke-width": 5}}, {"type": "Feature", "geometry": {"type": "LineString", "coordinates": [[21.04493, 52.191824], [21.044965, 52.191801], [21.044995, 52.19178], [21.045025, 52.191758], [21.045056, 52.191732], [21.045057, 52.191732], [21.04509, 52.191706], [21.045113, 52.191687], [21.04514, 52.191662], [21.045183, 52.191621]]}, "properties": {"kategoria": "do dodania", "osm_way": 448817233, "ulica": "Jana III Sobieskiego", "kierunek": "płd.-wschód", "wzgledem_linii_osm": "forward", "wskazowki": "mapa miasta (2021): Belwederska/Sobieskiego, Grottgera - Idzikowskiego — dni powszednie, 7-9 i 14-18", "stroke": "#e8590c", "stroke-width": 5}}, {"type": "Feature", "geometry": {"type": "LineString", "coordinates": [[20.951306, 52.344201], [20.951227, 52.344294]]}, "properties": {"kategoria": "do dodania", "osm_way": 451583711, "ulica": "Modlińska", "kierunek": "płn.-zachód", "wzgledem_linii_osm": "forward", "wskazowki": "komunikat ZDM / zgłoszenie: Modlińska, ulica:Aluzyjna → ulica:Elektronowa (otwarty 2023-12-20) | komunikat ZDM / zgłoszenie: Modlińska, ulica:Elektronowa → ulica:Aluzyjna (otwarty 2023-12-20)", "stroke": "#e8590c", "stroke-width": 5}}, {"type": "Feature", "geometry": {"type": "LineString", "coordinates": [[21.001283, 52.244535], [21.001177, 52.244499], [21.001132, 52.244484]]}, "properties": {"kategoria": "do dodania", "osm_way": 459422642, "ulica": "Aleja „Solidarności”", "kierunek": "płd.-zachód", "wzgledem_linii_osm": "forward", "wskazowki": "mapa miasta (2021): al. Solidarności, Okopowa - Jagiellońska — codziennie, całodobowo | mapa miasta (2021): Radzymińska/most Śląsko-Dąbrowski/al. Solidarności, Krynoliny - Andersa — codziennie, całodobowo", "stroke": "#e8590c", "stroke-width": 5}}, {"type": "Feature", "geometry": {"type": "LineString", "coordinates": [[21.001133, 52.244485], [21.00101, 52.244447]]}, "properties": {"kategoria": "do dodania", "osm_way": 459422643, "ulica": "Aleja „Solidarności”", "kierunek": "płd.-zachód", "wzgledem_linii_osm": "forward", "wskazowki": "mapa miasta (2021): al. Solidarności, Okopowa - Jagiellońska — codziennie, całodobowo | mapa miasta (2021): Radzymińska/most Śląsko-Dąbrowski/al. Solidarności, Krynoliny - Andersa — codziennie, całodobowo", "stroke": "#e8590c", "stroke-width": 5}}, {"type": "Feature", "geometry": {"type": "LineString", "coordinates": [[21.002438, 52.245011], [21.002184, 52.244912]]}, "properties": {"kategoria": "do dodania", "osm_way": 459422644, "ulica": "Aleja „Solidarności”", "kierunek": "płd.-zachód", "wzgledem_linii_osm": "forward", "wskazowki": "mapa miasta (2021): Radzymińska/most Śląsko-Dąbrowski/al. Solidarności, Krynoliny - Andersa — codziennie, całodobowo", "stroke": "#e8590c", "stroke-width": 5}}, {"type": "Feature", "geometry": {"type": "LineString", "coordinates": [[21.003128, 52.245248], [21.002913, 52.245189], [21.002911, 52.245189], [21.002804, 52.245157], [21.002802, 52.245157], [21.002701, 52.245122], [21.002698, 52.245121], [21.002437, 52.24501]]}, "properties": {"kategoria": "do dodania", "osm_way": 459422645, "ulica": "Aleja „Solidarności”", "kierunek": "płd.-zachód", "wzgledem_linii_osm": "forward", "wskazowki": "mapa miasta (2021): Radzymińska/most Śląsko-Dąbrowski/al. Solidarności, Krynoliny - Andersa — codziennie, całodobowo", "stroke": "#e8590c", "stroke-width": 5}}, {"type": "Feature", "geometry": {"type": "LineString", "coordinates": [[21.018087, 52.121264], [21.018093, 52.121075]]}, "properties": {"kategoria": "do dodania", "osm_way": 462048225, "ulica": "Puławska", "kierunek": "południe", "wzgledem_linii_osm": "forward", "wskazowki": "komunikat ZDM / zgłoszenie: Puławska, granica → ulica:Rotmistrza Witolda Pileckiego (otwarty 2022-09-30) | komunikat ZDM / zgłoszenie: Puławska, ulica:Rotmistrza Witolda Pileckiego → granica (otwarty 2022-09-30)", "stroke": "#e8590c", "stroke-width": 5}}, {"type": "Feature", "geometry": {"type": "LineString", "coordinates": [[21.013146, 52.216949], [21.013565, 52.216905], [21.013827, 52.216878], [21.013828, 52.216878], [21.014523, 52.216819], [21.014524, 52.216819], [21.014612, 52.216813], [21.014613, 52.216813], [21.014691, 52.216808]]}, "properties": {"kategoria": "do dodania", "osm_way": 473275950, "ulica": "Aleja Armii Ludowej", "kierunek": "wschód", "wzgledem_linii_osm": "forward", "wskazowki": "mapa miasta (2021): Grzymały-Sokołowskiego/Kopińska/Wawelska/al. Armii Ludowej/most Łazienkowski/al. Stanów Zjednoczonych, Szczęśliwicka - Kanał Gocławski — codziennie, całodobowo", "stroke": "#e8590c", "stroke-width": 5}}, {"type": "Feature", "geometry": {"type": "LineString", "coordinates": [[21.018399, 52.107218], [21.018411, 52.10672]]}, "properties": {"kategoria": "do dodania", "osm_way": 481008518, "ulica": "Puławska", "kierunek": "południe", "wzgledem_linii_osm": "forward", "wskazowki": "komunikat ZDM / zgłoszenie: Puławska, granica → ulica:Rotmistrza Witolda Pileckiego (otwarty 2022-09-30) | komunikat ZDM / zgłoszenie: Puławska, ulica:Rotmistrza Witolda Pileckiego → granica (otwarty 2022-09-30)", "stroke": "#e8590c", "stroke-width": 5}}, {"type": "Feature", "geometry": {"type": "LineString", "coordinates": [[21.018654, 52.110101], [21.018653, 52.111003], [21.018653, 52.111003], [21.01865, 52.111078], [21.018646, 52.111205]]}, "properties": {"kategoria": "do dodania", "osm_way": 481023501, "ulica": "Puławska", "kierunek": "północ", "wzgledem_linii_osm": "forward", "wskazowki": "komunikat ZDM / zgłoszenie: Puławska, granica → ulica:Rotmistrza Witolda Pileckiego (otwarty 2022-09-30) | komunikat ZDM / zgłoszenie: Puławska, ulica:Rotmistrza Witolda Pileckiego → granica (otwarty 2022-09-30)", "stroke": "#e8590c", "stroke-width": 5}}, {"type": "Feature", "geometry": {"type": "LineString", "coordinates": [[21.018618, 52.11175], [21.018597, 52.112568], [21.018589, 52.112864]]}, "properties": {"kategoria": "do dodania", "osm_way": 481034636, "ulica": "Puławska", "kierunek": "północ", "wzgledem_linii_osm": "forward", "wskazowki": "komunikat ZDM / zgłoszenie: Puławska, granica → ulica:Rotmistrza Witolda Pileckiego (otwarty 2022-09-30) | komunikat ZDM / zgłoszenie: Puławska, ulica:Rotmistrza Witolda Pileckiego → granica (otwarty 2022-09-30)", "stroke": "#e8590c", "stroke-width": 5}}, {"type": "Feature", "geometry": {"type": "LineString", "coordinates": [[21.018305, 52.112015], [21.018309, 52.111724], [21.018308, 52.1115], [21.018308, 52.111499], [21.018312, 52.111427], [21.018322, 52.11128]]}, "properties": {"kategoria": "do dodania", "osm_way": 481034637, "ulica": "Puławska", "kierunek": "południe", "wzgledem_linii_osm": "forward", "wskazowki": "komunikat ZDM / zgłoszenie: Puławska, granica → ulica:Rotmistrza Witolda Pileckiego (otwarty 2022-09-30) | komunikat ZDM / zgłoszenie: Puławska, ulica:Rotmistrza Witolda Pileckiego → granica (otwarty 2022-09-30)", "stroke": "#e8590c", "stroke-width": 5}}, {"type": "Feature", "geometry": {"type": "LineString", "coordinates": [[21.018304, 52.112405], [21.018305, 52.112015]]}, "properties": {"kategoria": "do dodania", "osm_way": 481034638, "ulica": "Puławska", "kierunek": "południe", "wzgledem_linii_osm": "forward", "wskazowki": "komunikat ZDM / zgłoszenie: Puławska, granica → ulica:Rotmistrza Witolda Pileckiego (otwarty 2022-09-30) | komunikat ZDM / zgłoszenie: Puławska, ulica:Rotmistrza Witolda Pileckiego → granica (otwarty 2022-09-30)", "stroke": "#e8590c", "stroke-width": 5}}, {"type": "Feature", "geometry": {"type": "LineString", "coordinates": [[21.018502, 52.116791], [21.018498, 52.117356], [21.018498, 52.117356], [21.018497, 52.117428], [21.018497, 52.117429], [21.018481, 52.117636]]}, "properties": {"kategoria": "do dodania", "osm_way": 481036882, "ulica": "Puławska", "kierunek": "północ", "wzgledem_linii_osm": "forward", "wskazowki": "komunikat ZDM / zgłoszenie: Puławska, granica → ulica:Rotmistrza Witolda Pileckiego (otwarty 2022-09-30) | komunikat ZDM / zgłoszenie: Puławska, ulica:Rotmistrza Witolda Pileckiego → granica (otwarty 2022-09-30)", "stroke": "#e8590c", "stroke-width": 5}}, {"type": "Feature", "geometry": {"type": "LineString", "coordinates": [[21.018121, 52.120309], [21.018128, 52.119988]]}, "properties": {"kategoria": "do dodania", "osm_way": 481040234, "ulica": "Puławska", "kierunek": "południe", "wzgledem_linii_osm": "forward", "wskazowki": "komunikat ZDM / zgłoszenie: Puławska, granica → ulica:Rotmistrza Witolda Pileckiego (otwarty 2022-09-30) | komunikat ZDM / zgłoszenie: Puławska, ulica:Rotmistrza Witolda Pileckiego → granica (otwarty 2022-09-30)", "stroke": "#e8590c", "stroke-width": 5}}, {"type": "Feature", "geometry": {"type": "LineString", "coordinates": [[21.018073, 52.122291], [21.018073, 52.122246], [21.018087, 52.121296], [21.018087, 52.121265]]}, "properties": {"kategoria": "do dodania", "osm_way": 481040521, "ulica": "Puławska", "kierunek": "południe", "wzgledem_linii_osm": "forward", "wskazowki": "komunikat ZDM / zgłoszenie: Puławska, granica → ulica:Rotmistrza Witolda Pileckiego (otwarty 2022-09-30) | komunikat ZDM / zgłoszenie: Puławska, ulica:Rotmistrza Witolda Pileckiego → granica (otwarty 2022-09-30)", "stroke": "#e8590c", "stroke-width": 5}}, {"type": "Feature", "geometry": {"type": "LineString", "coordinates": [[21.018371, 52.122278], [21.01839, 52.122569], [21.01839, 52.12257], [21.018388, 52.122846], [21.018388, 52.122846], [21.018387, 52.1229], [21.018386, 52.123013], [21.018386, 52.123015], [21.018371, 52.12312]]}, "properties": {"kategoria": "do dodania", "osm_way": 481040893, "ulica": "Puławska", "kierunek": "północ", "wzgledem_linii_osm": "forward", "wskazowki": "komunikat ZDM / zgłoszenie: Puławska, granica → ulica:Rotmistrza Witolda Pileckiego (otwarty 2022-09-30) | komunikat ZDM / zgłoszenie: Puławska, ulica:Rotmistrza Witolda Pileckiego → granica (otwarty 2022-09-30)", "stroke": "#e8590c", "stroke-width": 5}}, {"type": "Feature", "geometry": {"type": "LineString", "coordinates": [[21.018371, 52.123119], [21.018343, 52.123582], [21.018327, 52.123874]]}, "properties": {"kategoria": "do dodania", "osm_way": 481040898, "ulica": "Puławska", "kierunek": "północ", "wzgledem_linii_osm": "forward", "wskazowki": "komunikat ZDM / zgłoszenie: Puławska, granica → ulica:Rotmistrza Witolda Pileckiego (otwarty 2022-09-30) | komunikat ZDM / zgłoszenie: Puławska, ulica:Rotmistrza Witolda Pileckiego → granica (otwarty 2022-09-30)", "stroke": "#e8590c", "stroke-width": 5}}, {"type": "Feature", "geometry": {"type": "LineString", "coordinates": [[21.018026, 52.123988], [21.018027, 52.123267], [21.018027, 52.123266], [21.018038, 52.123125], [21.018038, 52.123124], [21.018049, 52.123007]]}, "properties": {"kategoria": "do dodania", "osm_way": 481041951, "ulica": "Puławska", "kierunek": "południe", "wzgledem_linii_osm": "forward", "wskazowki": "komunikat ZDM / zgłoszenie: Puławska, granica → ulica:Rotmistrza Witolda Pileckiego (otwarty 2022-09-30) | komunikat ZDM / zgłoszenie: Puławska, ulica:Rotmistrza Witolda Pileckiego → granica (otwarty 2022-09-30)", "stroke": "#e8590c", "stroke-width": 5}}, {"type": "Feature", "geometry": {"type": "LineString", "coordinates": [[21.018327, 52.123873], [21.018309, 52.124674], [21.018309, 52.124674], [21.018303, 52.124893], [21.018301, 52.124981], [21.018299, 52.125044], [21.018282, 52.125768], [21.018268, 52.126404], [21.018268, 52.126404], [21.018258, 52.126816]]}, "properties": {"kategoria": "do dodania", "osm_way": 481042207, "ulica": "Puławska", "kierunek": "północ", "wzgledem_linii_osm": "forward", "wskazowki": "komunikat ZDM / zgłoszenie: Puławska, granica → ulica:Rotmistrza Witolda Pileckiego (otwarty 2022-09-30) | komunikat ZDM / zgłoszenie: Puławska, ulica:Rotmistrza Witolda Pileckiego → granica (otwarty 2022-09-30)", "stroke": "#e8590c", "stroke-width": 5}}, {"type": "Feature", "geometry": {"type": "LineString", "coordinates": [[21.017883, 52.129682], [21.01789, 52.129573], [21.017895, 52.129462], [21.017905, 52.129178], [21.017906, 52.129117], [21.017914, 52.128728]]}, "properties": {"kategoria": "do dodania", "osm_way": 481562446, "ulica": "Puławska", "kierunek": "południe", "wzgledem_linii_osm": "forward", "wskazowki": "komunikat ZDM / zgłoszenie: Puławska, granica → ulica:Rotmistrza Witolda Pileckiego (otwarty 2022-09-30) | komunikat ZDM / zgłoszenie: Puławska, ulica:Rotmistrza Witolda Pileckiego → granica (otwarty 2022-09-30)", "stroke": "#e8590c", "stroke-width": 5}}, {"type": "Feature", "geometry": {"type": "LineString", "coordinates": [[21.017876, 52.130458], [21.017876, 52.130096], [21.017876, 52.130008], [21.017876, 52.129804], [21.017876, 52.129803], [21.017883, 52.129683]]}, "properties": {"kategoria": "do dodania", "osm_way": 481566053, "ulica": "Puławska", "kierunek": "południe", "wzgledem_linii_osm": "forward", "wskazowki": "komunikat ZDM / zgłoszenie: Puławska, granica → ulica:Rotmistrza Witolda Pileckiego (otwarty 2022-09-30) | komunikat ZDM / zgłoszenie: Puławska, ulica:Rotmistrza Witolda Pileckiego → granica (otwarty 2022-09-30)", "stroke": "#e8590c", "stroke-width": 5}}, {"type": "Feature", "geometry": {"type": "LineString", "coordinates": [[21.018167, 52.13231], [21.018156, 52.132427]]}, "properties": {"kategoria": "do dodania", "osm_way": 481568066, "ulica": "Puławska", "kierunek": "północ", "wzgledem_linii_osm": "forward", "wskazowki": "komunikat ZDM / zgłoszenie: Puławska, granica → ulica:Rotmistrza Witolda Pileckiego (otwarty 2022-09-30) | komunikat ZDM / zgłoszenie: Puławska, ulica:Rotmistrza Witolda Pileckiego → granica (otwarty 2022-09-30)", "stroke": "#e8590c", "stroke-width": 5}}, {"type": "Feature", "geometry": {"type": "LineString", "coordinates": [[21.017799, 52.132455], [21.017805, 52.132346]]}, "properties": {"kategoria": "do dodania", "osm_way": 481575184, "ulica": "Puławska", "kierunek": "południe", "wzgledem_linii_osm": "forward", "wskazowki": "komunikat ZDM / zgłoszenie: Puławska, granica → ulica:Rotmistrza Witolda Pileckiego (otwarty 2022-09-30) | komunikat ZDM / zgłoszenie: Puławska, ulica:Rotmistrza Witolda Pileckiego → granica (otwarty 2022-09-30)", "stroke": "#e8590c", "stroke-width": 5}}, {"type": "Feature", "geometry": {"type": "LineString", "coordinates": [[20.946793, 52.23873], [20.948143, 52.238598], [20.948143, 52.238598], [20.948231, 52.23859], [20.948431, 52.238572]]}, "properties": {"kategoria": "do dodania", "osm_way": 482295090, "ulica": "Górczewska", "kierunek": "wschód", "wzgledem_linii_osm": "forward", "wskazowki": "mapa miasta (2021): Górczewska, Góralska - al. Prymasa Tysiąclecia — codziennie, 7-10 i 14-19", "stroke": "#e8590c", "stroke-width": 5}}, {"type": "Feature", "geometry": {"type": "LineString", "coordinates": [[21.033542, 52.2544], [21.033154, 52.254196], [21.033056, 52.25415], [21.032996, 52.254125]]}, "properties": {"kategoria": "do dodania", "osm_way": 484621404, "ulica": "Aleja „Solidarności”", "kierunek": "płd.-zachód", "wzgledem_linii_osm": "forward", "wskazowki": "mapa miasta (2021): Radzymińska/most Śląsko-Dąbrowski/al. Solidarności, Krynoliny - Andersa — codziennie, całodobowo", "stroke": "#e8590c", "stroke-width": 5}}, {"type": "Feature", "geometry": {"type": "LineString", "coordinates": [[20.968575, 52.228511], [20.969001, 52.228547], [20.969097, 52.228554], [20.969098, 52.228554], [20.969178, 52.228561]]}, "properties": {"kategoria": "do dodania", "osm_way": 485423371, "ulica": "Marcina Kasprzaka", "kierunek": "wschód", "wzgledem_linii_osm": "forward", "wskazowki": "mapa miasta (2021): Kasprzaka, Krzyżanowskiego - Korczaka — codziennie, całodobowo", "stroke": "#e8590c", "stroke-width": 5}}, {"type": "Feature", "geometry": {"type": "LineString", "coordinates": [[20.958524, 52.215265], [20.959462, 52.215545], [20.959992, 52.215696], [20.959992, 52.215696], [20.960505, 52.215849], [20.96057, 52.215867], [20.960571, 52.215868], [20.960795, 52.215934], [20.960911, 52.215969]]}, "properties": {"kategoria": "do dodania", "osm_way": 488059421, "ulica": "Aleje Jerozolimskie", "kierunek": "płn.-wschód", "wzgledem_linii_osm": "forward", "wskazowki": "mapa miasta (2021): Aleje Jerozolimskie, Łopuszańska - Dw. Zachodni — dni powszednie, 6-20", "stroke": "#e8590c", "stroke-width": 5}}, {"type": "Feature", "geometry": {"type": "LineString", "coordinates": [[21.001842, 52.21682], [21.00274, 52.216874], [21.003632, 52.216926], [21.004595, 52.216981]]}, "properties": {"kategoria": "do dodania", "osm_way": 505865016, "ulica": "", "kierunek": "wschód", "wzgledem_linii_osm": "forward", "wskazowki": "mapa miasta (2021): Grzymały-Sokołowskiego/Kopińska/Wawelska/al. Armii Ludowej/most Łazienkowski/al. Stanów Zjednoczonych, Szczęśliwicka - Kanał Gocławski — codziennie, całodobowo | mapa miasta (2021): al. Stanów Zjednoczonych/most Łazienkowski/al. Armii Ludowej/Wawelska, Ostrobramska - Grójecka — codziennie, całodobowo", "stroke": "#e8590c", "stroke-width": 5}}, {"type": "Feature", "geometry": {"type": "LineString", "coordinates": [[20.940775, 52.23931], [20.941776, 52.239214], [20.941776, 52.239214], [20.942029, 52.239191], [20.942029, 52.239191], [20.942092, 52.239185], [20.942092, 52.239185], [20.942126, 52.239182], [20.942523, 52.239148]]}, "properties": {"kategoria": "do dodania", "osm_way": 508014037, "ulica": "Górczewska", "kierunek": "wschód", "wzgledem_linii_osm": "forward", "wskazowki": "mapa miasta (2021): Górczewska, Góralska - al. Prymasa Tysiąclecia — codziennie, 7-10 i 14-19", "stroke": "#e8590c", "stroke-width": 5}}, {"type": "Feature", "geometry": {"type": "LineString", "coordinates": [[21.017863, 52.144813], [21.017852, 52.145041]]}, "properties": {"kategoria": "do dodania", "osm_way": 512853446, "ulica": "Puławska", "kierunek": "północ", "wzgledem_linii_osm": "forward", "wskazowki": "komunikat ZDM / zgłoszenie: Puławska, granica → ulica:Rotmistrza Witolda Pileckiego (otwarty 2022-09-30) | komunikat ZDM / zgłoszenie: Puławska, ulica:Rotmistrza Witolda Pileckiego → granica (otwarty 2022-09-30)", "stroke": "#e8590c", "stroke-width": 5}}, {"type": "Feature", "geometry": {"type": "LineString", "coordinates": [[21.017868, 52.144385], [21.017863, 52.144813]]}, "properties": {"kategoria": "do dodania", "osm_way": 512853448, "ulica": "Puławska", "kierunek": "północ", "wzgledem_linii_osm": "forward", "wskazowki": "komunikat ZDM / zgłoszenie: Puławska, granica → ulica:Rotmistrza Witolda Pileckiego (otwarty 2022-09-30) | komunikat ZDM / zgłoszenie: Puławska, ulica:Rotmistrza Witolda Pileckiego → granica (otwarty 2022-09-30)", "stroke": "#e8590c", "stroke-width": 5}}, {"type": "Feature", "geometry": {"type": "LineString", "coordinates": [[20.993199, 52.216664], [20.99217, 52.21661]]}, "properties": {"kategoria": "do dodania", "osm_way": 513504765, "ulica": "Wawelska", "kierunek": "zachód", "wzgledem_linii_osm": "forward", "wskazowki": "mapa miasta (2021): Grzymały-Sokołowskiego/Kopińska/Wawelska/al. Armii Ludowej/most Łazienkowski/al. Stanów Zjednoczonych, Szczęśliwicka - Kanał Gocławski — codziennie, całodobowo | mapa miasta (2021): al. Stanów Zjednoczonych/most Łazienkowski/al. Armii Ludowej/Wawelska, Ostrobramska - Grójecka — codziennie, całodobowo", "stroke": "#e8590c", "stroke-width": 5}}, {"type": "Feature", "geometry": {"type": "LineString", "coordinates": [[20.99217, 52.21661], [20.990624, 52.216532], [20.990623, 52.216532], [20.990299, 52.216513]]}, "properties": {"kategoria": "do dodania", "osm_way": 513506329, "ulica": "Wawelska", "kierunek": "zachód", "wzgledem_linii_osm": "forward", "wskazowki": "mapa miasta (2021): Grzymały-Sokołowskiego/Kopińska/Wawelska/al. Armii Ludowej/most Łazienkowski/al. Stanów Zjednoczonych, Szczęśliwicka - Kanał Gocławski — codziennie, całodobowo | mapa miasta (2021): al. Stanów Zjednoczonych/most Łazienkowski/al. Armii Ludowej/Wawelska, Ostrobramska - Grójecka — codziennie, całodobowo", "stroke": "#e8590c", "stroke-width": 5}}, {"type": "Feature", "geometry": {"type": "LineString", "coordinates": [[20.986555, 52.216317], [20.985954, 52.216285]]}, "properties": {"kategoria": "do dodania", "osm_way": 513720670, "ulica": "Wawelska", "kierunek": "zachód", "wzgledem_linii_osm": "forward", "wskazowki": "mapa miasta (2021): Grzymały-Sokołowskiego/Kopińska/Wawelska/al. Armii Ludowej/most Łazienkowski/al. Stanów Zjednoczonych, Szczęśliwicka - Kanał Gocławski — codziennie, całodobowo | mapa miasta (2021): al. Stanów Zjednoczonych/most Łazienkowski/al. Armii Ludowej/Wawelska, Ostrobramska - Grójecka — codziennie, całodobowo", "stroke": "#e8590c", "stroke-width": 5}}, {"type": "Feature", "geometry": {"type": "LineString", "coordinates": [[20.945871, 52.207595], [20.946073, 52.207663]]}, "properties": {"kategoria": "do dodania", "osm_way": 514102822, "ulica": "Aleje Jerozolimskie", "kierunek": "płn.-wschód", "wzgledem_linii_osm": "forward", "wskazowki": "mapa miasta (2021): Aleje Jerozolimskie, Łopuszańska - Dw. Zachodni — dni powszednie, 6-20", "stroke": "#e8590c", "stroke-width": 5}}, {"type": "Feature", "geometry": {"type": "LineString", "coordinates": [[20.956574, 52.214563], [20.95662, 52.214582], [20.956622, 52.214583], [20.956687, 52.214612], [20.956688, 52.214613], [20.956782, 52.214659], [20.956782, 52.214659], [20.957047, 52.21479], [20.957329, 52.214922]]}, "properties": {"kategoria": "do dodania", "osm_way": 514108898, "ulica": "7", "kierunek": "płn.-wschód", "wzgledem_linii_osm": "forward", "wskazowki": "mapa miasta (2021): Aleje Jerozolimskie, Łopuszańska - Dw. Zachodni — dni powszednie, 6-20", "stroke": "#e8590c", "stroke-width": 5}}, {"type": "Feature", "geometry": {"type": "LineString", "coordinates": [[20.947552, 52.208598], [20.94889, 52.209503]]}, "properties": {"kategoria": "do dodania", "osm_way": 514108902, "ulica": "Aleje Jerozolimskie", "kierunek": "płn.-wschód", "wzgledem_linii_osm": "forward", "wskazowki": "mapa miasta (2021): Aleje Jerozolimskie, Łopuszańska - Dw. Zachodni — dni powszednie, 6-20", "stroke": "#e8590c", "stroke-width": 5}}, {"type": "Feature", "geometry": {"type": "LineString", "coordinates": [[21.003532, 52.217017], [21.004601, 52.217082]]}, "properties": {"kategoria": "do dodania", "osm_way": 514507785, "ulica": "Wawelska", "kierunek": "wschód", "wzgledem_linii_osm": "forward", "wskazowki": "mapa miasta (2021): Grzymały-Sokołowskiego/Kopińska/Wawelska/al. Armii Ludowej/most Łazienkowski/al. Stanów Zjednoczonych, Szczęśliwicka - Kanał Gocławski — codziennie, całodobowo | mapa miasta (2021): al. Stanów Zjednoczonych/most Łazienkowski/al. Armii Ludowej/Wawelska, Ostrobramska - Grójecka — codziennie, całodobowo", "stroke": "#e8590c", "stroke-width": 5}}, {"type": "Feature", "geometry": {"type": "LineString", "coordinates": [[21.049696, 52.261314], [21.048314, 52.260721]]}, "properties": {"kategoria": "do dodania", "osm_way": 517695014, "ulica": "Aleja „Solidarności”", "kierunek": "płd.-zachód", "wzgledem_linii_osm": "forward", "wskazowki": "mapa miasta (2021): Radzymińska/most Śląsko-Dąbrowski/al. Solidarności, Krynoliny - Andersa — codziennie, całodobowo", "stroke": "#e8590c", "stroke-width": 5}}, {"type": "Feature", "geometry": {"type": "LineString", "coordinates": [[21.021001, 52.231981], [21.020941, 52.232018], [21.020938, 52.23202], [21.020905, 52.232036], [21.020901, 52.232038], [21.020864, 52.232052], [21.020858, 52.232054], [21.0208, 52.232069], [21.020798, 52.23207], [21.020672, 52.232099]]}, "properties": {"kategoria": "do dodania", "osm_way": 520983040, "ulica": "Nowy Świat", "kierunek": "płn.-zachód", "wzgledem_linii_osm": "forward", "wskazowki": "mapa miasta (2021): Aleje Jerozolimskie, Wisłostrada - Miedziana — dni powszednie, 7-9 i 14-18 | mapa miasta (2021): Nowy Świat/Krakowskie Przedmieście, Smolna - Senatorska — codziennie, całodobowo", "stroke": "#e8590c", "stroke-width": 5}}, {"type": "Feature", "geometry": {"type": "LineString", "coordinates": [[20.962952, 52.333935], [20.962028, 52.334742], [20.962027, 52.334743], [20.961726, 52.334998]]}, "properties": {"kategoria": "do dodania", "osm_way": 522074175, "ulica": "Modlińska", "kierunek": "płn.-zachód", "wzgledem_linii_osm": "forward", "wskazowki": "komunikat ZDM / zgłoszenie: Modlińska, ulica:Aluzyjna → ulica:Elektronowa (otwarty 2023-12-20) | komunikat ZDM / zgłoszenie: Modlińska, ulica:Elektronowa → ulica:Aluzyjna (otwarty 2023-12-20)", "stroke": "#e8590c", "stroke-width": 5}}, {"type": "Feature", "geometry": {"type": "LineString", "coordinates": [[21.01831, 52.167645], [21.01847, 52.168164], [21.018586, 52.168452]]}, "properties": {"kategoria": "do dodania", "osm_way": 523613925, "ulica": "Puławska", "kierunek": "północ", "wzgledem_linii_osm": "forward", "wskazowki": "mapa miasta (2021): Puławska, Dolina Służewiecka - Niedźwiedzia — dni powszednie, 6-10 i 14-19", "stroke": "#e8590c", "stroke-width": 5}}, {"type": "Feature", "geometry": {"type": "LineString", "coordinates": [[20.946896, 52.349436], [20.946561, 52.349806]]}, "properties": {"kategoria": "do dodania", "osm_way": 540765048, "ulica": "Modlińska", "kierunek": "płn.-zachód", "wzgledem_linii_osm": "forward", "wskazowki": "komunikat ZDM / zgłoszenie: Modlińska, ulica:Aluzyjna → ulica:Elektronowa (otwarty 2023-12-20) | komunikat ZDM / zgłoszenie: Modlińska, ulica:Elektronowa → ulica:Aluzyjna (otwarty 2023-12-20)", "stroke": "#e8590c", "stroke-width": 5}}, {"type": "Feature", "geometry": {"type": "LineString", "coordinates": [[20.969177, 52.228561], [20.969857, 52.22861]]}, "properties": {"kategoria": "do dodania", "osm_way": 547454686, "ulica": "Marcina Kasprzaka", "kierunek": "wschód", "wzgledem_linii_osm": "forward", "wskazowki": "mapa miasta (2021): Kasprzaka, Krzyżanowskiego - Korczaka — codziennie, całodobowo", "stroke": "#e8590c", "stroke-width": 5}}, {"type": "Feature", "geometry": {"type": "LineString", "coordinates": [[20.975066, 52.228953], [20.975667, 52.228994], [20.97635, 52.229034], [20.976352, 52.229035], [20.977023, 52.229089], [20.978003, 52.229158]]}, "properties": {"kategoria": "do dodania", "osm_way": 547454700, "ulica": "Marcina Kasprzaka", "kierunek": "wschód", "wzgledem_linii_osm": "forward", "wskazowki": "mapa miasta (2021): Kasprzaka, Krzyżanowskiego - Korczaka — codziennie, całodobowo", "stroke": "#e8590c", "stroke-width": 5}}, {"type": "Feature", "geometry": {"type": "LineString", "coordinates": [[20.970695, 52.228665], [20.971297, 52.228704], [20.9719, 52.228742], [20.9719, 52.228742], [20.97195, 52.228746], [20.972127, 52.228757]]}, "properties": {"kategoria": "do dodania", "osm_way": 547454701, "ulica": "Marcina Kasprzaka", "kierunek": "wschód", "wzgledem_linii_osm": "forward", "wskazowki": "mapa miasta (2021): Kasprzaka, Krzyżanowskiego - Korczaka — codziennie, całodobowo", "stroke": "#e8590c", "stroke-width": 5}}, {"type": "Feature", "geometry": {"type": "LineString", "coordinates": [[21.040618, 52.223296], [21.040717, 52.223315], [21.04082, 52.223331]]}, "properties": {"kategoria": "do dodania", "osm_way": 550828016, "ulica": "", "kierunek": "wschód", "wzgledem_linii_osm": "forward", "wskazowki": "mapa miasta (2021): Grzymały-Sokołowskiego/Kopińska/Wawelska/al. Armii Ludowej/most Łazienkowski/al. Stanów Zjednoczonych, Szczęśliwicka - Kanał Gocławski — codziennie, całodobowo | mapa miasta (2021): al. Stanów Zjednoczonych/most Łazienkowski/al. Armii Ludowej/Wawelska, Ostrobramska - Grójecka — codziennie, całodobowo", "stroke": "#e8590c", "stroke-width": 5}}, {"type": "Feature", "geometry": {"type": "LineString", "coordinates": [[21.018339, 52.110835], [21.018355, 52.110256]]}, "properties": {"kategoria": "do dodania", "osm_way": 605712735, "ulica": "Puławska", "kierunek": "południe", "wzgledem_linii_osm": "forward", "wskazowki": "komunikat ZDM / zgłoszenie: Puławska, granica → ulica:Rotmistrza Witolda Pileckiego (otwarty 2022-09-30) | komunikat ZDM / zgłoszenie: Puławska, ulica:Rotmistrza Witolda Pileckiego → granica (otwarty 2022-09-30)", "stroke": "#e8590c", "stroke-width": 5}}, {"type": "Feature", "geometry": {"type": "LineString", "coordinates": [[21.06344, 52.205813], [21.063585, 52.205721], [21.063586, 52.20572], [21.06366, 52.205675], [21.06393, 52.205507], [21.063942, 52.205499], [21.063943, 52.205498], [21.064313, 52.205271], [21.064405, 52.205206]]}, "properties": {"kategoria": "do dodania", "osm_way": 608705574, "ulica": "", "kierunek": "płd.-wschód", "wzgledem_linii_osm": "backward", "wskazowki": "mapa miasta (2021): al. Polski Walczącej, Batalionu AK \"Bałtyk\" - Zwierzyniecka — codziennie, całodobowo | mapa miasta (2021): al. Polski Walczącej, Melomanów - Batalionu AK \"Bałtyk\" — codziennie, całodobowo", "stroke": "#e8590c", "stroke-width": 5}}, {"type": "Feature", "geometry": {"type": "LineString", "coordinates": [[21.064471, 52.205242], [21.064378, 52.205307], [21.064376, 52.205308], [21.064006, 52.205536], [21.063993, 52.205544], [21.063993, 52.205545], [21.063723, 52.205713], [21.063722, 52.205713], [21.063648, 52.205758], [21.063504, 52.205851]]}, "properties": {"kategoria": "do dodania", "osm_way": 608705574, "ulica": "", "kierunek": "płn.-zachód", "wzgledem_linii_osm": "forward", "wskazowki": "mapa miasta (2021): al. Polski Walczącej, Batalionu AK \"Bałtyk\" - Zwierzyniecka — codziennie, całodobowo | mapa miasta (2021): al. Polski Walczącej, Melomanów - Batalionu AK \"Bałtyk\" — codziennie, całodobowo", "stroke": "#e8590c", "stroke-width": 5}}, {"type": "Feature", "geometry": {"type": "LineString", "coordinates": [[20.937061, 52.201566], [20.93784, 52.202086], [20.938041, 52.202215]]}, "properties": {"kategoria": "do dodania", "osm_way": 622466835, "ulica": "Aleje Jerozolimskie", "kierunek": "płn.-wschód", "wzgledem_linii_osm": "forward", "wskazowki": "mapa miasta (2021): Aleje Jerozolimskie, Łopuszańska - Dw. Zachodni — dni powszednie, 6-20", "stroke": "#e8590c", "stroke-width": 5}}, {"type": "Feature", "geometry": {"type": "LineString", "coordinates": [[21.017575, 52.231205], [21.016745, 52.231025], [21.016744, 52.231025], [21.016535, 52.230979], [21.016371, 52.230945]]}, "properties": {"kategoria": "do dodania", "osm_way": 628994153, "ulica": "Aleje Jerozolimskie", "kierunek": "zachód", "wzgledem_linii_osm": "forward", "wskazowki": "mapa miasta (2021): Aleje Jerozolimskie, Wisłostrada - Miedziana — dni powszednie, 7-9 i 14-18 | mapa miasta (2021): Grójecka/Aleje Jerozolimskie, Wawelska - Bracka — dni powszednie, 7-9 i 14-18", "stroke": "#e8590c", "stroke-width": 5}}, {"type": "Feature", "geometry": {"type": "LineString", "coordinates": [[21.017667, 52.230991], [21.018567, 52.231183], [21.018761, 52.231223]]}, "properties": {"kategoria": "do dodania", "osm_way": 628994157, "ulica": "Aleje Jerozolimskie", "kierunek": "wschód", "wzgledem_linii_osm": "forward", "wskazowki": "mapa miasta (2021): Aleje Jerozolimskie, Wisłostrada - Miedziana — dni powszednie, 7-9 i 14-18 | mapa miasta (2021): Grójecka/Aleje Jerozolimskie, Wawelska - Bracka — dni powszednie, 7-9 i 14-18", "stroke": "#e8590c", "stroke-width": 5}}, {"type": "Feature", "geometry": {"type": "LineString", "coordinates": [[20.965045, 52.217526], [20.965609, 52.217707]]}, "properties": {"kategoria": "do dodania", "osm_way": 633619674, "ulica": "Aleje Jerozolimskie", "kierunek": "płn.-wschód", "wzgledem_linii_osm": "forward", "wskazowki": "mapa miasta (2021): Aleje Jerozolimskie, Łopuszańska - Dw. Zachodni — dni powszednie, 6-20", "stroke": "#e8590c", "stroke-width": 5}}, {"type": "Feature", "geometry": {"type": "LineString", "coordinates": [[20.989408, 52.303551], [20.989325, 52.303627]]}, "properties": {"kategoria": "do dodania", "osm_way": 642908339, "ulica": "Modlińska", "kierunek": "płn.-zachód", "wzgledem_linii_osm": "forward", "wskazowki": "mapa miasta (2021): Modlińska, Leliwitów - Elektronowa — dni powszednie, 6-10 | komunikat ZDM / zgłoszenie: Modlińska, ulica:Aluzyjna → ulica:Elektronowa (otwarty 2023-12-20) | komunikat ZDM / zgłoszenie: Modlińska, ulica:Elektronowa → ulica:Aluzyjna (otwarty 2023-12-20)", "stroke": "#e8590c", "stroke-width": 5}}, {"type": "Feature", "geometry": {"type": "LineString", "coordinates": [[21.057186, 52.299045], [21.057017, 52.298859]]}, "properties": {"kategoria": "do dodania", "osm_way": 656678889, "ulica": "Głębocka", "kierunek": "płd.-zachód", "wzgledem_linii_osm": "forward", "wskazowki": "komunikat ZDM / zgłoszenie: Głębocka / Świętego Wincentego, przystanek:117903 → ulica:Ludwika Kondratowicza (otwarty 2024-12-06) | komunikat ZDM / zgłoszenie: Głębocka / Świętego Wincentego, ulica:Malborska → przystanek:117903 (otwarty 2024-12-06)", "stroke": "#e8590c", "stroke-width": 5}}, {"type": "Feature", "geometry": {"type": "LineString", "coordinates": [[21.056391, 52.207907], [21.055791, 52.207861], [21.055643, 52.20785], [21.05564, 52.20785], [21.055242, 52.207804], [21.05524, 52.207804], [21.055027, 52.207773], [21.054719, 52.207743], [21.054719, 52.207743], [21.05462, 52.207734], [21.054305, 52.20771], [21.054187, 52.207702], [21.054185, 52.207702], [21.053978, 52.207682], [21.053743, 52.207659], [21.053494, 52.20765], [21.053197, 52.207644], [21.053026, 52.20766], [21.05293, 52.207677]]}, "properties": {"kategoria": "do dodania", "osm_way": 658579285, "ulica": "", "kierunek": "zachód", "wzgledem_linii_osm": "forward", "wskazowki": "mapa miasta (2021): al. Polski Walczącej, Batalionu AK \"Bałtyk\" - Zwierzyniecka — codziennie, całodobowo", "stroke": "#e8590c", "stroke-width": 5}}, {"type": "Feature", "geometry": {"type": "LineString", "coordinates": [[21.055166, 52.207636], [21.055474, 52.207716], [21.055747, 52.207757], [21.056407, 52.207854]]}, "properties": {"kategoria": "do dodania", "osm_way": 658579286, "ulica": "", "kierunek": "wschód", "wzgledem_linii_osm": "forward", "wskazowki": "mapa miasta (2021): al. Polski Walczącej, Batalionu AK \"Bałtyk\" - Zwierzyniecka — codziennie, całodobowo | mapa miasta (2021): al. Polski Walczącej, Melomanów - Batalionu AK \"Bałtyk\" — codziennie, całodobowo", "stroke": "#e8590c", "stroke-width": 5}}, {"type": "Feature", "geometry": {"type": "LineString", "coordinates": [[21.066186, 52.204576], [21.065755, 52.204679], [21.065614, 52.204724], [21.065379, 52.204816], [21.06524, 52.204874], [21.065009, 52.20498], [21.064924, 52.205023], [21.064793, 52.20509], [21.064792, 52.20509], [21.064465, 52.205245]]}, "properties": {"kategoria": "do dodania", "osm_way": 658579288, "ulica": "", "kierunek": "płn.-zachód", "wzgledem_linii_osm": "forward", "wskazowki": "mapa miasta (2021): al. Polski Walczącej, Batalionu AK \"Bałtyk\" - Zwierzyniecka — codziennie, całodobowo | mapa miasta (2021): al. Polski Walczącej, Melomanów - Batalionu AK \"Bałtyk\" — codziennie, całodobowo", "stroke": "#e8590c", "stroke-width": 5}}, {"type": "Feature", "geometry": {"type": "LineString", "coordinates": [[21.016332, 52.230695], [21.016474, 52.230725]]}, "properties": {"kategoria": "do dodania", "osm_way": 686994636, "ulica": "Aleje Jerozolimskie", "kierunek": "wschód", "wzgledem_linii_osm": "forward", "wskazowki": "mapa miasta (2021): Aleje Jerozolimskie, Wisłostrada - Miedziana — dni powszednie, 7-9 i 14-18 | mapa miasta (2021): Grójecka/Aleje Jerozolimskie, Wawelska - Bracka — dni powszednie, 7-9 i 14-18", "stroke": "#e8590c", "stroke-width": 5}}, {"type": "Feature", "geometry": {"type": "LineString", "coordinates": [[21.016371, 52.230945], [21.016232, 52.230915]]}, "properties": {"kategoria": "do dodania", "osm_way": 686994637, "ulica": "Aleje Jerozolimskie", "kierunek": "zachód", "wzgledem_linii_osm": "forward", "wskazowki": "mapa miasta (2021): Aleje Jerozolimskie, Wisłostrada - Miedziana — dni powszednie, 7-9 i 14-18 | mapa miasta (2021): Grójecka/Aleje Jerozolimskie, Wawelska - Bracka — dni powszednie, 7-9 i 14-18", "stroke": "#e8590c", "stroke-width": 5}}, {"type": "Feature", "geometry": {"type": "LineString", "coordinates": [[20.961677, 52.21622], [20.961905, 52.216301], [20.961906, 52.216302], [20.961974, 52.216328], [20.961975, 52.216328], [20.962583, 52.216571]]}, "properties": {"kategoria": "do dodania", "osm_way": 689235835, "ulica": "Aleje Jerozolimskie", "kierunek": "płn.-wschód", "wzgledem_linii_osm": "forward", "wskazowki": "mapa miasta (2021): Aleje Jerozolimskie, Łopuszańska - Dw. Zachodni — dni powszednie, 6-20", "stroke": "#e8590c", "stroke-width": 5}}, {"type": "Feature", "geometry": {"type": "LineString", "coordinates": [[21.044194, 52.177508], [21.044167, 52.177234]]}, "properties": {"kategoria": "do dodania", "osm_way": 711547804, "ulica": "Aleja Generała Władysława Sikorskiego", "kierunek": "południe", "wzgledem_linii_osm": "forward", "wskazowki": "komunikat ZDM / zgłoszenie: Dolina Służewiecka / Aleja Generała Władysława Sikorskiego, ulica:Jana III Sobieskiego → ulica:Nowoursynowska (otwarty 2022-01-10)", "stroke": "#e8590c", "stroke-width": 5}}, {"type": "Feature", "geometry": {"type": "LineString", "coordinates": [[21.045024, 52.181934], [21.04491, 52.181376]]}, "properties": {"kategoria": "do dodania", "osm_way": 711547805, "ulica": "Aleja Generała Władysława Sikorskiego", "kierunek": "południe", "wzgledem_linii_osm": "forward", "wskazowki": "komunikat ZDM / zgłoszenie: Dolina Służewiecka / Aleja Generała Władysława Sikorskiego, ulica:Nowoursynowska → ulica:Jana III Sobieskiego (otwarty 2022-01-10) | komunikat ZDM / zgłoszenie: Dolina Służewiecka / Aleja Generała Władysława Sikorskiego, ulica:Jana III Sobieskiego → ulica:Nowoursynowska (otwarty 2022-01-10)", "stroke": "#e8590c", "stroke-width": 5}}, {"type": "Feature", "geometry": {"type": "LineString", "coordinates": [[21.045459, 52.184416], [21.045402, 52.183985]]}, "properties": {"kategoria": "do dodania", "osm_way": 711547806, "ulica": "Aleja Generała Władysława Sikorskiego", "kierunek": "południe", "wzgledem_linii_osm": "forward", "wskazowki": "komunikat ZDM / zgłoszenie: Dolina Służewiecka / Aleja Generała Władysława Sikorskiego, ulica:Nowoursynowska → ulica:Jana III Sobieskiego (otwarty 2022-01-10) | komunikat ZDM / zgłoszenie: Dolina Służewiecka / Aleja Generała Władysława Sikorskiego, ulica:Jana III Sobieskiego → ulica:Nowoursynowska (otwarty 2022-01-10)", "stroke": "#e8590c", "stroke-width": 5}}, {"type": "Feature", "geometry": {"type": "LineString", "coordinates": [[21.045258, 52.183081], [21.045224, 52.182849]]}, "properties": {"kategoria": "do dodania", "osm_way": 711547807, "ulica": "Aleja Generała Władysława Sikorskiego", "kierunek": "południe", "wzgledem_linii_osm": "forward", "wskazowki": "komunikat ZDM / zgłoszenie: Dolina Służewiecka / Aleja Generała Władysława Sikorskiego, ulica:Nowoursynowska → ulica:Jana III Sobieskiego (otwarty 2022-01-10) | komunikat ZDM / zgłoszenie: Dolina Służewiecka / Aleja Generała Władysława Sikorskiego, ulica:Jana III Sobieskiego → ulica:Nowoursynowska (otwarty 2022-01-10)", "stroke": "#e8590c", "stroke-width": 5}}, {"type": "Feature", "geometry": {"type": "LineString", "coordinates": [[21.043142, 52.224208], [21.043047, 52.224189]]}, "properties": {"kategoria": "do dodania", "osm_way": 780344507, "ulica": "Most Łazienkowski", "kierunek": "zachód", "wzgledem_linii_osm": "forward", "wskazowki": "mapa miasta (2021): Grzymały-Sokołowskiego/Kopińska/Wawelska/al. Armii Ludowej/most Łazienkowski/al. Stanów Zjednoczonych, Szczęśliwicka - Kanał Gocławski — codziennie, całodobowo | mapa miasta (2021): al. Stanów Zjednoczonych/most Łazienkowski/al. Armii Ludowej/Wawelska, Ostrobramska - Grójecka — codziennie, całodobowo", "stroke": "#e8590c", "stroke-width": 5}}, {"type": "Feature", "geometry": {"type": "LineString", "coordinates": [[21.002097, 52.243543], [21.001886, 52.24371]]}, "properties": {"kategoria": "do dodania", "osm_way": 788655453, "ulica": "Plac Bankowy", "kierunek": "płn.-zachód", "wzgledem_linii_osm": "forward", "wskazowki": "mapa miasta (2021): pl. Bankowy, Senatorska - al. Solidarności — codziennie, całodobowo | mapa miasta (2021): pl. Bankowy, al. Solidarności - Senatorska — codziennie, całodobowo", "stroke": "#e8590c", "stroke-width": 5}}, {"type": "Feature", "geometry": {"type": "LineString", "coordinates": [[21.063286, 52.205913], [21.06344, 52.205813]]}, "properties": {"kategoria": "do dodania", "osm_way": 827820294, "ulica": "", "kierunek": "płd.-wschód", "wzgledem_linii_osm": "backward", "wskazowki": "mapa miasta (2021): al. Polski Walczącej, Batalionu AK \"Bałtyk\" - Zwierzyniecka — codziennie, całodobowo | mapa miasta (2021): al. Polski Walczącej, Melomanów - Batalionu AK \"Bałtyk\" — codziennie, całodobowo", "stroke": "#e8590c", "stroke-width": 5}}, {"type": "Feature", "geometry": {"type": "LineString", "coordinates": [[21.063504, 52.205851], [21.063349, 52.20595]]}, "properties": {"kategoria": "do dodania", "osm_way": 827820294, "ulica": "", "kierunek": "płn.-zachód", "wzgledem_linii_osm": "forward", "wskazowki": "mapa miasta (2021): al. Polski Walczącej, Batalionu AK \"Bałtyk\" - Zwierzyniecka — codziennie, całodobowo | mapa miasta (2021): al. Polski Walczącej, Melomanów - Batalionu AK \"Bałtyk\" — codziennie, całodobowo", "stroke": "#e8590c", "stroke-width": 5}}, {"type": "Feature", "geometry": {"type": "LineString", "coordinates": [[21.059039, 52.208037], [21.059145, 52.208028], [21.059256, 52.208015], [21.059356, 52.208002], [21.059446, 52.207987], [21.059556, 52.207966], [21.059708, 52.207932], [21.059708, 52.207932], [21.05972, 52.207929], [21.059785, 52.207911], [21.059786, 52.207911], [21.059898, 52.20788], [21.060056, 52.207831], [21.06017, 52.20779], [21.060298, 52.207737], [21.060388, 52.207698], [21.060479, 52.207654], [21.060574, 52.207602], [21.060691, 52.207533], [21.060841, 52.207441], [21.061016, 52.207331], [21.061248, 52.207186], [21.061364, 52.207111], [21.061365, 52.20711], [21.061648, 52.206937], [21.061803, 52.206842], [21.062087, 52.206664], [21.062396, 52.206471], [21.062396, 52.206471], [21.062567, 52.206365], [21.062756, 52.206247], [21.062757, 52.206247], [21.062822, 52.206208], [21.06288, 52.206172], [21.06288, 52.206172], [21.063022, 52.206083], [21.063098, 52.206035], [21.063254, 52.205933]]}, "properties": {"kategoria": "do dodania", "osm_way": 827820296, "ulica": "", "kierunek": "płd.-wschód", "wzgledem_linii_osm": "backward", "wskazowki": "mapa miasta (2021): al. Polski Walczącej, Batalionu AK \"Bałtyk\" - Zwierzyniecka — codziennie, całodobowo | mapa miasta (2021): al. Polski Walczącej, Melomanów - Batalionu AK \"Bałtyk\" — codziennie, całodobowo", "stroke": "#e8590c", "stroke-width": 5}}, {"type": "Feature", "geometry": {"type": "LineString", "coordinates": [[21.063318, 52.205971], [21.063162, 52.206072], [21.063161, 52.206072], [21.063085, 52.206121], [21.063085, 52.206121], [21.062942, 52.20621], [21.062884, 52.206246], [21.062883, 52.206246], [21.062819, 52.206285], [21.062629, 52.206403], [21.062629, 52.206403], [21.062458, 52.206509], [21.06215, 52.206702], [21.06215, 52.206702], [21.061865, 52.206879], [21.061865, 52.20688], [21.06171, 52.206975], [21.06171, 52.206975], [21.061428, 52.207148], [21.061311, 52.207223], [21.061311, 52.207223], [21.061079, 52.207369], [21.061079, 52.207369], [21.060903, 52.207479], [21.060903, 52.20748], [21.060752, 52.207571], [21.060752, 52.207572], [21.060634, 52.207642], [21.060633, 52.207642], [21.060537, 52.207695], [21.060535, 52.207696], [21.060442, 52.207741], [21.06044, 52.207742], [21.060348, 52.207781], [21.060348, 52.207781], [21.060218, 52.207835], [21.060216, 52.207836], [21.060099, 52.207878], [21.060097, 52.207878], [21.059937, 52.207929], [21.059935, 52.207929], [21.059821, 52.20796], [21.059754, 52.207978], [21.059751, 52.207979], [21.059738, 52.207982], [21.059585, 52.208017], [21.059583, 52.208017], [21.059472, 52.208039], [21.05947, 52.208039], [21.059378, 52.208055], [21.059375, 52.208055], [21.059273, 52.208068], [21.059162, 52.208081], [21.059159, 52.208082], [21.059052, 52.208091]]}, "properties": {"kategoria": "do dodania", "osm_way": 827820296, "ulica": "", "kierunek": "płn.-zachód", "wzgledem_linii_osm": "forward", "wskazowki": "mapa miasta (2021): al. Polski Walczącej, Batalionu AK \"Bałtyk\" - Zwierzyniecka — codziennie, całodobowo | mapa miasta (2021): al. Polski Walczącej, Melomanów - Batalionu AK \"Bałtyk\" — codziennie, całodobowo", "stroke": "#e8590c", "stroke-width": 5}}, {"type": "Feature", "geometry": {"type": "LineString", "coordinates": [[21.063329, 52.205744], [21.063479, 52.205656], [21.063553, 52.205609], [21.063553, 52.205608], [21.064048, 52.205301], [21.06405, 52.205299], [21.064483, 52.205066], [21.064484, 52.205065], [21.064854, 52.204882], [21.064856, 52.204882], [21.065042, 52.204799]]}, "properties": {"kategoria": "do dodania", "osm_way": 827820297, "ulica": "Aleja Polski Walczącej", "kierunek": "płd.-wschód", "wzgledem_linii_osm": "forward", "wskazowki": "mapa miasta (2021): al. Polski Walczącej, Batalionu AK \"Bałtyk\" - Zwierzyniecka — codziennie, całodobowo | mapa miasta (2021): al. Polski Walczącej, Melomanów - Batalionu AK \"Bałtyk\" — codziennie, całodobowo", "stroke": "#e8590c", "stroke-width": 5}}, {"type": "Feature", "geometry": {"type": "LineString", "coordinates": [[20.951734, 52.343192], [20.952083, 52.342817], [20.952085, 52.342814], [20.952545, 52.342419], [20.952545, 52.342419], [20.952597, 52.342374], [20.952641, 52.342336], [20.952642, 52.342335], [20.952676, 52.342306]]}, "properties": {"kategoria": "do dodania", "osm_way": 865630373, "ulica": "Modlińska", "kierunek": "płd.-wschód", "wzgledem_linii_osm": "forward", "wskazowki": "komunikat ZDM / zgłoszenie: Modlińska, ulica:Aluzyjna → ulica:Elektronowa (otwarty 2023-12-20) | komunikat ZDM / zgłoszenie: Modlińska, ulica:Elektronowa → ulica:Aluzyjna (otwarty 2023-12-20)", "stroke": "#e8590c", "stroke-width": 5}}, {"type": "Feature", "geometry": {"type": "LineString", "coordinates": [[20.999587, 52.243734], [21.000548, 52.244041], [21.000666, 52.244079], [21.000751, 52.244104]]}, "properties": {"kategoria": "do dodania", "osm_way": 882016803, "ulica": "Aleja „Solidarności”", "kierunek": "płn.-wschód", "wzgledem_linii_osm": "forward", "wskazowki": "mapa miasta (2021): al. Solidarności, Okopowa - Jagiellońska — codziennie, całodobowo | mapa miasta (2021): Radzymińska/most Śląsko-Dąbrowski/al. Solidarności, Krynoliny - Andersa — codziennie, całodobowo", "stroke": "#e8590c", "stroke-width": 5}}, {"type": "Feature", "geometry": {"type": "LineString", "coordinates": [[21.018646, 52.111206], [21.018641, 52.111288]]}, "properties": {"kategoria": "do dodania", "osm_way": 885296183, "ulica": "Puławska", "kierunek": "północ", "wzgledem_linii_osm": "forward", "wskazowki": "komunikat ZDM / zgłoszenie: Puławska, granica → ulica:Rotmistrza Witolda Pileckiego (otwarty 2022-09-30) | komunikat ZDM / zgłoszenie: Puławska, ulica:Rotmistrza Witolda Pileckiego → granica (otwarty 2022-09-30)", "stroke": "#e8590c", "stroke-width": 5}}, {"type": "Feature", "geometry": {"type": "LineString", "coordinates": [[21.017903, 52.141648], [21.017901, 52.141786]]}, "properties": {"kategoria": "do dodania", "osm_way": 893552202, "ulica": "Puławska", "kierunek": "północ", "wzgledem_linii_osm": "forward", "wskazowki": "komunikat ZDM / zgłoszenie: Puławska, granica → ulica:Rotmistrza Witolda Pileckiego (otwarty 2022-09-30) | komunikat ZDM / zgłoszenie: Puławska, ulica:Rotmistrza Witolda Pileckiego → granica (otwarty 2022-09-30)", "stroke": "#e8590c", "stroke-width": 5}}, {"type": "Feature", "geometry": {"type": "LineString", "coordinates": [[21.018074, 52.140707], [21.017989, 52.14104], [21.017939, 52.141349], [21.017916, 52.141541], [21.017916, 52.141541], [21.017903, 52.14165]]}, "properties": {"kategoria": "do dodania", "osm_way": 893552204, "ulica": "Puławska", "kierunek": "północ", "wzgledem_linii_osm": "forward", "wskazowki": "komunikat ZDM / zgłoszenie: Puławska, granica → ulica:Rotmistrza Witolda Pileckiego (otwarty 2022-09-30) | komunikat ZDM / zgłoszenie: Puławska, ulica:Rotmistrza Witolda Pileckiego → granica (otwarty 2022-09-30)", "stroke": "#e8590c", "stroke-width": 5}}, {"type": "Feature", "geometry": {"type": "LineString", "coordinates": [[21.017901, 52.141786], [21.017895, 52.142113]]}, "properties": {"kategoria": "do dodania", "osm_way": 893552205, "ulica": "Puławska", "kierunek": "północ", "wzgledem_linii_osm": "forward", "wskazowki": "komunikat ZDM / zgłoszenie: Puławska, granica → ulica:Rotmistrza Witolda Pileckiego (otwarty 2022-09-30) | komunikat ZDM / zgłoszenie: Puławska, ulica:Rotmistrza Witolda Pileckiego → granica (otwarty 2022-09-30)", "stroke": "#e8590c", "stroke-width": 5}}, {"type": "Feature", "geometry": {"type": "LineString", "coordinates": [[20.964097, 52.21718], [20.965047, 52.217527]]}, "properties": {"kategoria": "do dodania", "osm_way": 899119730, "ulica": "Aleje Jerozolimskie", "kierunek": "płn.-wschód", "wzgledem_linii_osm": "forward", "wskazowki": "mapa miasta (2021): Aleje Jerozolimskie, Łopuszańska - Dw. Zachodni — dni powszednie, 6-20", "stroke": "#e8590c", "stroke-width": 5}}, {"type": "Feature", "geometry": {"type": "LineString", "coordinates": [[20.963614, 52.216983], [20.963909, 52.217105], [20.964098, 52.21718]]}, "properties": {"kategoria": "do dodania", "osm_way": 899119838, "ulica": "Aleje Jerozolimskie", "kierunek": "płn.-wschód", "wzgledem_linii_osm": "forward", "wskazowki": "mapa miasta (2021): Aleje Jerozolimskie, Łopuszańska - Dw. Zachodni — dni powszednie, 6-20", "stroke": "#e8590c", "stroke-width": 5}}, {"type": "Feature", "geometry": {"type": "LineString", "coordinates": [[20.990129, 52.219192], [20.990109, 52.219234], [20.990109, 52.219235], [20.990072, 52.219307]]}, "properties": {"kategoria": "do dodania", "osm_way": 900363785, "ulica": "Raszyńska", "kierunek": "północ", "wzgledem_linii_osm": "forward", "wskazowki": "mapa miasta (2021): Raszyńska, Filtrowa - Koszykowa — dni powszednie, 7-10 i 14-19", "stroke": "#e8590c", "stroke-width": 5}}, {"type": "Feature", "geometry": {"type": "LineString", "coordinates": [[21.063254, 52.205933], [21.063286, 52.205913]]}, "properties": {"kategoria": "do dodania", "osm_way": 917593196, "ulica": "", "kierunek": "płd.-wschód", "wzgledem_linii_osm": "backward", "wskazowki": "mapa miasta (2021): al. Polski Walczącej, Batalionu AK \"Bałtyk\" - Zwierzyniecka — codziennie, całodobowo | mapa miasta (2021): al. Polski Walczącej, Melomanów - Batalionu AK \"Bałtyk\" — codziennie, całodobowo", "stroke": "#e8590c", "stroke-width": 5}}, {"type": "Feature", "geometry": {"type": "LineString", "coordinates": [[21.063349, 52.20595], [21.063318, 52.205971]]}, "properties": {"kategoria": "do dodania", "osm_way": 917593196, "ulica": "", "kierunek": "płn.-zachód", "wzgledem_linii_osm": "forward", "wskazowki": "mapa miasta (2021): al. Polski Walczącej, Batalionu AK \"Bałtyk\" - Zwierzyniecka — codziennie, całodobowo | mapa miasta (2021): al. Polski Walczącej, Melomanów - Batalionu AK \"Bałtyk\" — codziennie, całodobowo", "stroke": "#e8590c", "stroke-width": 5}}, {"type": "Feature", "geometry": {"type": "LineString", "coordinates": [[21.056406, 52.207854], [21.056569, 52.207875], [21.057163, 52.207934], [21.057163, 52.207934], [21.057536, 52.207971], [21.057536, 52.207971], [21.058131, 52.208032], [21.058238, 52.208038], [21.05824, 52.208038], [21.058386, 52.208048], [21.058449, 52.208052], [21.05851, 52.208054], [21.058594, 52.208057], [21.058652, 52.208057], [21.058728, 52.208055], [21.05883, 52.208051], [21.058964, 52.208045], [21.059039, 52.208038]]}, "properties": {"kategoria": "do dodania", "osm_way": 917593201, "ulica": "", "kierunek": "wschód", "wzgledem_linii_osm": "backward", "wskazowki": "mapa miasta (2021): al. Polski Walczącej, Batalionu AK \"Bałtyk\" - Zwierzyniecka — codziennie, całodobowo | mapa miasta (2021): al. Polski Walczącej, Melomanów - Batalionu AK \"Bałtyk\" — codziennie, całodobowo", "stroke": "#e8590c", "stroke-width": 5}}, {"type": "Feature", "geometry": {"type": "LineString", "coordinates": [[21.059053, 52.208091], [21.058976, 52.208098], [21.058972, 52.208099], [21.058837, 52.208105], [21.058836, 52.208105], [21.058733, 52.208109], [21.058732, 52.208109], [21.058655, 52.208111], [21.058653, 52.208111], [21.058593, 52.208111], [21.058591, 52.208111], [21.058505, 52.208108], [21.058443, 52.208106], [21.058441, 52.208106], [21.058377, 52.208102], [21.058376, 52.208102], [21.05823, 52.208092], [21.058121, 52.208086], [21.058118, 52.208085], [21.057522, 52.208025], [21.057149, 52.207987], [21.056554, 52.207928], [21.056551, 52.207928], [21.056387, 52.207907]]}, "properties": {"kategoria": "do dodania", "osm_way": 917593201, "ulica": "", "kierunek": "zachód", "wzgledem_linii_osm": "forward", "wskazowki": "mapa miasta (2021): al. Polski Walczącej, Batalionu AK \"Bałtyk\" - Zwierzyniecka — codziennie, całodobowo | mapa miasta (2021): al. Polski Walczącej, Melomanów - Batalionu AK \"Bałtyk\" — codziennie, całodobowo", "stroke": "#e8590c", "stroke-width": 5}}, {"type": "Feature", "geometry": {"type": "LineString", "coordinates": [[21.058577, 52.266708], [21.058377, 52.266456]]}, "properties": {"kategoria": "do dodania", "osm_way": 945277354, "ulica": "Radzymińska", "kierunek": "płd.-zachód", "wzgledem_linii_osm": "forward", "wskazowki": "mapa miasta (2021): Radzymińska/most Śląsko-Dąbrowski/al. Solidarności, Krynoliny - Andersa — codziennie, całodobowo", "stroke": "#e8590c", "stroke-width": 5}}, {"type": "Feature", "geometry": {"type": "LineString", "coordinates": [[21.015208, 52.230459], [21.015988, 52.230622], [21.016183, 52.230663], [21.016184, 52.230663], [21.016332, 52.230695]]}, "properties": {"kategoria": "do dodania", "osm_way": 954393359, "ulica": "Aleje Jerozolimskie", "kierunek": "wschód", "wzgledem_linii_osm": "forward", "wskazowki": "mapa miasta (2021): Aleje Jerozolimskie, Wisłostrada - Miedziana — dni powszednie, 7-9 i 14-18 | mapa miasta (2021): Grójecka/Aleje Jerozolimskie, Wawelska - Bracka — dni powszednie, 7-9 i 14-18", "stroke": "#e8590c", "stroke-width": 5}}, {"type": "Feature", "geometry": {"type": "LineString", "coordinates": [[21.039561, 52.196934], [21.039999, 52.196516], [21.039999, 52.196516], [21.040048, 52.196469], [21.040092, 52.196428]]}, "properties": {"kategoria": "do dodania", "osm_way": 961711375, "ulica": "Jana III Sobieskiego", "kierunek": "płd.-wschód", "wzgledem_linii_osm": "forward", "wskazowki": "mapa miasta (2021): Sobieskiego/Belwederska, Idzikowskiego - Nabielaka — dni powszednie, 7-10 i 14-19 | mapa miasta (2021): Belwederska/Sobieskiego, Grottgera - Idzikowskiego — dni powszednie, 7-9 i 14-18", "stroke": "#e8590c", "stroke-width": 5}}, {"type": "Feature", "geometry": {"type": "LineString", "coordinates": [[21.040804, 52.195751], [21.040886, 52.195672], [21.040886, 52.195672], [21.040947, 52.195615], [21.040947, 52.195615], [21.041004, 52.195563], [21.041005, 52.195563], [21.041079, 52.195499], [21.041155, 52.195431], [21.041244, 52.195345], [21.042303, 52.19434], [21.042339, 52.194303], [21.042383, 52.194255], [21.042425, 52.194209], [21.042474, 52.194152], [21.042587, 52.194019], [21.042587, 52.194019], [21.04262, 52.193981], [21.042621, 52.19398], [21.042658, 52.19394], [21.0427, 52.193896], [21.0427, 52.193896], [21.042742, 52.193853], [21.042742, 52.193852], [21.042793, 52.193803], [21.042793, 52.193802], [21.042915, 52.193687]]}, "properties": {"kategoria": "do dodania", "osm_way": 961711376, "ulica": "Jana III Sobieskiego", "kierunek": "płd.-wschód", "wzgledem_linii_osm": "forward", "wskazowki": "mapa miasta (2021): Sobieskiego/Belwederska, Idzikowskiego - Nabielaka — dni powszednie, 7-10 i 14-19 | mapa miasta (2021): Belwederska/Sobieskiego, Grottgera - Idzikowskiego — dni powszednie, 7-9 i 14-18", "stroke": "#e8590c", "stroke-width": 5}}, {"type": "Feature", "geometry": {"type": "LineString", "coordinates": [[21.043905, 52.192744], [21.044563, 52.192117], [21.044563, 52.192117], [21.044625, 52.192059], [21.044625, 52.192059], [21.044671, 52.192016], [21.044672, 52.192015], [21.044706, 52.191986], [21.044707, 52.191985], [21.044739, 52.191959], [21.044739, 52.191959], [21.044768, 52.191936], [21.044769, 52.191936], [21.04481, 52.191905]]}, "properties": {"kategoria": "do dodania", "osm_way": 961711377, "ulica": "Jana III Sobieskiego", "kierunek": "płd.-wschód", "wzgledem_linii_osm": "forward", "wskazowki": "mapa miasta (2021): Sobieskiego/Belwederska, Idzikowskiego - Nabielaka — dni powszednie, 7-10 i 14-19 | mapa miasta (2021): Belwederska/Sobieskiego, Grottgera - Idzikowskiego — dni powszednie, 7-9 i 14-18", "stroke": "#e8590c", "stroke-width": 5}}, {"type": "Feature", "geometry": {"type": "LineString", "coordinates": [[21.006888, 52.2382], [21.00703, 52.238244], [21.007083, 52.23826]]}, "properties": {"kategoria": "do dodania", "osm_way": 974432097, "ulica": "Królewska", "kierunek": "płn.-wschód", "wzgledem_linii_osm": "forward", "wskazowki": "mapa miasta (2021): Królewska, Marszałkowska - Burschego — codziennie, całodobowo", "stroke": "#e8590c", "stroke-width": 5}}, {"type": "Feature", "geometry": {"type": "LineString", "coordinates": [[21.052428, 52.293302], [21.052404, 52.293265], [21.052404, 52.293264], [21.052382, 52.293226], [21.052382, 52.293225], [21.052362, 52.293185], [21.052361, 52.293184], [21.052334, 52.29312], [21.052305, 52.293062], [21.05227, 52.293], [21.052231, 52.292938], [21.051954, 52.292525], [21.051926, 52.292484], [21.051905, 52.292452], [21.051777, 52.292261]]}, "properties": {"kategoria": "do dodania", "osm_way": 975825560, "ulica": "Świętego Wincentego", "kierunek": "południe", "wzgledem_linii_osm": "forward", "wskazowki": "komunikat ZDM / zgłoszenie: Głębocka / Świętego Wincentego, przystanek:117903 → ulica:Ludwika Kondratowicza (otwarty 2024-12-06)", "stroke": "#e8590c", "stroke-width": 5}}, {"type": "Feature", "geometry": {"type": "LineString", "coordinates": [[20.944716, 52.206804], [20.945506, 52.207348]]}, "properties": {"kategoria": "do dodania", "osm_way": 982740288, "ulica": "Aleje Jerozolimskie", "kierunek": "płn.-wschód", "wzgledem_linii_osm": "forward", "wskazowki": "mapa miasta (2021): Aleje Jerozolimskie, Łopuszańska - Dw. Zachodni — dni powszednie, 6-20", "stroke": "#e8590c", "stroke-width": 5}}, {"type": "Feature", "geometry": {"type": "LineString", "coordinates": [[21.017381, 52.152791], [21.017397, 52.152552], [21.017399, 52.152329]]}, "properties": {"kategoria": "do dodania", "osm_way": 1007148203, "ulica": "Puławska", "kierunek": "południe", "wzgledem_linii_osm": "forward", "wskazowki": "komunikat ZDM / zgłoszenie: Puławska, granica → ulica:Rotmistrza Witolda Pileckiego (otwarty 2022-09-30) | komunikat ZDM / zgłoszenie: Puławska, ulica:Rotmistrza Witolda Pileckiego → granica (otwarty 2022-09-30)", "stroke": "#e8590c", "stroke-width": 5}}, {"type": "Feature", "geometry": {"type": "LineString", "coordinates": [[21.001886, 52.24371], [21.001718, 52.243838]]}, "properties": {"kategoria": "do dodania", "osm_way": 1013834889, "ulica": "Plac Bankowy", "kierunek": "płn.-zachód", "wzgledem_linii_osm": "forward", "wskazowki": "mapa miasta (2021): pl. Bankowy, Senatorska - al. Solidarności — codziennie, całodobowo | mapa miasta (2021): pl. Bankowy, al. Solidarności - Senatorska — codziennie, całodobowo", "stroke": "#e8590c", "stroke-width": 5}}, {"type": "Feature", "geometry": {"type": "LineString", "coordinates": [[21.001224, 52.243942], [21.001279, 52.243899], [21.001377, 52.243821]]}, "properties": {"kategoria": "do dodania", "osm_way": 1013841281, "ulica": "Plac Bankowy", "kierunek": "płd.-wschód", "wzgledem_linii_osm": "forward", "wskazowki": "mapa miasta (2021): pl. Bankowy, al. Solidarności - Senatorska — codziennie, całodobowo", "stroke": "#e8590c", "stroke-width": 5}}, {"type": "Feature", "geometry": {"type": "LineString", "coordinates": [[21.017408, 52.139276], [21.017369, 52.139203], [21.017367, 52.1392], [21.017353, 52.139159], [21.017352, 52.139157], [21.017343, 52.139115], [21.017343, 52.13911], [21.017363, 52.138904], [21.017363, 52.138902], [21.017408, 52.138694]]}, "properties": {"kategoria": "do dodania", "osm_way": 1013892310, "ulica": "Puławska", "kierunek": "południe", "wzgledem_linii_osm": "forward", "wskazowki": "komunikat ZDM / zgłoszenie: Puławska, ulica:Rotmistrza Witolda Pileckiego → granica (otwarty 2022-09-30)", "stroke": "#e8590c", "stroke-width": 5}}, {"type": "Feature", "geometry": {"type": "LineString", "coordinates": [[21.017399, 52.152328], [21.017414, 52.151979], [21.017413, 52.151807], [21.017413, 52.151807], [21.017417, 52.15164]]}, "properties": {"kategoria": "do dodania", "osm_way": 1014952978, "ulica": "Puławska", "kierunek": "południe", "wzgledem_linii_osm": "forward", "wskazowki": "komunikat ZDM / zgłoszenie: Puławska, granica → ulica:Rotmistrza Witolda Pileckiego (otwarty 2022-09-30) | komunikat ZDM / zgłoszenie: Puławska, ulica:Rotmistrza Witolda Pileckiego → granica (otwarty 2022-09-30)", "stroke": "#e8590c", "stroke-width": 5}}, {"type": "Feature", "geometry": {"type": "LineString", "coordinates": [[21.017417, 52.15164], [21.017423, 52.151301], [21.017427, 52.151106]]}, "properties": {"kategoria": "do dodania", "osm_way": 1014952979, "ulica": "Puławska", "kierunek": "południe", "wzgledem_linii_osm": "forward", "wskazowki": "komunikat ZDM / zgłoszenie: Puławska, granica → ulica:Rotmistrza Witolda Pileckiego (otwarty 2022-09-30) | komunikat ZDM / zgłoszenie: Puławska, ulica:Rotmistrza Witolda Pileckiego → granica (otwarty 2022-09-30)", "stroke": "#e8590c", "stroke-width": 5}}, {"type": "Feature", "geometry": {"type": "LineString", "coordinates": [[21.002017, 52.181142], [21.002013, 52.18082], [21.002012, 52.180788]]}, "properties": {"kategoria": "do dodania", "osm_way": 1020376644, "ulica": "Wołoska", "kierunek": "południe", "wzgledem_linii_osm": "forward", "wskazowki": "mapa miasta (2021): Wołoska, Domaniewska - rondo Unii Europejskiej — dni powszednie, 6-20", "stroke": "#e8590c", "stroke-width": 5}}, {"type": "Feature", "geometry": {"type": "LineString", "coordinates": [[21.020153, 52.173257], [21.020239, 52.173483]]}, "properties": {"kategoria": "do dodania", "osm_way": 1020382199, "ulica": "Puławska", "kierunek": "północ", "wzgledem_linii_osm": "forward", "wskazowki": "mapa miasta (2021): Puławska, Dolina Służewiecka - Niedźwiedzia — dni powszednie, 6-10 i 14-19 | mapa miasta (2021): Puławska, al. Niepodległości - Smyczkowa — dni powszednie, 6-10 i 14-19", "stroke": "#e8590c", "stroke-width": 5}}, {"type": "Feature", "geometry": {"type": "LineString", "coordinates": [[21.019167, 52.171369], [21.019109, 52.171215]]}, "properties": {"kategoria": "do dodania", "osm_way": 1020382200, "ulica": "Puławska", "kierunek": "południe", "wzgledem_linii_osm": "forward", "wskazowki": "mapa miasta (2021): Puławska, Dolina Służewiecka - Niedźwiedzia — dni powszednie, 6-10 i 14-19 | mapa miasta (2021): Puławska, al. Niepodległości - Smyczkowa — dni powszednie, 6-10 i 14-19", "stroke": "#e8590c", "stroke-width": 5}}, {"type": "Feature", "geometry": {"type": "LineString", "coordinates": [[21.019299, 52.171746], [21.019167, 52.171369]]}, "properties": {"kategoria": "do dodania", "osm_way": 1020382201, "ulica": "Puławska", "kierunek": "południe", "wzgledem_linii_osm": "forward", "wskazowki": "mapa miasta (2021): Puławska, Dolina Służewiecka - Niedźwiedzia — dni powszednie, 6-10 i 14-19 | mapa miasta (2021): Puławska, al. Niepodległości - Smyczkowa — dni powszednie, 6-10 i 14-19", "stroke": "#e8590c", "stroke-width": 5}}, {"type": "Feature", "geometry": {"type": "LineString", "coordinates": [[21.019848, 52.17236], [21.020043, 52.172964], [21.020059, 52.173014], [21.020153, 52.173257]]}, "properties": {"kategoria": "do dodania", "osm_way": 1020382203, "ulica": "Puławska", "kierunek": "północ", "wzgledem_linii_osm": "forward", "wskazowki": "mapa miasta (2021): Puławska, Dolina Służewiecka - Niedźwiedzia — dni powszednie, 6-10 i 14-19 | mapa miasta (2021): Puławska, al. Niepodległości - Smyczkowa — dni powszednie, 6-10 i 14-19", "stroke": "#e8590c", "stroke-width": 5}}, {"type": "Feature", "geometry": {"type": "LineString", "coordinates": [[21.006378, 52.21349], [21.006293, 52.213769], [21.006265, 52.213861]]}, "properties": {"kategoria": "do dodania", "osm_way": 1020387328, "ulica": "Aleja Niepodległości", "kierunek": "północ", "wzgledem_linii_osm": "forward", "wskazowki": "mapa miasta (2021): al. Niepodległości, Batorego - Trasa Łazienkowska — dni powszednie, 7-9 i 14-18", "stroke": "#e8590c", "stroke-width": 5}}, {"type": "Feature", "geometry": {"type": "LineString", "coordinates": [[20.987867, 52.223685], [20.98813, 52.223989]]}, "properties": {"kategoria": "do dodania", "osm_way": 1020404152, "ulica": "Grójecka", "kierunek": "płn.-wschód", "wzgledem_linii_osm": "forward", "wskazowki": "mapa miasta (2021): Grójecka/Aleje Jerozolimskie, Wawelska - Bracka — dni powszednie, 7-9 i 14-18", "stroke": "#e8590c", "stroke-width": 5}}, {"type": "Feature", "geometry": {"type": "LineString", "coordinates": [[21.008819, 52.229104], [21.009484, 52.229247], [21.009604, 52.229266]]}, "properties": {"kategoria": "do dodania", "osm_way": 1020406444, "ulica": "Aleje Jerozolimskie", "kierunek": "wschód", "wzgledem_linii_osm": "forward", "wskazowki": "mapa miasta (2021): Aleje Jerozolimskie, Wisłostrada - Miedziana — dni powszednie, 7-9 i 14-18 | mapa miasta (2021): Grójecka/Aleje Jerozolimskie, Wawelska - Bracka — dni powszednie, 7-9 i 14-18", "stroke": "#e8590c", "stroke-width": 5}}, {"type": "Feature", "geometry": {"type": "LineString", "coordinates": [[21.076739, 52.288828], [21.076648, 52.288716], [21.0765, 52.288535], [21.0765, 52.288535], [21.076472, 52.288502], [21.076192, 52.288159], [21.076063, 52.288001], [21.076022, 52.287952], [21.076022, 52.287951], [21.075983, 52.287903], [21.075968, 52.287884], [21.075967, 52.287883], [21.075917, 52.287815]]}, "properties": {"kategoria": "do dodania", "osm_way": 1021758759, "ulica": "Radzymińska", "kierunek": "płd.-zachód", "wzgledem_linii_osm": "forward", "wskazowki": "mapa miasta (2021): Radzymińska/most Śląsko-Dąbrowski/al. Solidarności, Krynoliny - Andersa — codziennie, 7-10 i 14-19", "stroke": "#e8590c", "stroke-width": 5}}, {"type": "Feature", "geometry": {"type": "LineString", "coordinates": [[21.069125, 52.279175], [21.069252, 52.279329], [21.069469, 52.279592]]}, "properties": {"kategoria": "do dodania", "osm_way": 1021758761, "ulica": "Radzymińska", "kierunek": "płn.-wschód", "wzgledem_linii_osm": "forward", "wskazowki": "mapa miasta (2021): Radzymińska, Jórskiego - Młodzieńcza — codziennie, 7-10 i 14-19 | mapa miasta (2021): Radzymińska/most Śląsko-Dąbrowski/al. Solidarności, Krynoliny - Andersa — codziennie, 7-10 i 14-19", "stroke": "#e8590c", "stroke-width": 5}}, {"type": "Feature", "geometry": {"type": "LineString", "coordinates": [[21.067259, 52.276869], [21.06736, 52.27701]]}, "properties": {"kategoria": "do dodania", "osm_way": 1021758762, "ulica": "Radzymińska", "kierunek": "północ", "wzgledem_linii_osm": "forward", "wskazowki": "mapa miasta (2021): Radzymińska, Jórskiego - Młodzieńcza — codziennie, 7-10 i 14-19 | mapa miasta (2021): Radzymińska/most Śląsko-Dąbrowski/al. Solidarności, Krynoliny - Andersa — codziennie, 7-10 i 14-19", "stroke": "#e8590c", "stroke-width": 5}}, {"type": "Feature", "geometry": {"type": "LineString", "coordinates": [[21.031283, 52.220903], [21.030496, 52.220705], [21.030496, 52.220705], [21.029497, 52.22045]]}, "properties": {"kategoria": "do dodania", "osm_way": 1025784170, "ulica": "Aleja Armii Ludowej", "kierunek": "płd.-zachód", "wzgledem_linii_osm": "forward", "wskazowki": "mapa miasta (2021): Grzymały-Sokołowskiego/Kopińska/Wawelska/al. Armii Ludowej/most Łazienkowski/al. Stanów Zjednoczonych, Szczęśliwicka - Kanał Gocławski — codziennie, całodobowo | mapa miasta (2021): al. Stanów Zjednoczonych/most Łazienkowski/al. Armii Ludowej/Wawelska, Ostrobramska - Grójecka — codziennie, całodobowo", "stroke": "#e8590c", "stroke-width": 5}}, {"type": "Feature", "geometry": {"type": "LineString", "coordinates": [[21.028848, 52.252332], [21.028806, 52.252301], [21.028805, 52.2523], [21.028767, 52.252268], [21.028765, 52.252266], [21.028707, 52.252208], [21.028706, 52.252207], [21.028681, 52.25218]]}, "properties": {"kategoria": "do dodania", "osm_way": 1028356252, "ulica": "Aleja „Solidarności”", "kierunek": "płd.-zachód", "wzgledem_linii_osm": "forward", "wskazowki": "mapa miasta (2021): al. Solidarności, Okopowa - Jagiellońska — codziennie, całodobowo | mapa miasta (2021): Radzymińska/most Śląsko-Dąbrowski/al. Solidarności, Krynoliny - Andersa — codziennie, całodobowo", "stroke": "#e8590c", "stroke-width": 5}}, {"type": "Feature", "geometry": {"type": "LineString", "coordinates": [[21.031992, 52.253662], [21.030757, 52.253132]]}, "properties": {"kategoria": "do dodania", "osm_way": 1028356271, "ulica": "Aleja „Solidarności”", "kierunek": "płd.-zachód", "wzgledem_linii_osm": "forward", "wskazowki": "mapa miasta (2021): al. Solidarności, Okopowa - Jagiellońska — codziennie, całodobowo | mapa miasta (2021): Radzymińska/most Śląsko-Dąbrowski/al. Solidarności, Krynoliny - Andersa — codziennie, całodobowo", "stroke": "#e8590c", "stroke-width": 5}}, {"type": "Feature", "geometry": {"type": "LineString", "coordinates": [[20.993361, 52.24163], [20.99341, 52.241649], [20.993412, 52.241649], [20.993535, 52.241701]]}, "properties": {"kategoria": "do dodania", "osm_way": 1031140719, "ulica": "Aleja „Solidarności”", "kierunek": "płn.-wschód", "wzgledem_linii_osm": "forward", "wskazowki": "mapa miasta (2021): al. Solidarności, Okopowa - Jagiellońska — codziennie, 6-20", "stroke": "#e8590c", "stroke-width": 5}}, {"type": "Feature", "geometry": {"type": "LineString", "coordinates": [[20.990183, 52.223365], [20.990175, 52.2234], [20.990175, 52.223401], [20.990167, 52.223428], [20.990161, 52.223452], [20.990161, 52.223453], [20.990149, 52.22349], [20.990139, 52.223524], [20.990138, 52.223524], [20.990126, 52.223558], [20.990119, 52.22358], [20.990119, 52.223581], [20.990102, 52.223623], [20.990102, 52.223624], [20.990087, 52.223658], [20.990086, 52.223659], [20.990025, 52.223771]]}, "properties": {"kategoria": "do dodania", "osm_way": 1037729246, "ulica": "Raszyńska", "kierunek": "północ", "wzgledem_linii_osm": "forward", "wskazowki": "mapa miasta (2021): Raszyńska, Filtrowa - Koszykowa — dni powszednie, 7-10 i 14-19", "stroke": "#e8590c", "stroke-width": 5}}, {"type": "Feature", "geometry": {"type": "LineString", "coordinates": [[21.035478, 52.201906], [21.035368, 52.202007], [21.035368, 52.202007], [21.03534, 52.202032], [21.03534, 52.202032], [21.035295, 52.202073], [21.035236, 52.202125], [21.035175, 52.202183], [21.035127, 52.20223], [21.035082, 52.202277], [21.035038, 52.202322], [21.034996, 52.20237], [21.034954, 52.202416], [21.034613, 52.202805], [21.034475, 52.202963], [21.03414, 52.203348], [21.033813, 52.203724], [21.033751, 52.203795], [21.033711, 52.203843], [21.033656, 52.203911], [21.033602, 52.203981], [21.033602, 52.203982], [21.033546, 52.204051], [21.033545, 52.204051], [21.033513, 52.204089], [21.033513, 52.204089], [21.033475, 52.204132], [21.033454, 52.204157], [21.033454, 52.204157], [21.033199, 52.204446]]}, "properties": {"kategoria": "do dodania", "osm_way": 1039198466, "ulica": "Belwederska", "kierunek": "płn.-zachód", "wzgledem_linii_osm": "forward", "wskazowki": "mapa miasta (2021): Sobieskiego/Belwederska, Idzikowskiego - Nabielaka — dni powszednie, 7-10 i 14-19 | mapa miasta (2021): Belwederska/Sobieskiego, Grottgera - Idzikowskiego — dni powszednie, 7-9 i 14-18", "stroke": "#e8590c", "stroke-width": 5}}, {"type": "Feature", "geometry": {"type": "LineString", "coordinates": [[20.953347, 52.342136], [20.953141, 52.34218], [20.953141, 52.34218], [20.953062, 52.342197], [20.95306, 52.342197], [20.953, 52.342208]]}, "properties": {"kategoria": "do dodania", "osm_way": 1056179708, "ulica": "Światowida", "kierunek": "zachód", "wzgledem_linii_osm": "forward", "wskazowki": "komunikat ZDM / zgłoszenie: Modlińska, ulica:Aluzyjna → ulica:Elektronowa (otwarty 2023-12-20) | komunikat ZDM / zgłoszenie: Modlińska, ulica:Elektronowa → ulica:Aluzyjna (otwarty 2023-12-20)", "stroke": "#e8590c", "stroke-width": 5}}, {"type": "Feature", "geometry": {"type": "LineString", "coordinates": [[20.990137, 52.216052], [20.990232, 52.216076], [20.990294, 52.216091], [20.990329, 52.2161], [20.990335, 52.216102], [20.990341, 52.216104], [20.990401, 52.216135], [20.990461, 52.216161], [20.990529, 52.216189], [20.990828, 52.216304]]}, "properties": {"kategoria": "do dodania", "osm_way": 1056403664, "ulica": "", "kierunek": "płn.-wschód", "wzgledem_linii_osm": "forward", "wskazowki": "mapa miasta (2021): Grzymały-Sokołowskiego/Kopińska/Wawelska/al. Armii Ludowej/most Łazienkowski/al. Stanów Zjednoczonych, Szczęśliwicka - Kanał Gocławski — codziennie, całodobowo", "stroke": "#e8590c", "stroke-width": 5}}, {"type": "Feature", "geometry": {"type": "LineString", "coordinates": [[20.962586, 52.311711], [20.961103, 52.311169], [20.960554, 52.310969]]}, "properties": {"kategoria": "do dodania", "osm_way": 1061650709, "ulica": "Aleja Pułkownika Ryszarda Kuklińskiego", "kierunek": "płd.-zachód", "wzgledem_linii_osm": "forward", "wskazowki": "mapa miasta (2021): al. Kuklińskiego, Świderska - Myśliborska — codziennie, całodobowo", "stroke": "#e8590c", "stroke-width": 5}}, {"type": "Feature", "geometry": {"type": "LineString", "coordinates": [[20.941546, 52.204691], [20.942634, 52.205419]]}, "properties": {"kategoria": "do dodania", "osm_way": 1076249921, "ulica": "Aleje Jerozolimskie", "kierunek": "płn.-wschód", "wzgledem_linii_osm": "forward", "wskazowki": "mapa miasta (2021): Aleje Jerozolimskie, Łopuszańska - Dw. Zachodni — dni powszednie, 6-20", "stroke": "#e8590c", "stroke-width": 5}}, {"type": "Feature", "geometry": {"type": "LineString", "coordinates": [[20.969857, 52.22861], [20.97049, 52.228652], [20.970695, 52.228665]]}, "properties": {"kategoria": "do dodania", "osm_way": 1077619201, "ulica": "Marcina Kasprzaka", "kierunek": "wschód", "wzgledem_linii_osm": "forward", "wskazowki": "mapa miasta (2021): Kasprzaka, Krzyżanowskiego - Korczaka — codziennie, całodobowo", "stroke": "#e8590c", "stroke-width": 5}}, {"type": "Feature", "geometry": {"type": "LineString", "coordinates": [[20.9529, 52.342115], [20.953066, 52.341973], [20.953298, 52.341776], [20.953992, 52.341182]]}, "properties": {"kategoria": "do dodania", "osm_way": 1083286709, "ulica": "Modlińska", "kierunek": "płd.-wschód", "wzgledem_linii_osm": "forward", "wskazowki": "komunikat ZDM / zgłoszenie: Modlińska, ulica:Aluzyjna → ulica:Elektronowa (otwarty 2023-12-20) | komunikat ZDM / zgłoszenie: Modlińska, ulica:Elektronowa → ulica:Aluzyjna (otwarty 2023-12-20)", "stroke": "#e8590c", "stroke-width": 5}}, {"type": "Feature", "geometry": {"type": "LineString", "coordinates": [[20.953368, 52.342126], [20.953237, 52.342237], [20.95303, 52.342419]]}, "properties": {"kategoria": "do dodania", "osm_way": 1083286712, "ulica": "Modlińska", "kierunek": "płn.-zachód", "wzgledem_linii_osm": "forward", "wskazowki": "komunikat ZDM / zgłoszenie: Modlińska, ulica:Aluzyjna → ulica:Elektronowa (otwarty 2023-12-20) | komunikat ZDM / zgłoszenie: Modlińska, ulica:Elektronowa → ulica:Aluzyjna (otwarty 2023-12-20)", "stroke": "#e8590c", "stroke-width": 5}}, {"type": "Feature", "geometry": {"type": "LineString", "coordinates": [[20.95303, 52.342418], [20.952966, 52.342477], [20.952965, 52.342477], [20.952921, 52.342515], [20.952387, 52.343004], [20.95188, 52.343524]]}, "properties": {"kategoria": "do dodania", "osm_way": 1104062127, "ulica": "Modlińska", "kierunek": "płn.-zachód", "wzgledem_linii_osm": "forward", "wskazowki": "komunikat ZDM / zgłoszenie: Modlińska, ulica:Aluzyjna → ulica:Elektronowa (otwarty 2023-12-20) | komunikat ZDM / zgłoszenie: Modlińska, ulica:Elektronowa → ulica:Aluzyjna (otwarty 2023-12-20)", "stroke": "#e8590c", "stroke-width": 5}}, {"type": "Feature", "geometry": {"type": "LineString", "coordinates": [[20.953992, 52.341182], [20.954948, 52.340357]]}, "properties": {"kategoria": "do dodania", "osm_way": 1104062129, "ulica": "Modlińska", "kierunek": "płd.-wschód", "wzgledem_linii_osm": "forward", "wskazowki": "komunikat ZDM / zgłoszenie: Modlińska, ulica:Aluzyjna → ulica:Elektronowa (otwarty 2023-12-20) | komunikat ZDM / zgłoszenie: Modlińska, ulica:Elektronowa → ulica:Aluzyjna (otwarty 2023-12-20)", "stroke": "#e8590c", "stroke-width": 5}}, {"type": "Feature", "geometry": {"type": "LineString", "coordinates": [[20.951882, 52.343523], [20.95169, 52.343747]]}, "properties": {"kategoria": "do dodania", "osm_way": 1104062133, "ulica": "Modlińska", "kierunek": "płn.-zachód", "wzgledem_linii_osm": "forward", "wskazowki": "komunikat ZDM / zgłoszenie: Modlińska, ulica:Aluzyjna → ulica:Elektronowa (otwarty 2023-12-20) | komunikat ZDM / zgłoszenie: Modlińska, ulica:Elektronowa → ulica:Aluzyjna (otwarty 2023-12-20)", "stroke": "#e8590c", "stroke-width": 5}}, {"type": "Feature", "geometry": {"type": "LineString", "coordinates": [[20.95555, 52.340262], [20.954352, 52.341294]]}, "properties": {"kategoria": "do dodania", "osm_way": 1104062134, "ulica": "Modlińska", "kierunek": "płn.-zachód", "wzgledem_linii_osm": "forward", "wskazowki": "komunikat ZDM / zgłoszenie: Modlińska, ulica:Aluzyjna → ulica:Elektronowa (otwarty 2023-12-20) | komunikat ZDM / zgłoszenie: Modlińska, ulica:Elektronowa → ulica:Aluzyjna (otwarty 2023-12-20)", "stroke": "#e8590c", "stroke-width": 5}}, {"type": "Feature", "geometry": {"type": "LineString", "coordinates": [[21.001801, 52.217183], [21.001642, 52.217175], [21.001641, 52.217175], [21.000808, 52.217125], [21.000807, 52.217125], [21.000642, 52.217112], [21.000636, 52.217112], [21.000454, 52.217081], [21.000451, 52.217081], [21.000265, 52.217043]]}, "properties": {"kategoria": "do dodania", "osm_way": 1109749505, "ulica": "", "kierunek": "zachód", "wzgledem_linii_osm": "forward", "wskazowki": "mapa miasta (2021): Grzymały-Sokołowskiego/Kopińska/Wawelska/al. Armii Ludowej/most Łazienkowski/al. Stanów Zjednoczonych, Szczęśliwicka - Kanał Gocławski — codziennie, całodobowo | mapa miasta (2021): al. Stanów Zjednoczonych/most Łazienkowski/al. Armii Ludowej/Wawelska, Ostrobramska - Grójecka — codziennie, całodobowo", "stroke": "#e8590c", "stroke-width": 5}}, {"type": "Feature", "geometry": {"type": "LineString", "coordinates": [[21.004857, 52.217352], [21.00462, 52.217336], [21.004443, 52.217324]]}, "properties": {"kategoria": "do dodania", "osm_way": 1109749506, "ulica": "", "kierunek": "zachód", "wzgledem_linii_osm": "forward", "wskazowki": "mapa miasta (2021): Grzymały-Sokołowskiego/Kopińska/Wawelska/al. Armii Ludowej/most Łazienkowski/al. Stanów Zjednoczonych, Szczęśliwicka - Kanał Gocławski — codziennie, całodobowo | mapa miasta (2021): al. Stanów Zjednoczonych/most Łazienkowski/al. Armii Ludowej/Wawelska, Ostrobramska - Grójecka — codziennie, całodobowo", "stroke": "#e8590c", "stroke-width": 5}}, {"type": "Feature", "geometry": {"type": "LineString", "coordinates": [[21.004443, 52.217324], [21.003743, 52.217286], [21.003665, 52.217283], [21.003664, 52.217283], [21.003553, 52.217276]]}, "properties": {"kategoria": "do dodania", "osm_way": 1109749507, "ulica": "", "kierunek": "zachód", "wzgledem_linii_osm": "forward", "wskazowki": "mapa miasta (2021): Grzymały-Sokołowskiego/Kopińska/Wawelska/al. Armii Ludowej/most Łazienkowski/al. Stanów Zjednoczonych, Szczęśliwicka - Kanał Gocławski — codziennie, całodobowo | mapa miasta (2021): al. Stanów Zjednoczonych/most Łazienkowski/al. Armii Ludowej/Wawelska, Ostrobramska - Grójecka — codziennie, całodobowo", "stroke": "#e8590c", "stroke-width": 5}}, {"type": "Feature", "geometry": {"type": "LineString", "coordinates": [[21.037656, 52.267132], [21.037656, 52.267061], [21.037656, 52.26706], [21.037657, 52.267023], [21.037657, 52.267022], [21.037659, 52.266997], [21.03766, 52.266995], [21.037664, 52.266972], [21.037668, 52.266955], [21.037668, 52.266953], [21.037684, 52.266905], [21.037684, 52.266904], [21.037719, 52.266809], [21.037719, 52.266809], [21.037738, 52.266759], [21.037781, 52.266621], [21.037794, 52.266575]]}, "properties": {"kategoria": "do dodania", "osm_way": 1116633695, "ulica": "11 Listopada", "kierunek": "południe", "wzgledem_linii_osm": "forward", "wskazowki": "mapa miasta (2021): 11 Listopada, Starzyńskiego - Kamienna — codziennie, całodobowo", "stroke": "#e8590c", "stroke-width": 5}}, {"type": "Feature", "geometry": {"type": "LineString", "coordinates": [[21.011394, 52.2307], [21.011374, 52.230724], [21.011358, 52.230746], [21.011289, 52.230858], [21.011258, 52.230909]]}, "properties": {"kategoria": "do dodania", "osm_way": 1123285462, "ulica": "Marszałkowska", "kierunek": "płn.-zachód", "wzgledem_linii_osm": "forward", "wskazowki": "mapa miasta (2021): Marszałkowska, Widok - Złota — codziennie, całodobowo", "stroke": "#e8590c", "stroke-width": 5}}, {"type": "Feature", "geometry": {"type": "LineString", "coordinates": [[21.011258, 52.230909], [21.011226, 52.230962], [21.010994, 52.23135]]}, "properties": {"kategoria": "do dodania", "osm_way": 1123285463, "ulica": "Marszałkowska", "kierunek": "północ", "wzgledem_linii_osm": "forward", "wskazowki": "mapa miasta (2021): Marszałkowska, Widok - Złota — codziennie, całodobowo", "stroke": "#e8590c", "stroke-width": 5}}, {"type": "Feature", "geometry": {"type": "LineString", "coordinates": [[21.0104, 52.217315], [21.009612, 52.217338], [21.009267, 52.217352]]}, "properties": {"kategoria": "do dodania", "osm_way": 1123944462, "ulica": "Aleja Armii Ludowej", "kierunek": "zachód", "wzgledem_linii_osm": "forward", "wskazowki": "mapa miasta (2021): Grzymały-Sokołowskiego/Kopińska/Wawelska/al. Armii Ludowej/most Łazienkowski/al. Stanów Zjednoczonych, Szczęśliwicka - Kanał Gocławski — codziennie, całodobowo | mapa miasta (2021): al. Stanów Zjednoczonych/most Łazienkowski/al. Armii Ludowej/Wawelska, Ostrobramska - Grójecka — codziennie, całodobowo", "stroke": "#e8590c", "stroke-width": 5}}, {"type": "Feature", "geometry": {"type": "LineString", "coordinates": [[21.010169, 52.217169], [21.011739, 52.217103]]}, "properties": {"kategoria": "do dodania", "osm_way": 1123944463, "ulica": "Aleja Armii Ludowej", "kierunek": "wschód", "wzgledem_linii_osm": "forward", "wskazowki": "mapa miasta (2021): Grzymały-Sokołowskiego/Kopińska/Wawelska/al. Armii Ludowej/most Łazienkowski/al. Stanów Zjednoczonych, Szczęśliwicka - Kanał Gocławski — codziennie, całodobowo | mapa miasta (2021): al. Stanów Zjednoczonych/most Łazienkowski/al. Armii Ludowej/Wawelska, Ostrobramska - Grójecka — codziennie, całodobowo", "stroke": "#e8590c", "stroke-width": 5}}, {"type": "Feature", "geometry": {"type": "LineString", "coordinates": [[21.037911, 52.26225], [21.037955, 52.262362], [21.037955, 52.262363], [21.03805, 52.262612]]}, "properties": {"kategoria": "do dodania", "osm_way": 1146982743, "ulica": "11 Listopada", "kierunek": "północ", "wzgledem_linii_osm": "forward", "wskazowki": "mapa miasta (2021): 11 Listopada, Kowieńska - Letnia — codziennie, całodobowo", "stroke": "#e8590c", "stroke-width": 5}}, {"type": "Feature", "geometry": {"type": "LineString", "coordinates": [[21.038447, 52.263732], [21.038595, 52.264142], [21.038595, 52.264143], [21.038634, 52.26426], [21.038635, 52.264262], [21.038646, 52.264313], [21.038647, 52.264315], [21.038655, 52.264372], [21.038655, 52.264373], [21.038658, 52.264432], [21.038658, 52.264434], [21.038656, 52.264484], [21.038656, 52.264486], [21.038647, 52.264534], [21.038647, 52.264536], [21.038603, 52.264692]]}, "properties": {"kategoria": "do dodania", "osm_way": 1146982756, "ulica": "11 Listopada", "kierunek": "północ", "wzgledem_linii_osm": "forward", "wskazowki": "mapa miasta (2021): 11 Listopada, Starzyńskiego - Kamienna — codziennie, całodobowo | mapa miasta (2021): 11 Listopada, Kowieńska - Letnia — codziennie, całodobowo", "stroke": "#e8590c", "stroke-width": 5}}, {"type": "Feature", "geometry": {"type": "LineString", "coordinates": [[21.020153, 52.174028], [21.019981, 52.173582], [21.019958, 52.173523], [21.019958, 52.173523], [21.019877, 52.173302]]}, "properties": {"kategoria": "do dodania", "osm_way": 1147460982, "ulica": "Puławska", "kierunek": "południe", "wzgledem_linii_osm": "forward", "wskazowki": "mapa miasta (2021): Puławska, Dolina Służewiecka - Niedźwiedzia — dni powszednie, 6-10 i 14-19 | mapa miasta (2021): Puławska, al. Niepodległości - Smyczkowa — dni powszednie, 6-10 i 14-19", "stroke": "#e8590c", "stroke-width": 5}}, {"type": "Feature", "geometry": {"type": "LineString", "coordinates": [[21.039353, 52.197132], [21.039561, 52.196934]]}, "properties": {"kategoria": "do dodania", "osm_way": 1152604033, "ulica": "Jana III Sobieskiego", "kierunek": "płd.-wschód", "wzgledem_linii_osm": "forward", "wskazowki": "mapa miasta (2021): Sobieskiego/Belwederska, Idzikowskiego - Nabielaka — dni powszednie, 7-10 i 14-19 | mapa miasta (2021): Belwederska/Sobieskiego, Grottgera - Idzikowskiego — dni powszednie, 7-9 i 14-18", "stroke": "#e8590c", "stroke-width": 5}}, {"type": "Feature", "geometry": {"type": "LineString", "coordinates": [[21.014694, 52.216808], [21.014806, 52.216807], [21.01481, 52.216807], [21.01492, 52.216812]]}, "properties": {"kategoria": "do dodania", "osm_way": 1160135677, "ulica": "Aleja Armii Ludowej", "kierunek": "wschód", "wzgledem_linii_osm": "forward", "wskazowki": "mapa miasta (2021): Grzymały-Sokołowskiego/Kopińska/Wawelska/al. Armii Ludowej/most Łazienkowski/al. Stanów Zjednoczonych, Szczęśliwicka - Kanał Gocławski — codziennie, całodobowo", "stroke": "#e8590c", "stroke-width": 5}}, {"type": "Feature", "geometry": {"type": "LineString", "coordinates": [[21.057109, 52.22717], [21.05689, 52.227149], [21.056707, 52.227151], [21.056487, 52.227172]]}, "properties": {"kategoria": "do dodania", "osm_way": 1188634523, "ulica": "", "kierunek": "zachód", "wzgledem_linii_osm": "forward", "wskazowki": "mapa miasta (2021): Grzymały-Sokołowskiego/Kopińska/Wawelska/al. Armii Ludowej/most Łazienkowski/al. Stanów Zjednoczonych, Szczęśliwicka - Kanał Gocławski — codziennie, całodobowo | mapa miasta (2021): al. Stanów Zjednoczonych/most Łazienkowski/al. Armii Ludowej/Wawelska, Ostrobramska - Grójecka — codziennie, całodobowo", "stroke": "#e8590c", "stroke-width": 5}}, {"type": "Feature", "geometry": {"type": "LineString", "coordinates": [[20.951466, 52.21121], [20.951806, 52.211477], [20.951808, 52.211478], [20.952012, 52.211662]]}, "properties": {"kategoria": "do dodania", "osm_way": 1201799743, "ulica": "Aleje Jerozolimskie", "kierunek": "płn.-wschód", "wzgledem_linii_osm": "forward", "wskazowki": "mapa miasta (2021): Aleje Jerozolimskie, Łopuszańska - Dw. Zachodni — dni powszednie, 6-20", "stroke": "#e8590c", "stroke-width": 5}}, {"type": "Feature", "geometry": {"type": "LineString", "coordinates": [[20.943033, 52.20569], [20.943245, 52.205833]]}, "properties": {"kategoria": "do dodania", "osm_way": 1205567766, "ulica": "Aleje Jerozolimskie", "kierunek": "płn.-wschód", "wzgledem_linii_osm": "forward", "wskazowki": "mapa miasta (2021): Aleje Jerozolimskie, Łopuszańska - Dw. Zachodni — dni powszednie, 6-20", "stroke": "#e8590c", "stroke-width": 5}}, {"type": "Feature", "geometry": {"type": "LineString", "coordinates": [[21.046952, 52.189577], [21.046993, 52.189679], [21.046993, 52.18968], [21.047018, 52.189742], [21.047038, 52.189792], [21.047066, 52.189862], [21.047066, 52.189862], [21.047081, 52.189902]]}, "properties": {"kategoria": "do dodania", "osm_way": 1209064599, "ulica": "Aleja Generała Władysława Sikorskiego", "kierunek": "północ", "wzgledem_linii_osm": "forward", "wskazowki": "komunikat ZDM / zgłoszenie: Dolina Służewiecka / Aleja Generała Władysława Sikorskiego, ulica:Nowoursynowska → ulica:Jana III Sobieskiego (otwarty 2022-01-10)", "stroke": "#e8590c", "stroke-width": 5}}, {"type": "Feature", "geometry": {"type": "LineString", "coordinates": [[21.056865, 52.226714], [21.056936, 52.226789], [21.05701, 52.226851], [21.057086, 52.226912], [21.05723, 52.227011]]}, "properties": {"kategoria": "do dodania", "osm_way": 1211743247, "ulica": "", "kierunek": "płn.-wschód", "wzgledem_linii_osm": "forward", "wskazowki": "mapa miasta (2021): Grzymały-Sokołowskiego/Kopińska/Wawelska/al. Armii Ludowej/most Łazienkowski/al. Stanów Zjednoczonych, Szczęśliwicka - Kanał Gocławski — codziennie, całodobowo | mapa miasta (2021): al. Stanów Zjednoczonych/most Łazienkowski/al. Armii Ludowej/Wawelska, Ostrobramska - Grójecka — codziennie, całodobowo", "stroke": "#e8590c", "stroke-width": 5}}, {"type": "Feature", "geometry": {"type": "LineString", "coordinates": [[21.033707, 52.25543], [21.033791, 52.255396], [21.033841, 52.255367], [21.033879, 52.255328]]}, "properties": {"kategoria": "do dodania", "osm_way": 1214567940, "ulica": "Świętych Cyryla i Metodego", "kierunek": "płd.-wschód", "wzgledem_linii_osm": "forward", "wskazowki": "mapa miasta (2021): Targowa, Cyryla i Metodego - Białostocka — codziennie, całodobowo", "stroke": "#e8590c", "stroke-width": 5}}, {"type": "Feature", "geometry": {"type": "LineString", "coordinates": [[21.026156, 52.258865], [21.026241, 52.258796], [21.026241, 52.258796], [21.026288, 52.258758], [21.026337, 52.258718], [21.027044, 52.258146], [21.027538, 52.257746]]}, "properties": {"kategoria": "do dodania", "osm_way": 1214568564, "ulica": "Jagiellońska", "kierunek": "płd.-wschód", "wzgledem_linii_osm": "backward", "wskazowki": "mapa miasta (2021): Jagiellońska, pl. Hallera - Ratuszowa — codziennie, całodobowo", "stroke": "#e8590c", "stroke-width": 5}}, {"type": "Feature", "geometry": {"type": "LineString", "coordinates": [[21.030565, 52.252822], [21.030958, 52.253013]]}, "properties": {"kategoria": "do dodania", "osm_way": 1221056049, "ulica": "Aleja „Solidarności”", "kierunek": "płn.-wschód", "wzgledem_linii_osm": "forward", "wskazowki": "mapa miasta (2021): al. Solidarności, Okopowa - Jagiellońska — codziennie, całodobowo | mapa miasta (2021): Radzymińska/most Śląsko-Dąbrowski/al. Solidarności, Krynoliny - Andersa — codziennie, całodobowo", "stroke": "#e8590c", "stroke-width": 5}}, {"type": "Feature", "geometry": {"type": "LineString", "coordinates": [[21.046486, 52.190396], [21.04647, 52.190358], [21.046434, 52.190284], [21.046409, 52.190235], [21.046396, 52.190207], [21.046396, 52.190206], [21.046341, 52.190085], [21.046253, 52.189892], [21.046252, 52.189891], [21.046222, 52.189814], [21.046222, 52.189814], [21.046195, 52.189745], [21.046194, 52.189744], [21.046171, 52.189674], [21.046158, 52.189633]]}, "properties": {"kategoria": "do dodania", "osm_way": 1221483043, "ulica": "Aleja Generała Władysława Sikorskiego", "kierunek": "południe", "wzgledem_linii_osm": "forward", "wskazowki": "komunikat ZDM / zgłoszenie: Dolina Służewiecka / Aleja Generała Władysława Sikorskiego, ulica:Jana III Sobieskiego → ulica:Nowoursynowska (otwarty 2022-01-10)", "stroke": "#e8590c", "stroke-width": 5}}, {"type": "Feature", "geometry": {"type": "LineString", "coordinates": [[20.974135, 52.317656], [20.974154, 52.317496]]}, "properties": {"kategoria": "do dodania", "osm_way": 1222694077, "ulica": "Modlińska", "kierunek": "południe", "wzgledem_linii_osm": "forward", "wskazowki": "mapa miasta (2021): Modlińska, Leliwitów - Elektronowa — dni powszednie, 6-10 | komunikat ZDM / zgłoszenie: Modlińska, ulica:Aluzyjna → ulica:Elektronowa (otwarty 2023-12-20) | komunikat ZDM / zgłoszenie: Modlińska, ulica:Elektronowa → ulica:Aluzyjna (otwarty 2023-12-20)", "stroke": "#e8590c", "stroke-width": 5}}, {"type": "Feature", "geometry": {"type": "LineString", "coordinates": [[21.045973, 52.188585], [21.045951, 52.188439], [21.045932, 52.188314], [21.045932, 52.188314], [21.045921, 52.188208]]}, "properties": {"kategoria": "do dodania", "osm_way": 1222914569, "ulica": "Aleja Generała Władysława Sikorskiego", "kierunek": "południe", "wzgledem_linii_osm": "forward", "wskazowki": "komunikat ZDM / zgłoszenie: Dolina Służewiecka / Aleja Generała Władysława Sikorskiego, ulica:Jana III Sobieskiego → ulica:Nowoursynowska (otwarty 2022-01-10)", "stroke": "#e8590c", "stroke-width": 5}}, {"type": "Feature", "geometry": {"type": "LineString", "coordinates": [[21.055343, 52.226547], [21.055522, 52.226543], [21.055526, 52.226543], [21.055656, 52.226548], [21.055759, 52.226548], [21.055849, 52.226537], [21.05593, 52.226519], [21.055977, 52.226503], [21.056037, 52.226477]]}, "properties": {"kategoria": "do dodania", "osm_way": 1222919447, "ulica": "", "kierunek": "wschód", "wzgledem_linii_osm": "forward", "wskazowki": "mapa miasta (2021): Grzymały-Sokołowskiego/Kopińska/Wawelska/al. Armii Ludowej/most Łazienkowski/al. Stanów Zjednoczonych, Szczęśliwicka - Kanał Gocławski — codziennie, całodobowo | mapa miasta (2021): al. Stanów Zjednoczonych/most Łazienkowski/al. Armii Ludowej/Wawelska, Ostrobramska - Grójecka — codziennie, całodobowo", "stroke": "#e8590c", "stroke-width": 5}}, {"type": "Feature", "geometry": {"type": "LineString", "coordinates": [[21.055198, 52.226515], [21.055359, 52.226549]]}, "properties": {"kategoria": "do dodania", "osm_way": 1222919450, "ulica": "Aleja Stanów Zjednoczonych", "kierunek": "wschód", "wzgledem_linii_osm": "forward", "wskazowki": "mapa miasta (2021): Grzymały-Sokołowskiego/Kopińska/Wawelska/al. Armii Ludowej/most Łazienkowski/al. Stanów Zjednoczonych, Szczęśliwicka - Kanał Gocławski — codziennie, całodobowo | mapa miasta (2021): al. Stanów Zjednoczonych/most Łazienkowski/al. Armii Ludowej/Wawelska, Ostrobramska - Grójecka — codziennie, całodobowo", "stroke": "#e8590c", "stroke-width": 5}}, {"type": "Feature", "geometry": {"type": "LineString", "coordinates": [[21.045908, 52.184954], [21.045946, 52.185248]]}, "properties": {"kategoria": "do dodania", "osm_way": 1226130335, "ulica": "Aleja Generała Władysława Sikorskiego", "kierunek": "północ", "wzgledem_linii_osm": "forward", "wskazowki": "komunikat ZDM / zgłoszenie: Dolina Służewiecka / Aleja Generała Władysława Sikorskiego, ulica:Nowoursynowska → ulica:Jana III Sobieskiego (otwarty 2022-01-10) | komunikat ZDM / zgłoszenie: Dolina Służewiecka / Aleja Generała Władysława Sikorskiego, ulica:Jana III Sobieskiego → ulica:Nowoursynowska (otwarty 2022-01-10)", "stroke": "#e8590c", "stroke-width": 5}}, {"type": "Feature", "geometry": {"type": "LineString", "coordinates": [[21.045871, 52.184726], [21.045908, 52.184953]]}, "properties": {"kategoria": "do dodania", "osm_way": 1226130336, "ulica": "Aleja Generała Władysława Sikorskiego", "kierunek": "północ", "wzgledem_linii_osm": "forward", "wskazowki": "komunikat ZDM / zgłoszenie: Dolina Służewiecka / Aleja Generała Władysława Sikorskiego, ulica:Nowoursynowska → ulica:Jana III Sobieskiego (otwarty 2022-01-10) | komunikat ZDM / zgłoszenie: Dolina Służewiecka / Aleja Generała Władysława Sikorskiego, ulica:Jana III Sobieskiego → ulica:Nowoursynowska (otwarty 2022-01-10)", "stroke": "#e8590c", "stroke-width": 5}}, {"type": "Feature", "geometry": {"type": "LineString", "coordinates": [[21.045774, 52.184049], [21.045871, 52.184726]]}, "properties": {"kategoria": "do dodania", "osm_way": 1226130337, "ulica": "Aleja Generała Władysława Sikorskiego", "kierunek": "północ", "wzgledem_linii_osm": "forward", "wskazowki": "komunikat ZDM / zgłoszenie: Dolina Służewiecka / Aleja Generała Władysława Sikorskiego, ulica:Nowoursynowska → ulica:Jana III Sobieskiego (otwarty 2022-01-10) | komunikat ZDM / zgłoszenie: Dolina Służewiecka / Aleja Generała Władysława Sikorskiego, ulica:Jana III Sobieskiego → ulica:Nowoursynowska (otwarty 2022-01-10)", "stroke": "#e8590c", "stroke-width": 5}}, {"type": "Feature", "geometry": {"type": "LineString", "coordinates": [[21.046021, 52.185782], [21.046137, 52.186596]]}, "properties": {"kategoria": "do dodania", "osm_way": 1226130338, "ulica": "Aleja Generała Władysława Sikorskiego", "kierunek": "północ", "wzgledem_linii_osm": "forward", "wskazowki": "komunikat ZDM / zgłoszenie: Dolina Służewiecka / Aleja Generała Władysława Sikorskiego, ulica:Nowoursynowska → ulica:Jana III Sobieskiego (otwarty 2022-01-10) | komunikat ZDM / zgłoszenie: Dolina Służewiecka / Aleja Generała Władysława Sikorskiego, ulica:Jana III Sobieskiego → ulica:Nowoursynowska (otwarty 2022-01-10)", "stroke": "#e8590c", "stroke-width": 5}}, {"type": "Feature", "geometry": {"type": "LineString", "coordinates": [[21.045651, 52.248664], [21.044723, 52.248975]]}, "properties": {"kategoria": "do dodania", "osm_way": 1229926598, "ulica": "Targowa", "kierunek": "płn.-zachód", "wzgledem_linii_osm": "forward", "wskazowki": "mapa miasta (2021): Targowa, Zamoyskiego - Mackiewicza — codziennie, całodobowo", "stroke": "#e8590c", "stroke-width": 5}}, {"type": "Feature", "geometry": {"type": "LineString", "coordinates": [[21.017712, 52.137423], [21.017719, 52.137179]]}, "properties": {"kategoria": "do dodania", "osm_way": 1230861080, "ulica": "Puławska", "kierunek": "południe", "wzgledem_linii_osm": "forward", "wskazowki": "komunikat ZDM / zgłoszenie: Puławska, granica → ulica:Rotmistrza Witolda Pileckiego (otwarty 2022-09-30) | komunikat ZDM / zgłoszenie: Puławska, ulica:Rotmistrza Witolda Pileckiego → granica (otwarty 2022-09-30)", "stroke": "#e8590c", "stroke-width": 5}}, {"type": "Feature", "geometry": {"type": "LineString", "coordinates": [[21.017699, 52.13773], [21.01771, 52.13752], [21.017712, 52.137423]]}, "properties": {"kategoria": "do dodania", "osm_way": 1230861081, "ulica": "Puławska", "kierunek": "południe", "wzgledem_linii_osm": "forward", "wskazowki": "komunikat ZDM / zgłoszenie: Puławska, granica → ulica:Rotmistrza Witolda Pileckiego (otwarty 2022-09-30) | komunikat ZDM / zgłoszenie: Puławska, ulica:Rotmistrza Witolda Pileckiego → granica (otwarty 2022-09-30)", "stroke": "#e8590c", "stroke-width": 5}}, {"type": "Feature", "geometry": {"type": "LineString", "coordinates": [[20.952847, 52.342161], [20.9529, 52.342115]]}, "properties": {"kategoria": "do dodania", "osm_way": 1232962496, "ulica": "Modlińska", "kierunek": "płd.-wschód", "wzgledem_linii_osm": "forward", "wskazowki": "komunikat ZDM / zgłoszenie: Modlińska, ulica:Aluzyjna → ulica:Elektronowa (otwarty 2023-12-20) | komunikat ZDM / zgłoszenie: Modlińska, ulica:Elektronowa → ulica:Aluzyjna (otwarty 2023-12-20)", "stroke": "#e8590c", "stroke-width": 5}}, {"type": "Feature", "geometry": {"type": "LineString", "coordinates": [[20.95303, 52.342175], [20.953046, 52.342214], [20.953047, 52.342218], [20.953058, 52.342268], [20.953058, 52.342272], [20.953058, 52.342318], [20.953058, 52.342322], [20.953037, 52.342407]]}, "properties": {"kategoria": "do dodania", "osm_way": 1232962499, "ulica": "Światowida", "kierunek": "północ", "wzgledem_linii_osm": "forward", "wskazowki": "komunikat ZDM / zgłoszenie: Modlińska, ulica:Aluzyjna → ulica:Elektronowa (otwarty 2023-12-20) | komunikat ZDM / zgłoszenie: Modlińska, ulica:Elektronowa → ulica:Aluzyjna (otwarty 2023-12-20)", "stroke": "#e8590c", "stroke-width": 5}}, {"type": "Feature", "geometry": {"type": "LineString", "coordinates": [[20.954352, 52.341294], [20.953368, 52.342126]]}, "properties": {"kategoria": "do dodania", "osm_way": 1239251692, "ulica": "Modlińska", "kierunek": "płn.-zachód", "wzgledem_linii_osm": "forward", "wskazowki": "komunikat ZDM / zgłoszenie: Modlińska, ulica:Aluzyjna → ulica:Elektronowa (otwarty 2023-12-20) | komunikat ZDM / zgłoszenie: Modlińska, ulica:Elektronowa → ulica:Aluzyjna (otwarty 2023-12-20)", "stroke": "#e8590c", "stroke-width": 5}}, {"type": "Feature", "geometry": {"type": "LineString", "coordinates": [[21.013467, 52.230321], [21.013195, 52.230278]]}, "properties": {"kategoria": "do dodania", "osm_way": 1239686427, "ulica": "Aleje Jerozolimskie", "kierunek": "zachód", "wzgledem_linii_osm": "forward", "wskazowki": "mapa miasta (2021): Aleje Jerozolimskie, Wisłostrada - Miedziana — dni powszednie, 7-9 i 14-18 | mapa miasta (2021): Grójecka/Aleje Jerozolimskie, Wawelska - Bracka — dni powszednie, 7-9 i 14-18", "stroke": "#e8590c", "stroke-width": 5}}, {"type": "Feature", "geometry": {"type": "LineString", "coordinates": [[20.952737, 52.341986], [20.952777, 52.341999], [20.952801, 52.342005], [20.952846, 52.342011], [20.952892, 52.342013], [20.952949, 52.342012], [20.952998, 52.342004], [20.953036, 52.34199], [20.953072, 52.341969]]}, "properties": {"kategoria": "do dodania", "osm_way": 1242190131, "ulica": "Światowida", "kierunek": "wschód", "wzgledem_linii_osm": "forward", "wskazowki": "komunikat ZDM / zgłoszenie: Modlińska, ulica:Aluzyjna → ulica:Elektronowa (otwarty 2023-12-20) | komunikat ZDM / zgłoszenie: Modlińska, ulica:Elektronowa → ulica:Aluzyjna (otwarty 2023-12-20)", "stroke": "#e8590c", "stroke-width": 5}}, {"type": "Feature", "geometry": {"type": "LineString", "coordinates": [[20.95267, 52.342313], [20.952685, 52.342286], [20.95269, 52.342274], [20.952691, 52.34225], [20.95269, 52.342229], [20.952683, 52.342204], [20.952669, 52.342182], [20.952654, 52.342166], [20.952635, 52.342151], [20.952611, 52.342138], [20.952585, 52.342126]]}, "properties": {"kategoria": "do dodania", "osm_way": 1242190132, "ulica": "Światowida", "kierunek": "południe", "wzgledem_linii_osm": "forward", "wskazowki": "komunikat ZDM / zgłoszenie: Modlińska, ulica:Aluzyjna → ulica:Elektronowa (otwarty 2023-12-20) | komunikat ZDM / zgłoszenie: Modlińska, ulica:Elektronowa → ulica:Aluzyjna (otwarty 2023-12-20)", "stroke": "#e8590c", "stroke-width": 5}}, {"type": "Feature", "geometry": {"type": "LineString", "coordinates": [[20.951504, 52.343448], [20.95164, 52.343296], [20.951734, 52.343192]]}, "properties": {"kategoria": "do dodania", "osm_way": 1245456477, "ulica": "Modlińska", "kierunek": "płd.-wschód", "wzgledem_linii_osm": "forward", "wskazowki": "komunikat ZDM / zgłoszenie: Modlińska, ulica:Aluzyjna → ulica:Elektronowa (otwarty 2023-12-20) | komunikat ZDM / zgłoszenie: Modlińska, ulica:Elektronowa → ulica:Aluzyjna (otwarty 2023-12-20)", "stroke": "#e8590c", "stroke-width": 5}}, {"type": "Feature", "geometry": {"type": "LineString", "coordinates": [[20.951231, 52.343766], [20.951466, 52.34349]]}, "properties": {"kategoria": "do dodania", "osm_way": 1245456478, "ulica": "Modlińska", "kierunek": "płd.-wschód", "wzgledem_linii_osm": "forward", "wskazowki": "komunikat ZDM / zgłoszenie: Modlińska, ulica:Aluzyjna → ulica:Elektronowa (otwarty 2023-12-20) | komunikat ZDM / zgłoszenie: Modlińska, ulica:Elektronowa → ulica:Aluzyjna (otwarty 2023-12-20)", "stroke": "#e8590c", "stroke-width": 5}}, {"type": "Feature", "geometry": {"type": "LineString", "coordinates": [[20.951467, 52.343489], [20.951504, 52.343448]]}, "properties": {"kategoria": "do dodania", "osm_way": 1245456479, "ulica": "Modlińska", "kierunek": "płd.-wschód", "wzgledem_linii_osm": "forward", "wskazowki": "komunikat ZDM / zgłoszenie: Modlińska, ulica:Aluzyjna → ulica:Elektronowa (otwarty 2023-12-20) | komunikat ZDM / zgłoszenie: Modlińska, ulica:Elektronowa → ulica:Aluzyjna (otwarty 2023-12-20)", "stroke": "#e8590c", "stroke-width": 5}}, {"type": "Feature", "geometry": {"type": "LineString", "coordinates": [[20.952676, 52.342306], [20.952848, 52.342161]]}, "properties": {"kategoria": "do dodania", "osm_way": 1245456480, "ulica": "Modlińska", "kierunek": "płd.-wschód", "wzgledem_linii_osm": "forward", "wskazowki": "komunikat ZDM / zgłoszenie: Modlińska, ulica:Aluzyjna → ulica:Elektronowa (otwarty 2023-12-20) | komunikat ZDM / zgłoszenie: Modlińska, ulica:Elektronowa → ulica:Aluzyjna (otwarty 2023-12-20)", "stroke": "#e8590c", "stroke-width": 5}}, {"type": "Feature", "geometry": {"type": "LineString", "coordinates": [[21.038659, 52.197822], [21.038701, 52.197774], [21.038702, 52.197773], [21.038771, 52.197703], [21.038771, 52.197703], [21.038819, 52.197655], [21.038819, 52.197654], [21.03887, 52.197607], [21.03887, 52.197607], [21.038921, 52.19756], [21.038921, 52.19756], [21.038995, 52.197491], [21.039053, 52.197437], [21.039111, 52.197379], [21.039166, 52.197321], [21.039201, 52.197285], [21.039242, 52.197242], [21.039242, 52.197242], [21.039264, 52.197219], [21.039265, 52.197218], [21.039309, 52.197174], [21.039309, 52.197174], [21.039352, 52.197132]]}, "properties": {"kategoria": "do dodania", "osm_way": 1249526192, "ulica": "Jana III Sobieskiego", "kierunek": "płd.-wschód", "wzgledem_linii_osm": "forward", "wskazowki": "mapa miasta (2021): Sobieskiego/Belwederska, Idzikowskiego - Nabielaka — dni powszednie, 7-10 i 14-19 | mapa miasta (2021): Belwederska/Sobieskiego, Grottgera - Idzikowskiego — dni powszednie, 7-9 i 14-18", "stroke": "#e8590c", "stroke-width": 5}}, {"type": "Feature", "geometry": {"type": "LineString", "coordinates": [[21.046418, 52.18817], [21.046462, 52.188291]]}, "properties": {"kategoria": "do dodania", "osm_way": 1267034904, "ulica": "Aleja Generała Władysława Sikorskiego", "kierunek": "północ", "wzgledem_linii_osm": "forward", "wskazowki": "komunikat ZDM / zgłoszenie: Dolina Służewiecka / Aleja Generała Władysława Sikorskiego, ulica:Nowoursynowska → ulica:Jana III Sobieskiego (otwarty 2022-01-10) | komunikat ZDM / zgłoszenie: Dolina Służewiecka / Aleja Generała Władysława Sikorskiego, ulica:Jana III Sobieskiego → ulica:Nowoursynowska (otwarty 2022-01-10)", "stroke": "#e8590c", "stroke-width": 5}}, {"type": "Feature", "geometry": {"type": "LineString", "coordinates": [[21.000471, 52.216838], [21.000989, 52.216883], [21.001713, 52.216924]]}, "properties": {"kategoria": "do dodania", "osm_way": 1271546159, "ulica": "Wawelska", "kierunek": "wschód", "wzgledem_linii_osm": "forward", "wskazowki": "mapa miasta (2021): Grzymały-Sokołowskiego/Kopińska/Wawelska/al. Armii Ludowej/most Łazienkowski/al. Stanów Zjednoczonych, Szczęśliwicka - Kanał Gocławski — codziennie, całodobowo | mapa miasta (2021): al. Stanów Zjednoczonych/most Łazienkowski/al. Armii Ludowej/Wawelska, Ostrobramska - Grójecka — codziennie, całodobowo", "stroke": "#e8590c", "stroke-width": 5}}, {"type": "Feature", "geometry": {"type": "LineString", "coordinates": [[21.006633, 52.238121], [21.006742, 52.238154], [21.006742, 52.238154], [21.006782, 52.238167], [21.006888, 52.2382]]}, "properties": {"kategoria": "do dodania", "osm_way": 1277806387, "ulica": "Królewska", "kierunek": "płn.-wschód", "wzgledem_linii_osm": "forward", "wskazowki": "mapa miasta (2021): Królewska, Marszałkowska - Burschego — codziennie, całodobowo", "stroke": "#e8590c", "stroke-width": 5}}, {"type": "Feature", "geometry": {"type": "LineString", "coordinates": [[21.041469, 52.195642], [21.041395, 52.195715], [21.041394, 52.195715], [21.041317, 52.195789], [21.041317, 52.195789], [21.040612, 52.196456]]}, "properties": {"kategoria": "do dodania", "osm_way": 1299933782, "ulica": "Jana III Sobieskiego", "kierunek": "płn.-zachód", "wzgledem_linii_osm": "forward", "wskazowki": "mapa miasta (2021): Sobieskiego/Belwederska, Idzikowskiego - Nabielaka — dni powszednie, 7-10 i 14-19 | mapa miasta (2021): Belwederska/Sobieskiego, Grottgera - Idzikowskiego — dni powszednie, 7-9 i 14-18", "stroke": "#e8590c", "stroke-width": 5}}, {"type": "Feature", "geometry": {"type": "LineString", "coordinates": [[20.94889, 52.209503], [20.949125, 52.209663], [20.949228, 52.209733]]}, "properties": {"kategoria": "do dodania", "osm_way": 1326345454, "ulica": "Aleje Jerozolimskie", "kierunek": "płn.-wschód", "wzgledem_linii_osm": "forward", "wskazowki": "mapa miasta (2021): Aleje Jerozolimskie, Łopuszańska - Dw. Zachodni — dni powszednie, 6-20", "stroke": "#e8590c", "stroke-width": 5}}, {"type": "Feature", "geometry": {"type": "LineString", "coordinates": [[21.040913, 52.170283], [21.041205, 52.170523], [21.041278, 52.170584]]}, "properties": {"kategoria": "do dodania", "osm_way": 1328191065, "ulica": "Dolina Służewiecka", "kierunek": "płn.-wschód", "wzgledem_linii_osm": "forward", "wskazowki": "komunikat ZDM / zgłoszenie: Dolina Służewiecka / Aleja Generała Władysława Sikorskiego, ulica:Nowoursynowska → ulica:Jana III Sobieskiego (otwarty 2022-01-10)", "stroke": "#e8590c", "stroke-width": 5}}, {"type": "Feature", "geometry": {"type": "LineString", "coordinates": [[21.041278, 52.170584], [21.041781, 52.17099], [21.041781, 52.17099], [21.042034, 52.171199]]}, "properties": {"kategoria": "do dodania", "osm_way": 1328191066, "ulica": "Dolina Służewiecka", "kierunek": "płn.-wschód", "wzgledem_linii_osm": "forward", "wskazowki": "komunikat ZDM / zgłoszenie: Dolina Służewiecka / Aleja Generała Władysława Sikorskiego, ulica:Nowoursynowska → ulica:Jana III Sobieskiego (otwarty 2022-01-10) | komunikat ZDM / zgłoszenie: Dolina Służewiecka / Aleja Generała Władysława Sikorskiego, ulica:Jana III Sobieskiego → ulica:Nowoursynowska (otwarty 2022-01-10)", "stroke": "#e8590c", "stroke-width": 5}}, {"type": "Feature", "geometry": {"type": "LineString", "coordinates": [[21.044808, 52.177925], [21.044863, 52.178305]]}, "properties": {"kategoria": "do dodania", "osm_way": 1328191067, "ulica": "Aleja Generała Władysława Sikorskiego", "kierunek": "północ", "wzgledem_linii_osm": "forward", "wskazowki": "komunikat ZDM / zgłoszenie: Dolina Służewiecka / Aleja Generała Władysława Sikorskiego, ulica:Nowoursynowska → ulica:Jana III Sobieskiego (otwarty 2022-01-10)", "stroke": "#e8590c", "stroke-width": 5}}, {"type": "Feature", "geometry": {"type": "LineString", "coordinates": [[21.045627, 52.182979], [21.04566, 52.183213]]}, "properties": {"kategoria": "do dodania", "osm_way": 1328191068, "ulica": "Aleja Generała Władysława Sikorskiego", "kierunek": "północ", "wzgledem_linii_osm": "forward", "wskazowki": "komunikat ZDM / zgłoszenie: Dolina Służewiecka / Aleja Generała Władysława Sikorskiego, ulica:Nowoursynowska → ulica:Jana III Sobieskiego (otwarty 2022-01-10) | komunikat ZDM / zgłoszenie: Dolina Służewiecka / Aleja Generała Władysława Sikorskiego, ulica:Jana III Sobieskiego → ulica:Nowoursynowska (otwarty 2022-01-10)", "stroke": "#e8590c", "stroke-width": 5}}, {"type": "Feature", "geometry": {"type": "LineString", "coordinates": [[21.041518, 52.171247], [21.041183, 52.170973]]}, "properties": {"kategoria": "do dodania", "osm_way": 1328191069, "ulica": "Dolina Służewiecka", "kierunek": "płd.-zachód", "wzgledem_linii_osm": "forward", "wskazowki": "komunikat ZDM / zgłoszenie: Dolina Służewiecka / Aleja Generała Władysława Sikorskiego, ulica:Nowoursynowska → ulica:Jana III Sobieskiego (otwarty 2022-01-10) | komunikat ZDM / zgłoszenie: Dolina Służewiecka / Aleja Generała Władysława Sikorskiego, ulica:Jana III Sobieskiego → ulica:Nowoursynowska (otwarty 2022-01-10)", "stroke": "#e8590c", "stroke-width": 5}}, {"type": "Feature", "geometry": {"type": "LineString", "coordinates": [[21.055443, 52.296855], [21.055467, 52.296874], [21.055467, 52.296874], [21.05549, 52.296893], [21.055491, 52.296894], [21.055511, 52.296911], [21.055513, 52.296913], [21.055532, 52.296932], [21.055533, 52.296933], [21.05554, 52.296941], [21.05554, 52.296941], [21.055569, 52.296974], [21.055591, 52.296998], [21.055609, 52.297016], [21.055629, 52.297034], [21.055651, 52.297054], [21.055652, 52.297055], [21.055675, 52.297076], [21.055675, 52.297077], [21.055695, 52.297097], [21.055696, 52.297098], [21.055881, 52.297305], [21.055998, 52.297435], [21.055998, 52.297435], [21.056031, 52.297475], [21.056031, 52.297476], [21.056064, 52.297518], [21.056064, 52.297519], [21.056259, 52.297785], [21.056308, 52.29785], [21.056354, 52.297904], [21.056768, 52.298362], [21.056824, 52.29842], [21.057071, 52.298662], [21.057071, 52.298663], [21.05712, 52.298714], [21.057121, 52.298715], [21.057155, 52.298753], [21.057342, 52.29896], [21.057343, 52.298961], [21.057508, 52.29917], [21.057604, 52.299286], [21.057635, 52.29932]]}, "properties": {"kategoria": "do dodania", "osm_way": 1356991164, "ulica": "Głębocka", "kierunek": "płn.-wschód", "wzgledem_linii_osm": "forward", "wskazowki": "komunikat ZDM / zgłoszenie: Głębocka / Świętego Wincentego, przystanek:117903 → ulica:Ludwika Kondratowicza (otwarty 2024-12-06) | komunikat ZDM / zgłoszenie: Głębocka / Świętego Wincentego, ulica:Malborska → przystanek:117903 (otwarty 2024-12-06)", "stroke": "#e8590c", "stroke-width": 5}}, {"type": "Feature", "geometry": {"type": "LineString", "coordinates": [[21.057017, 52.298859], [21.057006, 52.298847], [21.056976, 52.298813], [21.055409, 52.297086], [21.055369, 52.297041], [21.055369, 52.297041], [21.055339, 52.297009], [21.05532, 52.296988], [21.055281, 52.29695], [21.055237, 52.296911]]}, "properties": {"kategoria": "do dodania", "osm_way": 1356991170, "ulica": "Głębocka", "kierunek": "płd.-zachód", "wzgledem_linii_osm": "forward", "wskazowki": "komunikat ZDM / zgłoszenie: Głębocka / Świętego Wincentego, przystanek:117903 → ulica:Ludwika Kondratowicza (otwarty 2024-12-06) | komunikat ZDM / zgłoszenie: Głębocka / Świętego Wincentego, ulica:Malborska → przystanek:117903 (otwarty 2024-12-06)", "stroke": "#e8590c", "stroke-width": 5}}, {"type": "Feature", "geometry": {"type": "LineString", "coordinates": [[21.043356, 52.19386], [21.043142, 52.194061]]}, "properties": {"kategoria": "do dodania", "osm_way": 1360637950, "ulica": "Jana III Sobieskiego", "kierunek": "płn.-zachód", "wzgledem_linii_osm": "forward", "wskazowki": "mapa miasta (2021): Sobieskiego/Belwederska, Idzikowskiego - Nabielaka — dni powszednie, 7-10 i 14-19 | mapa miasta (2021): Belwederska/Sobieskiego, Grottgera - Idzikowskiego — dni powszednie, 7-9 i 14-18", "stroke": "#e8590c", "stroke-width": 5}}, {"type": "Feature", "geometry": {"type": "LineString", "coordinates": [[21.021224, 52.179248], [21.021277, 52.178997]]}, "properties": {"kategoria": "do dodania", "osm_way": 1361886081, "ulica": "Puławska", "kierunek": "południe", "wzgledem_linii_osm": "forward", "wskazowki": "mapa miasta (2021): Puławska, al. Niepodległości - Smyczkowa — dni powszednie, 6-10 i 14-19", "stroke": "#e8590c", "stroke-width": 5}}, {"type": "Feature", "geometry": {"type": "LineString", "coordinates": [[21.037866, 52.262137], [21.037911, 52.26225]]}, "properties": {"kategoria": "do dodania", "osm_way": 1368352696, "ulica": "11 Listopada", "kierunek": "północ", "wzgledem_linii_osm": "forward", "wskazowki": "mapa miasta (2021): 11 Listopada, Kowieńska - Letnia — codziennie, całodobowo", "stroke": "#e8590c", "stroke-width": 5}}, {"type": "Feature", "geometry": {"type": "LineString", "coordinates": [[21.04604, 52.189108], [21.045973, 52.188584]]}, "properties": {"kategoria": "do dodania", "osm_way": 1375506858, "ulica": "Aleja Generała Władysława Sikorskiego", "kierunek": "południe", "wzgledem_linii_osm": "forward", "wskazowki": "komunikat ZDM / zgłoszenie: Dolina Służewiecka / Aleja Generała Władysława Sikorskiego, ulica:Jana III Sobieskiego → ulica:Nowoursynowska (otwarty 2022-01-10)", "stroke": "#e8590c", "stroke-width": 5}}, {"type": "Feature", "geometry": {"type": "LineString", "coordinates": [[21.046462, 52.188291], [21.046747, 52.189058]]}, "properties": {"kategoria": "do dodania", "osm_way": 1375506859, "ulica": "Aleja Generała Władysława Sikorskiego", "kierunek": "północ", "wzgledem_linii_osm": "forward", "wskazowki": "komunikat ZDM / zgłoszenie: Dolina Służewiecka / Aleja Generała Władysława Sikorskiego, ulica:Nowoursynowska → ulica:Jana III Sobieskiego (otwarty 2022-01-10)", "stroke": "#e8590c", "stroke-width": 5}}, {"type": "Feature", "geometry": {"type": "LineString", "coordinates": [[21.044596, 52.19268], [21.044018, 52.193232]]}, "properties": {"kategoria": "do dodania", "osm_way": 1378282162, "ulica": "Jana III Sobieskiego", "kierunek": "płn.-zachód", "wzgledem_linii_osm": "forward", "wskazowki": "mapa miasta (2021): Sobieskiego/Belwederska, Idzikowskiego - Nabielaka — dni powszednie, 7-10 i 14-19 | mapa miasta (2021): Belwederska/Sobieskiego, Grottgera - Idzikowskiego — dni powszednie, 7-9 i 14-18", "stroke": "#e8590c", "stroke-width": 5}}, {"type": "Feature", "geometry": {"type": "LineString", "coordinates": [[21.042915, 52.193686], [21.043205, 52.19341], [21.043643, 52.192993], [21.043905, 52.192744]]}, "properties": {"kategoria": "do dodania", "osm_way": 1378282165, "ulica": "Jana III Sobieskiego", "kierunek": "płd.-wschód", "wzgledem_linii_osm": "forward", "wskazowki": "mapa miasta (2021): Sobieskiego/Belwederska, Idzikowskiego - Nabielaka — dni powszednie, 7-10 i 14-19 | mapa miasta (2021): Belwederska/Sobieskiego, Grottgera - Idzikowskiego — dni powszednie, 7-9 i 14-18", "stroke": "#e8590c", "stroke-width": 5}}, {"type": "Feature", "geometry": {"type": "LineString", "coordinates": [[21.040092, 52.196428], [21.040804, 52.19575]]}, "properties": {"kategoria": "do dodania", "osm_way": 1378282167, "ulica": "Jana III Sobieskiego", "kierunek": "płd.-wschód", "wzgledem_linii_osm": "forward", "wskazowki": "mapa miasta (2021): Sobieskiego/Belwederska, Idzikowskiego - Nabielaka — dni powszednie, 7-10 i 14-19 | mapa miasta (2021): Belwederska/Sobieskiego, Grottgera - Idzikowskiego — dni powszednie, 7-9 i 14-18", "stroke": "#e8590c", "stroke-width": 5}}, {"type": "Feature", "geometry": {"type": "LineString", "coordinates": [[20.976298, 52.211066], [20.976235, 52.211085], [20.976187, 52.211099], [20.976144, 52.211112], [20.976103, 52.211125], [20.976033, 52.211149], [20.975954, 52.211176], [20.975953, 52.211177], [20.975698, 52.211263], [20.975592, 52.2113], [20.975492, 52.211336], [20.975426, 52.21136], [20.975369, 52.211382], [20.975325, 52.211399], [20.975276, 52.211418], [20.975223, 52.211439], [20.97517, 52.21146], [20.975112, 52.211484], [20.975051, 52.211509], [20.974677, 52.211669]]}, "properties": {"kategoria": "do dodania", "osm_way": 1378328948, "ulica": "Bitwy Warszawskiej 1920 roku", "kierunek": "płn.-zachód", "wzgledem_linii_osm": "backward", "wskazowki": "mapa miasta (2021): Bitwy Warszawskiej 1920 r., Szczęśliwicka - Grójecka — dni powszednie, 6-10 i 14-19 | mapa miasta (2021): Bitwy Warszawskiej 1920 r., Grójecka - Szczęśliwicka — dni powszednie, 6-10 i 14-19", "stroke": "#e8590c", "stroke-width": 5}}, {"type": "Feature", "geometry": {"type": "LineString", "coordinates": [[20.974627, 52.211624], [20.975001, 52.211465], [20.975001, 52.211464], [20.975063, 52.211439], [20.975063, 52.211439], [20.975122, 52.211415], [20.975175, 52.211394], [20.975175, 52.211394], [20.975229, 52.211372], [20.975229, 52.211372], [20.975279, 52.211353], [20.975322, 52.211337], [20.975322, 52.211336], [20.97538, 52.211314], [20.975381, 52.211314], [20.975447, 52.21129], [20.975447, 52.21129], [20.975548, 52.211254], [20.975549, 52.211253], [20.975655, 52.211216], [20.975655, 52.211216], [20.975911, 52.211129], [20.97599, 52.211102], [20.975991, 52.211101], [20.976062, 52.211078], [20.976062, 52.211078], [20.976103, 52.211064], [20.976104, 52.211064], [20.976148, 52.21105], [20.976149, 52.21105], [20.976197, 52.211036], [20.97626, 52.211017]]}, "properties": {"kategoria": "do dodania", "osm_way": 1378328948, "ulica": "Bitwy Warszawskiej 1920 roku", "kierunek": "płd.-wschód", "wzgledem_linii_osm": "forward", "wskazowki": "mapa miasta (2021): Bitwy Warszawskiej 1920 r., Szczęśliwicka - Grójecka — dni powszednie, 6-10 i 14-19 | mapa miasta (2021): Bitwy Warszawskiej 1920 r., Grójecka - Szczęśliwicka — dni powszednie, 6-10 i 14-19", "stroke": "#e8590c", "stroke-width": 5}}, {"type": "Feature", "geometry": {"type": "LineString", "coordinates": [[20.971277, 52.212914], [20.970876, 52.213054], [20.970806, 52.213079], [20.970649, 52.213134]]}, "properties": {"kategoria": "do dodania", "osm_way": 1393655253, "ulica": "Bitwy Warszawskiej 1920 roku", "kierunek": "płn.-zachód", "wzgledem_linii_osm": "backward", "wskazowki": "mapa miasta (2021): Bitwy Warszawskiej 1920 r., Szczęśliwicka - Grójecka — dni powszednie, 6-10 i 14-19 | mapa miasta (2021): Bitwy Warszawskiej 1920 r., Grójecka - Szczęśliwicka — dni powszednie, 6-10 i 14-19", "stroke": "#e8590c", "stroke-width": 5}}, {"type": "Feature", "geometry": {"type": "LineString", "coordinates": [[20.970605, 52.213087], [20.970763, 52.213032], [20.970763, 52.213032], [20.970833, 52.213007], [20.971233, 52.212867]]}, "properties": {"kategoria": "do dodania", "osm_way": 1393655253, "ulica": "Bitwy Warszawskiej 1920 roku", "kierunek": "płd.-wschód", "wzgledem_linii_osm": "forward", "wskazowki": "mapa miasta (2021): Bitwy Warszawskiej 1920 r., Szczęśliwicka - Grójecka — dni powszednie, 6-10 i 14-19 | mapa miasta (2021): Bitwy Warszawskiej 1920 r., Grójecka - Szczęśliwicka — dni powszednie, 6-10 i 14-19", "stroke": "#e8590c", "stroke-width": 5}}, {"type": "Feature", "geometry": {"type": "LineString", "coordinates": [[20.97626, 52.211017], [20.976328, 52.210997], [20.9764, 52.210976], [20.976455, 52.21096], [20.976543, 52.210934], [20.976645, 52.210904]]}, "properties": {"kategoria": "do dodania", "osm_way": 1393655265, "ulica": "Stefana Banacha", "kierunek": "płd.-wschód", "wzgledem_linii_osm": "forward", "wskazowki": "mapa miasta (2021): Bitwy Warszawskiej 1920 r., Szczęśliwicka - Grójecka — dni powszednie, 6-10 i 14-19 | mapa miasta (2021): Bitwy Warszawskiej 1920 r., Grójecka - Szczęśliwicka — dni powszednie, 6-10 i 14-19", "stroke": "#e8590c", "stroke-width": 5}}, {"type": "Feature", "geometry": {"type": "LineString", "coordinates": [[20.974677, 52.211669], [20.974272, 52.211842], [20.974207, 52.21187], [20.974207, 52.21187], [20.974146, 52.211895], [20.974146, 52.211896], [20.974086, 52.211921], [20.974085, 52.211921], [20.974018, 52.211947], [20.974018, 52.211947], [20.973947, 52.211975], [20.973947, 52.211975], [20.973883, 52.211999], [20.973882, 52.211999], [20.973834, 52.212017], [20.973833, 52.212017], [20.97297, 52.21232], [20.972932, 52.212333], [20.9729, 52.212345], [20.9729, 52.212345], [20.972696, 52.212416]]}, "properties": {"kategoria": "do dodania", "osm_way": 1393655278, "ulica": "Bitwy Warszawskiej 1920 roku", "kierunek": "płn.-zachód", "wzgledem_linii_osm": "backward", "wskazowki": "mapa miasta (2021): Bitwy Warszawskiej 1920 r., Szczęśliwicka - Grójecka — dni powszednie, 6-10 i 14-19 | mapa miasta (2021): Bitwy Warszawskiej 1920 r., Grójecka - Szczęśliwicka — dni powszednie, 6-10 i 14-19", "stroke": "#e8590c", "stroke-width": 5}}, {"type": "Feature", "geometry": {"type": "LineString", "coordinates": [[20.972653, 52.212369], [20.972856, 52.212298], [20.972888, 52.212287], [20.972888, 52.212287], [20.972926, 52.212273], [20.973789, 52.21197], [20.973837, 52.211953], [20.973901, 52.211929], [20.973971, 52.211902], [20.974037, 52.211876], [20.974097, 52.211851], [20.974157, 52.211826], [20.974221, 52.211798], [20.974221, 52.211798], [20.974627, 52.211624]]}, "properties": {"kategoria": "do dodania", "osm_way": 1393655278, "ulica": "Bitwy Warszawskiej 1920 roku", "kierunek": "płd.-wschód", "wzgledem_linii_osm": "forward", "wskazowki": "mapa miasta (2021): Bitwy Warszawskiej 1920 r., Szczęśliwicka - Grójecka — dni powszednie, 6-10 i 14-19 | mapa miasta (2021): Bitwy Warszawskiej 1920 r., Grójecka - Szczęśliwicka — dni powszednie, 6-10 i 14-19", "stroke": "#e8590c", "stroke-width": 5}}, {"type": "Feature", "geometry": {"type": "LineString", "coordinates": [[20.965609, 52.217707], [20.966237, 52.217909]]}, "properties": {"kategoria": "do dodania", "osm_way": 1394175873, "ulica": "Aleje Jerozolimskie", "kierunek": "płn.-wschód", "wzgledem_linii_osm": "forward", "wskazowki": "mapa miasta (2021): Aleje Jerozolimskie, Łopuszańska - Dw. Zachodni — dni powszednie, 6-20", "stroke": "#e8590c", "stroke-width": 5}}, {"type": "Feature", "geometry": {"type": "LineString", "coordinates": [[20.966237, 52.217909], [20.966898, 52.218121]]}, "properties": {"kategoria": "do dodania", "osm_way": 1394175874, "ulica": "Aleje Jerozolimskie", "kierunek": "płn.-wschód", "wzgledem_linii_osm": "forward", "wskazowki": "mapa miasta (2021): Aleje Jerozolimskie, Łopuszańska - Dw. Zachodni — dni powszednie, 6-20", "stroke": "#e8590c", "stroke-width": 5}}, {"type": "Feature", "geometry": {"type": "LineString", "coordinates": [[20.972696, 52.212416], [20.972502, 52.212484], [20.972432, 52.212509], [20.972356, 52.212535], [20.971277, 52.212914]]}, "properties": {"kategoria": "do dodania", "osm_way": 1408921780, "ulica": "Bitwy Warszawskiej 1920 roku", "kierunek": "płn.-zachód", "wzgledem_linii_osm": "backward", "wskazowki": "mapa miasta (2021): Bitwy Warszawskiej 1920 r., Szczęśliwicka - Grójecka — dni powszednie, 6-10 i 14-19 | mapa miasta (2021): Bitwy Warszawskiej 1920 r., Grójecka - Szczęśliwicka — dni powszednie, 6-10 i 14-19", "stroke": "#e8590c", "stroke-width": 5}}, {"type": "Feature", "geometry": {"type": "LineString", "coordinates": [[20.971233, 52.212867], [20.972313, 52.212488], [20.972389, 52.212462], [20.972459, 52.212437], [20.972653, 52.212369]]}, "properties": {"kategoria": "do dodania", "osm_way": 1408921780, "ulica": "Bitwy Warszawskiej 1920 roku", "kierunek": "płd.-wschód", "wzgledem_linii_osm": "forward", "wskazowki": "mapa miasta (2021): Bitwy Warszawskiej 1920 r., Szczęśliwicka - Grójecka — dni powszednie, 6-10 i 14-19 | mapa miasta (2021): Bitwy Warszawskiej 1920 r., Grójecka - Szczęśliwicka — dni powszednie, 6-10 i 14-19", "stroke": "#e8590c", "stroke-width": 5}}, {"type": "Feature", "geometry": {"type": "LineString", "coordinates": [[21.068252, 52.169827], [21.068201, 52.169836], [21.0682, 52.169836], [21.068134, 52.169847], [21.068134, 52.169847], [21.068048, 52.16986]]}, "properties": {"kategoria": "do dodania", "osm_way": 1416249649, "ulica": "Aleja Wilanowska", "kierunek": "zachód", "wzgledem_linii_osm": "forward", "wskazowki": "mapa miasta (2021): al. Wilanowska, rejon skrzyżowania z ul. Sobieskiego — codziennie, całodobowo", "stroke": "#e8590c", "stroke-width": 5}}, {"type": "Feature", "geometry": {"type": "LineString", "coordinates": [[20.970649, 52.213134], [20.969971, 52.213372], [20.969639, 52.213488]]}, "properties": {"kategoria": "do dodania", "osm_way": 1421092756, "ulica": "Bitwy Warszawskiej 1920 roku", "kierunek": "płn.-zachód", "wzgledem_linii_osm": "backward", "wskazowki": "mapa miasta (2021): Bitwy Warszawskiej 1920 r., Szczęśliwicka - Grójecka — dni powszednie, 6-10 i 14-19 | mapa miasta (2021): Bitwy Warszawskiej 1920 r., Grójecka - Szczęśliwicka — dni powszednie, 6-10 i 14-19", "stroke": "#e8590c", "stroke-width": 5}}, {"type": "Feature", "geometry": {"type": "LineString", "coordinates": [[20.969595, 52.213441], [20.969927, 52.213325], [20.970605, 52.213087]]}, "properties": {"kategoria": "do dodania", "osm_way": 1421092756, "ulica": "Bitwy Warszawskiej 1920 roku", "kierunek": "płd.-wschód", "wzgledem_linii_osm": "forward", "wskazowki": "mapa miasta (2021): Bitwy Warszawskiej 1920 r., Szczęśliwicka - Grójecka — dni powszednie, 6-10 i 14-19 | mapa miasta (2021): Bitwy Warszawskiej 1920 r., Grójecka - Szczęśliwicka — dni powszednie, 6-10 i 14-19", "stroke": "#e8590c", "stroke-width": 5}}, {"type": "Feature", "geometry": {"type": "LineString", "coordinates": [[20.969639, 52.213488], [20.969373, 52.213581], [20.969138, 52.213664], [20.968712, 52.213813], [20.968445, 52.213907]]}, "properties": {"kategoria": "do dodania", "osm_way": 1421092757, "ulica": "Bitwy Warszawskiej 1920 roku", "kierunek": "płn.-zachód", "wzgledem_linii_osm": "backward", "wskazowki": "mapa miasta (2021): Bitwy Warszawskiej 1920 r., Szczęśliwicka - Grójecka — dni powszednie, 6-10 i 14-19 | mapa miasta (2021): Bitwy Warszawskiej 1920 r., Grójecka - Szczęśliwicka — dni powszednie, 6-10 i 14-19", "stroke": "#e8590c", "stroke-width": 5}}, {"type": "Feature", "geometry": {"type": "LineString", "coordinates": [[21.010499, 52.232179], [21.010481, 52.232208], [21.010463, 52.23224], [21.010362, 52.232437], [21.010362, 52.232437], [21.010338, 52.232482]]}, "properties": {"kategoria": "do dodania", "osm_way": 1436290572, "ulica": "Marszałkowska", "kierunek": "północ", "wzgledem_linii_osm": "forward", "wskazowki": "mapa miasta (2021): Marszałkowska, Widok - Złota — codziennie, całodobowo", "stroke": "#e8590c", "stroke-width": 5}}, {"type": "Feature", "geometry": {"type": "LineString", "coordinates": [[20.99204, 52.241246], [20.992126, 52.241267], [20.992449, 52.241346], [20.99245, 52.241346], [20.992533, 52.241368], [20.992534, 52.241368], [20.992613, 52.241389], [20.992614, 52.241389], [20.992694, 52.241412], [20.992695, 52.241413], [20.992769, 52.241435], [20.99277, 52.241436], [20.993077, 52.241537], [20.993219, 52.241584], [20.993359, 52.24163]]}, "properties": {"kategoria": "do dodania", "osm_way": 1442675772, "ulica": "Aleja „Solidarności”", "kierunek": "płn.-wschód", "wzgledem_linii_osm": "forward", "wskazowki": "mapa miasta (2021): al. Solidarności, Okopowa - Jagiellońska — codziennie, 6-20", "stroke": "#e8590c", "stroke-width": 5}}, {"type": "Feature", "geometry": {"type": "LineString", "coordinates": [[21.010994, 52.23135], [21.010704, 52.231836]]}, "properties": {"kategoria": "do dodania", "osm_way": 1444811810, "ulica": "Marszałkowska", "kierunek": "północ", "wzgledem_linii_osm": "forward", "wskazowki": "mapa miasta (2021): Marszałkowska, Widok - Złota — codziennie, całodobowo", "stroke": "#e8590c", "stroke-width": 5}}, {"type": "Feature", "geometry": {"type": "LineString", "coordinates": [[21.010338, 52.232482], [21.010312, 52.232529], [21.010311, 52.23253], [21.010255, 52.232624], [21.010204, 52.232708], [21.010204, 52.232708], [21.01018, 52.232749], [21.010179, 52.232749], [21.010136, 52.232818]]}, "properties": {"kategoria": "do dodania", "osm_way": 1444811811, "ulica": "Marszałkowska", "kierunek": "północ", "wzgledem_linii_osm": "forward", "wskazowki": "mapa miasta (2021): Marszałkowska, Widok - Złota — codziennie, całodobowo", "stroke": "#e8590c", "stroke-width": 5}}, {"type": "Feature", "geometry": {"type": "LineString", "coordinates": [[21.044018, 52.193232], [21.043899, 52.193345]]}, "properties": {"kategoria": "do dodania", "osm_way": 1446068841, "ulica": "Jana III Sobieskiego", "kierunek": "płn.-zachód", "wzgledem_linii_osm": "forward", "wskazowki": "mapa miasta (2021): Sobieskiego/Belwederska, Idzikowskiego - Nabielaka — dni powszednie, 7-10 i 14-19 | mapa miasta (2021): Belwederska/Sobieskiego, Grottgera - Idzikowskiego — dni powszednie, 7-9 i 14-18", "stroke": "#e8590c", "stroke-width": 5}}, {"type": "Feature", "geometry": {"type": "LineString", "coordinates": [[21.00928, 52.217195], [21.009476, 52.217188], [21.009663, 52.217179], [21.009665, 52.217179], [21.010037, 52.217172], [21.01017, 52.217169]]}, "properties": {"kategoria": "do dodania", "osm_way": 1454544045, "ulica": "Aleja Armii Ludowej", "kierunek": "wschód", "wzgledem_linii_osm": "forward", "wskazowki": "mapa miasta (2021): Grzymały-Sokołowskiego/Kopińska/Wawelska/al. Armii Ludowej/most Łazienkowski/al. Stanów Zjednoczonych, Szczęśliwicka - Kanał Gocławski — codziennie, całodobowo | mapa miasta (2021): al. Stanów Zjednoczonych/most Łazienkowski/al. Armii Ludowej/Wawelska, Ostrobramska - Grójecka — codziennie, całodobowo", "stroke": "#e8590c", "stroke-width": 5}}, {"type": "Feature", "geometry": {"type": "LineString", "coordinates": [[21.010704, 52.231836], [21.010499, 52.232179]]}, "properties": {"kategoria": "do dodania", "osm_way": 1454677585, "ulica": "Marszałkowska", "kierunek": "północ", "wzgledem_linii_osm": "forward", "wskazowki": "mapa miasta (2021): Marszałkowska, Widok - Złota — codziennie, całodobowo", "stroke": "#e8590c", "stroke-width": 5}}, {"type": "Feature", "geometry": {"type": "LineString", "coordinates": [[21.068679, 52.169732], [21.068574, 52.169756], [21.068494, 52.169774], [21.068322, 52.169813], [21.068321, 52.169813], [21.068253, 52.169826]]}, "properties": {"kategoria": "do dodania", "osm_way": 1457112474, "ulica": "Aleja Wilanowska", "kierunek": "zachód", "wzgledem_linii_osm": "forward", "wskazowki": "mapa miasta (2021): al. Wilanowska, rejon skrzyżowania z ul. Sobieskiego — codziennie, całodobowo", "stroke": "#e8590c", "stroke-width": 5}}, {"type": "Feature", "geometry": {"type": "LineString", "coordinates": [[21.018153, 52.118715], [21.018163, 52.118207]]}, "properties": {"kategoria": "do dodania", "osm_way": 1464410708, "ulica": "Puławska", "kierunek": "południe", "wzgledem_linii_osm": "forward", "wskazowki": "komunikat ZDM / zgłoszenie: Puławska, granica → ulica:Rotmistrza Witolda Pileckiego (otwarty 2022-09-30) | komunikat ZDM / zgłoszenie: Puławska, ulica:Rotmistrza Witolda Pileckiego → granica (otwarty 2022-09-30)", "stroke": "#e8590c", "stroke-width": 5}}, {"type": "Feature", "geometry": {"type": "LineString", "coordinates": [[21.017924, 52.128366], [21.017933, 52.127954], [21.017935, 52.127893], [21.017935, 52.127893], [21.017937, 52.127792]]}, "properties": {"kategoria": "do dodania", "osm_way": 1464410710, "ulica": "Puławska", "kierunek": "południe", "wzgledem_linii_osm": "forward", "wskazowki": "komunikat ZDM / zgłoszenie: Puławska, granica → ulica:Rotmistrza Witolda Pileckiego (otwarty 2022-09-30) | komunikat ZDM / zgłoszenie: Puławska, ulica:Rotmistrza Witolda Pileckiego → granica (otwarty 2022-09-30)", "stroke": "#e8590c", "stroke-width": 5}}, {"type": "Feature", "geometry": {"type": "LineString", "coordinates": [[21.017803, 52.133337], [21.017797, 52.13301]]}, "properties": {"kategoria": "do dodania", "osm_way": 1464410711, "ulica": "Puławska", "kierunek": "południe", "wzgledem_linii_osm": "forward", "wskazowki": "komunikat ZDM / zgłoszenie: Puławska, granica → ulica:Rotmistrza Witolda Pileckiego (otwarty 2022-09-30) | komunikat ZDM / zgłoszenie: Puławska, ulica:Rotmistrza Witolda Pileckiego → granica (otwarty 2022-09-30)", "stroke": "#e8590c", "stroke-width": 5}}, {"type": "Feature", "geometry": {"type": "LineString", "coordinates": [[21.017788, 52.1504], [21.017793, 52.15071], [21.017804, 52.15088]]}, "properties": {"kategoria": "do dodania", "osm_way": 1464419268, "ulica": "Puławska", "kierunek": "północ", "wzgledem_linii_osm": "forward", "wskazowki": "komunikat ZDM / zgłoszenie: Puławska, granica → ulica:Rotmistrza Witolda Pileckiego (otwarty 2022-09-30) | komunikat ZDM / zgłoszenie: Puławska, ulica:Rotmistrza Witolda Pileckiego → granica (otwarty 2022-09-30)", "stroke": "#e8590c", "stroke-width": 5}}, {"type": "Feature", "geometry": {"type": "LineString", "coordinates": [[21.017852, 52.145041], [21.017842, 52.145778]]}, "properties": {"kategoria": "do dodania", "osm_way": 1464419271, "ulica": "Puławska", "kierunek": "północ", "wzgledem_linii_osm": "forward", "wskazowki": "komunikat ZDM / zgłoszenie: Puławska, granica → ulica:Rotmistrza Witolda Pileckiego (otwarty 2022-09-30) | komunikat ZDM / zgłoszenie: Puławska, ulica:Rotmistrza Witolda Pileckiego → granica (otwarty 2022-09-30)", "stroke": "#e8590c", "stroke-width": 5}}, {"type": "Feature", "geometry": {"type": "LineString", "coordinates": [[21.018194, 52.129688], [21.018172, 52.130357]]}, "properties": {"kategoria": "do dodania", "osm_way": 1464419272, "ulica": "Puławska", "kierunek": "północ", "wzgledem_linii_osm": "forward", "wskazowki": "komunikat ZDM / zgłoszenie: Puławska, granica → ulica:Rotmistrza Witolda Pileckiego (otwarty 2022-09-30) | komunikat ZDM / zgłoszenie: Puławska, ulica:Rotmistrza Witolda Pileckiego → granica (otwarty 2022-09-30)", "stroke": "#e8590c", "stroke-width": 5}}, {"type": "Feature", "geometry": {"type": "LineString", "coordinates": [[21.018211, 52.128639], [21.018199, 52.129174], [21.018195, 52.1295], [21.018194, 52.129574], [21.018194, 52.129687]]}, "properties": {"kategoria": "do dodania", "osm_way": 1464419273, "ulica": "Puławska", "kierunek": "północ", "wzgledem_linii_osm": "forward", "wskazowki": "komunikat ZDM / zgłoszenie: Puławska, granica → ulica:Rotmistrza Witolda Pileckiego (otwarty 2022-09-30) | komunikat ZDM / zgłoszenie: Puławska, ulica:Rotmistrza Witolda Pileckiego → granica (otwarty 2022-09-30)", "stroke": "#e8590c", "stroke-width": 5}}, {"type": "Feature", "geometry": {"type": "LineString", "coordinates": [[21.018258, 52.126816], [21.018251, 52.12711]]}, "properties": {"kategoria": "do dodania", "osm_way": 1464419274, "ulica": "Puławska", "kierunek": "północ", "wzgledem_linii_osm": "forward", "wskazowki": "komunikat ZDM / zgłoszenie: Puławska, granica → ulica:Rotmistrza Witolda Pileckiego (otwarty 2022-09-30) | komunikat ZDM / zgłoszenie: Puławska, ulica:Rotmistrza Witolda Pileckiego → granica (otwarty 2022-09-30)", "stroke": "#e8590c", "stroke-width": 5}}, {"type": "Feature", "geometry": {"type": "LineString", "coordinates": [[21.018414, 52.120418], [21.018409, 52.120866], [21.018407, 52.120989], [21.018407, 52.120989], [21.018403, 52.121077]]}, "properties": {"kategoria": "do dodania", "osm_way": 1464419275, "ulica": "Puławska", "kierunek": "północ", "wzgledem_linii_osm": "forward", "wskazowki": "komunikat ZDM / zgłoszenie: Puławska, granica → ulica:Rotmistrza Witolda Pileckiego (otwarty 2022-09-30) | komunikat ZDM / zgłoszenie: Puławska, ulica:Rotmistrza Witolda Pileckiego → granica (otwarty 2022-09-30)", "stroke": "#e8590c", "stroke-width": 5}}, {"type": "Feature", "geometry": {"type": "LineString", "coordinates": [[21.058377, 52.266456], [21.058257, 52.266305]]}, "properties": {"kategoria": "do dodania", "osm_way": 1490290463, "ulica": "Radzymińska", "kierunek": "płd.-zachód", "wzgledem_linii_osm": "forward", "wskazowki": "mapa miasta (2021): Radzymińska/most Śląsko-Dąbrowski/al. Solidarności, Krynoliny - Andersa — codziennie, całodobowo", "stroke": "#e8590c", "stroke-width": 5}}, {"type": "Feature", "geometry": {"type": "LineString", "coordinates": [[21.060412, 52.268924], [21.060195, 52.268657]]}, "properties": {"kategoria": "do dodania", "osm_way": 1490290485, "ulica": "Radzymińska", "kierunek": "płd.-zachód", "wzgledem_linii_osm": "forward", "wskazowki": "mapa miasta (2021): Radzymińska/most Śląsko-Dąbrowski/al. Solidarności, Krynoliny - Andersa — codziennie, całodobowo", "stroke": "#e8590c", "stroke-width": 5}}, {"type": "Feature", "geometry": {"type": "LineString", "coordinates": [[21.060967, 52.269591], [21.060674, 52.269243]]}, "properties": {"kategoria": "do dodania", "osm_way": 1490290490, "ulica": "Radzymińska", "kierunek": "płd.-zachód", "wzgledem_linii_osm": "forward", "wskazowki": "mapa miasta (2021): Radzymińska/most Śląsko-Dąbrowski/al. Solidarności, Krynoliny - Andersa — codziennie, całodobowo", "stroke": "#e8590c", "stroke-width": 5}}, {"type": "Feature", "geometry": {"type": "LineString", "coordinates": [[21.067498, 52.2776], [21.067165, 52.277195]]}, "properties": {"kategoria": "do dodania", "osm_way": 1490290948, "ulica": "Radzymińska", "kierunek": "płd.-zachód", "wzgledem_linii_osm": "forward", "wskazowki": "mapa miasta (2021): Radzymińska, Jórskiego - Młodzieńcza — codziennie, 7-10 i 14-19 | mapa miasta (2021): Radzymińska/most Śląsko-Dąbrowski/al. Solidarności, Krynoliny - Andersa — codziennie, 7-10 i 14-19", "stroke": "#e8590c", "stroke-width": 5}}, {"type": "Feature", "geometry": {"type": "LineString", "coordinates": [[21.055173, 52.296855], [21.055136, 52.296823], [21.055135, 52.296823], [21.055091, 52.296782], [21.05509, 52.296781], [21.055044, 52.296735], [21.055043, 52.296734], [21.055028, 52.296718], [21.054708, 52.296362], [21.054684, 52.296336], [21.054683, 52.296334], [21.054659, 52.296304], [21.054658, 52.296303], [21.054636, 52.296269], [21.054636, 52.296268], [21.054574, 52.296161], [21.054558, 52.296136], [21.054541, 52.29611]]}, "properties": {"kategoria": "do dodania", "osm_way": 1490385679, "ulica": "Świętego Wincentego", "kierunek": "płd.-zachód", "wzgledem_linii_osm": "forward", "wskazowki": "komunikat ZDM / zgłoszenie: Głębocka / Świętego Wincentego, przystanek:117903 → ulica:Ludwika Kondratowicza (otwarty 2024-12-06)", "stroke": "#e8590c", "stroke-width": 5}}, {"type": "Feature", "geometry": {"type": "LineString", "coordinates": [[21.055237, 52.296911], [21.055173, 52.296855]]}, "properties": {"kategoria": "do dodania", "osm_way": 1490385680, "ulica": "Głębocka", "kierunek": "płd.-zachód", "wzgledem_linii_osm": "forward", "wskazowki": "komunikat ZDM / zgłoszenie: Głębocka / Świętego Wincentego, przystanek:117903 → ulica:Ludwika Kondratowicza (otwarty 2024-12-06)", "stroke": "#e8590c", "stroke-width": 5}}, {"type": "Feature", "geometry": {"type": "LineString", "coordinates": [[20.984661, 52.220068], [20.984894, 52.220325], [20.984894, 52.220326], [20.985319, 52.22081], [20.985371, 52.220866], [20.985371, 52.220866], [20.985518, 52.221032]]}, "properties": {"kategoria": "do dodania", "osm_way": 1534492760, "ulica": "Grójecka", "kierunek": "płn.-wschód", "wzgledem_linii_osm": "forward", "wskazowki": "mapa miasta (2021): Grójecka/Aleje Jerozolimskie, Wawelska - Bracka — dni powszednie, 7-9 i 14-18", "stroke": "#e8590c", "stroke-width": 5}}, {"type": "Feature", "geometry": {"type": "LineString", "coordinates": [[20.995592, 52.242418], [20.995794, 52.242484], [20.995795, 52.242485], [20.996971, 52.242876], [20.997884, 52.243177], [20.997885, 52.243177], [20.998576, 52.243409], [20.998678, 52.243443]]}, "properties": {"kategoria": "do dodania", "osm_way": 1534637015, "ulica": "Aleja „Solidarności”", "kierunek": "płn.-wschód", "wzgledem_linii_osm": "forward", "wskazowki": "mapa miasta (2021): al. Solidarności, Okopowa - Jagiellońska — codziennie, 6-20", "stroke": "#e8590c", "stroke-width": 5}}, {"type": "Feature", "geometry": {"type": "LineString", "coordinates": [[21.043988, 52.17558], [21.043985, 52.175549], [21.04398, 52.175515], [21.043957, 52.17534]]}, "properties": {"kategoria": "do dodania", "osm_way": 1539683257, "ulica": "Aleja Generała Władysława Sikorskiego", "kierunek": "południe", "wzgledem_linii_osm": "forward", "wskazowki": "komunikat ZDM / zgłoszenie: Dolina Służewiecka / Aleja Generała Władysława Sikorskiego, ulica:Jana III Sobieskiego → ulica:Nowoursynowska (otwarty 2022-01-10)", "stroke": "#e8590c", "stroke-width": 5}}, {"type": "Feature", "geometry": {"type": "LineString", "coordinates": [[21.044437, 52.174803], [21.044444, 52.174853], [21.044464, 52.175017]]}, "properties": {"kategoria": "do dodania", "osm_way": 1539683261, "ulica": "Dolina Służewiecka", "kierunek": "północ", "wzgledem_linii_osm": "forward", "wskazowki": "komunikat ZDM / zgłoszenie: Dolina Służewiecka / Aleja Generała Władysława Sikorskiego, ulica:Nowoursynowska → ulica:Jana III Sobieskiego (otwarty 2022-01-10)", "stroke": "#e8590c", "stroke-width": 5}}, {"type": "Feature", "geometry": {"type": "LineString", "coordinates": [[21.044517, 52.175451], [21.044521, 52.175482], [21.044521, 52.175482], [21.044563, 52.175908], [21.044633, 52.176621]]}, "properties": {"kategoria": "do dodania", "osm_way": 1539683263, "ulica": "Aleja Generała Władysława Sikorskiego", "kierunek": "północ", "wzgledem_linii_osm": "forward", "wskazowki": "komunikat ZDM / zgłoszenie: Dolina Służewiecka / Aleja Generała Władysława Sikorskiego, ulica:Nowoursynowska → ulica:Jana III Sobieskiego (otwarty 2022-01-10)", "stroke": "#e8590c", "stroke-width": 5}}, {"type": "Feature", "geometry": {"type": "LineString", "coordinates": [[21.011527, 52.230131], [21.01146, 52.230113], [21.011456, 52.230112], [21.011378, 52.230085], [21.01137, 52.230082], [21.011196, 52.229986]]}, "properties": {"kategoria": "do dodania", "osm_way": 1544504261, "ulica": "Rondo Romana Dmowskiego", "kierunek": "płd.-zachód", "wzgledem_linii_osm": "forward", "wskazowki": "mapa miasta (2021): Aleje Jerozolimskie, Wisłostrada - Miedziana — dni powszednie, 7-9 i 14-18", "stroke": "#e8590c", "stroke-width": 5}}, {"type": "Feature", "geometry": {"type": "LineString", "coordinates": [[21.011509, 52.2295], [21.011672, 52.2295], [21.011677, 52.2295], [21.011801, 52.22951], [21.011809, 52.229511], [21.011889, 52.229526]]}, "properties": {"kategoria": "do dodania", "osm_way": 1544504263, "ulica": "Rondo Romana Dmowskiego", "kierunek": "wschód", "wzgledem_linii_osm": "forward", "wskazowki": "mapa miasta (2021): Grójecka/Aleje Jerozolimskie, Wawelska - Bracka — dni powszednie, 7-9 i 14-18", "stroke": "#e8590c", "stroke-width": 5}}, {"type": "Feature", "geometry": {"type": "LineString", "coordinates": [[21.011891, 52.229526], [21.011932, 52.229535]]}, "properties": {"kategoria": "do dodania", "osm_way": 1544504265, "ulica": "Rondo Romana Dmowskiego", "kierunek": "wschód", "wzgledem_linii_osm": "forward", "wskazowki": "mapa miasta (2021): Grójecka/Aleje Jerozolimskie, Wawelska - Bracka — dni powszednie, 7-9 i 14-18", "stroke": "#e8590c", "stroke-width": 5}}, {"type": "Feature", "geometry": {"type": "LineString", "coordinates": [[21.011568, 52.230141], [21.011529, 52.230131]]}, "properties": {"kategoria": "do dodania", "osm_way": 1544504267, "ulica": "Rondo Romana Dmowskiego", "kierunek": "płd.-zachód", "wzgledem_linii_osm": "forward", "wskazowki": "mapa miasta (2021): Aleje Jerozolimskie, Wisłostrada - Miedziana — dni powszednie, 7-9 i 14-18", "stroke": "#e8590c", "stroke-width": 5}}]}