{"type": "FeatureCollection", "features": [{"type": "Feature", "geometry": {"type": "MultiLineString", "coordinates": [[[20.99968, 52.29398], [20.99913, 52.29448], [20.99828, 52.29518], [20.99795, 52.29537]], [[20.99919, 52.29433], [20.99919, 52.29443], [20.99935, 52.2944]], [[20.99815, 52.29519], [20.99812, 52.29528], [20.99828, 52.29527]]]}, "properties": {"name": "(bez nazwy) → płn.-zachód", "description": "Kierunek jazdy: **płn.-zachód**\nDługość: 194 m\nŹródło: komunikat ZDM / zgłoszenie\nOtwarty: 2023-12-20\nUwagi: DO WERYFIKACJI: źródło nie podaje kierunku — przyjęto oba; \"Alkuzyjna\" w źródle = ul. Aluzyjna (literówka)\nAutobusy w szczycie: 20.5/h (rozkład ZTM 21.10.2026)", "id": "000badf90d", "status": "", "uwagi": "", "_umap_options": {"color": "#7b45c9", "weight": 5, "opacity": 0.9}}}, {"type": "Feature", "geometry": {"type": "MultiLineString", "coordinates": [[[20.99942, 52.29354], [20.99946, 52.29341], [20.9996, 52.29317]], [[20.99953, 52.29345], [20.99949, 52.29335], [20.99936, 52.29341]]]}, "properties": {"name": "(bez nazwy) → południe", "description": "Kierunek jazdy: **południe**\nDługość: 42 m\nŹródło: komunikat ZDM / zgłoszenie\nOtwarty: 2023-12-20\nUwagi: DO WERYFIKACJI: źródło nie podaje kierunku — przyjęto oba; \"Alkuzyjna\" w źródle = ul. Aluzyjna (literówka)\nAutobusy w szczycie: 21.0/h (rozkład ZTM 21.10.2026)", "id": "d4d513e940", "status": "", "uwagi": "", "_umap_options": {"color": "#7b45c9", "weight": 5, "opacity": 0.9}}}, {"type": "Feature", "geometry": {"type": "MultiLineString", "coordinates": [[[21.00343, 52.24253], [21.00305, 52.24271], [21.00249, 52.24314], [21.00232, 52.24327], [21.00212, 52.24354]], [[21.00282, 52.2428], [21.0028, 52.2429], [21.00296, 52.24287]]]}, "properties": {"name": "(bez nazwy) → płn.-zachód", "description": "Kierunek jazdy: **płn.-zachód**\nDługość: 148 m\nŹródło: mapa miasta (stan 2021)\nMapa miasta: Senatorska - al. Solidarności, codziennie, całodobowo\nAutobusy w szczycie: 2.0/h (rozkład ZTM 21.10.2026)", "id": "436cdd5f20", "status": "", "uwagi": "", "_umap_options": {"color": "#e08a00", "weight": 5, "opacity": 0.9}}}, {"type": "Feature", "geometry": {"type": "MultiLineString", "coordinates": [[[21.00486, 52.21736], [21.00081, 52.21713], [21.00026, 52.21705]], [[21.00412, 52.21726], [21.00398, 52.21731], [21.0041, 52.21737]], [[21.00237, 52.21716], [21.00223, 52.21721], [21.00236, 52.21728]], [[21.00064, 52.21706], [21.00049, 52.2171], [21.00059, 52.21717]]]}, "properties": {"name": "(bez nazwy) → zachód", "description": "Kierunek jazdy: **zachód**\nDługość: 315 m\nŹródło: mapa miasta (stan 2021)\nMapa miasta: Ostrobramska - Grójecka, codziennie, całodobowo\nAutobusy w szczycie: 5.0/h (rozkład ZTM 21.10.2026)", "id": "bc17d7b62f", "status": "", "uwagi": "", "_umap_options": {"color": "#e08a00", "weight": 5, "opacity": 0.9}}}, {"type": "Feature", "geometry": {"type": "MultiLineString", "coordinates": [[[21.01628, 52.21743], [21.01591, 52.21742], [21.01583, 52.21743], [21.01572, 52.21747]], [[21.01612, 52.21737], [21.01599, 52.21742], [21.01612, 52.21748]]]}, "properties": {"name": "(bez nazwy) → zachód", "description": "Kierunek jazdy: **zachód**\nDługość: 43 m\nŹródło: mapa miasta (stan 2021)\nMapa miasta: Ostrobramska - Grójecka, codziennie, całodobowo\nAutobusy w szczycie: 34.0/h (rozkład ZTM 21.10.2026)", "id": "3e222778bc", "status": "", "uwagi": "", "_umap_options": {"color": "#e08a00", "weight": 5, "opacity": 0.9}}}, {"type": "Feature", "geometry": {"type": "MultiLineString", "coordinates": [[[21.01885, 52.24797], [21.01837, 52.24794], [21.01827, 52.24791]], [[21.01869, 52.2479], [21.01855, 52.24795], [21.01867, 52.24801]]]}, "properties": {"name": "(bez nazwy) → zachód", "description": "Kierunek jazdy: **zachód**\nDługość: 39 m\nŹródło: mapa miasta (stan 2021)\nMapa miasta: Krynoliny - Andersa, codziennie, całodobowo\nAutobusy w szczycie: 0.0/h (rozkład ZTM 21.10.2026)", "id": "cb7d29bada", "status": "", "uwagi": "", "_umap_options": {"color": "#e08a00", "weight": 5, "opacity": 0.9}}}, {"type": "Feature", "geometry": {"type": "MultiLineString", "coordinates": [[[21.03489, 52.25486], [21.03465, 52.25458]], [[21.03492, 52.25477], [21.03477, 52.25472], [21.03475, 52.25482]]]}, "properties": {"name": "(bez nazwy) → płd.-zachód", "description": "Kierunek jazdy: **płd.-zachód**\nDługość: 36 m\nŹródło: mapa miasta (stan 2021)\nMapa miasta: Krynoliny - Andersa, codziennie, całodobowo\nAutobusy w szczycie: 12.0/h (rozkład ZTM 21.10.2026)", "id": "ef01964223", "status": "", "uwagi": "", "_umap_options": {"color": "#e08a00", "weight": 5, "opacity": 0.9}}}, {"type": "Feature", "geometry": {"type": "MultiLineString", "coordinates": [[[21.04058, 52.22378], [21.03925, 52.22311]], [[21.04007, 52.22345], [21.03991, 52.22345], [21.03996, 52.22354]]]}, "properties": {"name": "(bez nazwy) → płd.-zachód", "description": "Kierunek jazdy: **płd.-zachód**\nDługość: 117 m\nŹródło: mapa miasta (stan 2021)\nMapa miasta: Ostrobramska - Grójecka, codziennie, całodobowo\nAutobusy w szczycie: 4.5/h (rozkład ZTM 21.10.2026)", "id": "b9f470d652", "status": "", "uwagi": "", "_umap_options": {"color": "#e08a00", "weight": 5, "opacity": 0.9}}}, {"type": "Feature", "geometry": {"type": "MultiLineString", "coordinates": [[[21.04307, 52.2242], [21.04268, 52.22426]], [[21.04298, 52.22415], [21.04288, 52.22422], [21.04302, 52.22426]]]}, "properties": {"name": "(bez nazwy) → zachód", "description": "Kierunek jazdy: **zachód**\nDługość: 28 m\nŹródło: mapa miasta (stan 2021)\nMapa miasta: Ostrobramska - Grójecka, codziennie, całodobowo\nAutobusy w szczycie: 5.5/h (rozkład ZTM 21.10.2026)", "id": "9897c2c3e3", "status": "", "uwagi": "", "_umap_options": {"color": "#e08a00", "weight": 5, "opacity": 0.9}}}, {"type": "Feature", "geometry": {"type": "MultiLineString", "coordinates": [[[21.05339, 52.22638], [21.05293, 52.22621]], [[21.05333, 52.22629], [21.05316, 52.22629], [21.05323, 52.22638]]]}, "properties": {"name": "(bez nazwy) → płd.-zachód", "description": "Kierunek jazdy: **płd.-zachód**\nDługość: 37 m\nŹródło: mapa miasta (stan 2021)\nMapa miasta: Ostrobramska - Grójecka, codziennie, całodobowo\nAutobusy w szczycie: 4.0/h (rozkład ZTM 21.10.2026)", "id": "1b589517a1", "status": "", "uwagi": "", "_umap_options": {"color": "#e08a00", "weight": 5, "opacity": 0.9}}}, {"type": "Feature", "geometry": {"type": "MultiLineString", "coordinates": [[[21.05739, 52.22722], [21.05689, 52.22716], [21.05649, 52.22718]], [[21.05709, 52.22712], [21.05694, 52.22716], [21.05706, 52.22723]]]}, "properties": {"name": "(bez nazwy) → zachód", "description": "Kierunek jazdy: **zachód**\nDługość: 64 m\nŹródło: mapa miasta (stan 2021)\nMapa miasta: Ostrobramska - Grójecka, codziennie, całodobowo\nAutobusy w szczycie: 6.0/h (rozkład ZTM 21.10.2026)", "id": "c0b9514de2", "status": "", "uwagi": "", "_umap_options": {"color": "#e08a00", "weight": 5, "opacity": 0.9}}}, {"type": "Feature", "geometry": {"type": "MultiLineString", "coordinates": [[[21.06619, 52.20458], [21.06562, 52.20473], [21.06525, 52.20488], [21.06448, 52.20525], [21.06064, 52.20765], [21.06022, 52.20784], [21.05976, 52.20799], [21.05916, 52.20809], [21.05844, 52.20812], [21.05374, 52.20767], [21.0532, 52.20765], [21.05293, 52.20769]], [[21.06546, 52.20473], [21.0654, 52.20482], [21.06556, 52.20482]], [[21.06409, 52.20541], [21.06407, 52.20551], [21.06422, 52.20549]], [[21.06287, 52.20619], [21.06284, 52.20628], [21.063, 52.20627]], [[21.06163, 52.20695], [21.06161, 52.20705], [21.06176, 52.20703]], [[21.06039, 52.2077], [21.06034, 52.2078], [21.0605, 52.2078]], [[21.05882, 52.20806], [21.05869, 52.20812], [21.05883, 52.20817]], [[21.0571, 52.20793], [21.05695, 52.20798], [21.05707, 52.20805]], [[21.05536, 52.20777], [21.05522, 52.20781], [21.05533, 52.20788]], [[21.05362, 52.20761], [21.05348, 52.20766], [21.05361, 52.20772]]]}, "properties": {"name": "(bez nazwy) → zachód", "description": "Kierunek jazdy: **zachód**\nDługość: 1057 m\nŹródło: mapa miasta (stan 2021)\nMapa miasta: Batalionu AK \"Bałtyk\" - Zwierzyniecka, codziennie, całodobowo\nAutobusy w szczycie: 8.0/h (rozkład ZTM 21.10.2026)", "id": "5f3b3b4371", "status": "", "uwagi": "", "_umap_options": {"color": "#e08a00", "weight": 5, "opacity": 0.9}}}, {"type": "Feature", "geometry": {"type": "MultiLineString", "coordinates": [[[20.94319, 52.20542], [20.94471, 52.2066], [20.94486, 52.20668], [20.94518, 52.20675], [20.94533, 52.20682], [20.9454, 52.2069], [20.94551, 52.2072]], [[20.94358, 52.20582], [20.94373, 52.20585], [20.94372, 52.20575]], [[20.94469, 52.20668], [20.94485, 52.20668], [20.9448, 52.20658]]]}, "properties": {"name": "(bez nazwy) → płn.-wschód", "description": "Kierunek jazdy: **płn.-wschód**\nDługość: 259 m\nŹródło: mapa miasta (stan 2021)\nMapa miasta: Łopuszańska - Dw. Zachodni, dni powszednie, 6-20\nAutobusy w szczycie: 7.5/h (rozkład ZTM 21.10.2026)", "id": "15c025083e", "status": "", "uwagi": "", "_umap_options": {"color": "#e08a00", "weight": 5, "opacity": 0.9}}}, {"type": "Feature", "geometry": {"type": "MultiLineString", "coordinates": [[[20.99014, 52.21604], [20.99034, 52.21609], [20.99084, 52.2163]], [[20.99033, 52.21616], [20.99049, 52.21616], [20.99044, 52.21607]]]}, "properties": {"name": "(bez nazwy) → płn.-wschód", "description": "Kierunek jazdy: **płn.-wschód**\nDługość: 55 m\nŹródło: mapa miasta (stan 2021)\nMapa miasta: Szczęśliwicka - Kanał Gocławski, codziennie, całodobowo\nAutobusy w szczycie: 5.5/h (rozkład ZTM 21.10.2026)", "id": "e83dd7f36e", "status": "", "uwagi": "", "_umap_options": {"color": "#e08a00", "weight": 5, "opacity": 0.9}}}, {"type": "Feature", "geometry": {"type": "MultiLineString", "coordinates": [[[21.00139, 52.24371], [21.00225, 52.24302], [21.00272, 52.24274]], [[21.00191, 52.24337], [21.00192, 52.24328], [21.00176, 52.2433]]]}, "properties": {"name": "(bez nazwy) → płd.-wschód", "description": "Kierunek jazdy: **płd.-wschód**\nDługość: 140 m\nŹródło: mapa miasta (stan 2021)\nMapa miasta: al. Solidarności - Senatorska, codziennie, całodobowo\nAutobusy w szczycie: 14.5/h (rozkład ZTM 21.10.2026)", "id": "f24684012b", "status": "", "uwagi": "", "_umap_options": {"color": "#e08a00", "weight": 5, "opacity": 0.9}}}, {"type": "Feature", "geometry": {"type": "MultiLineString", "coordinates": [[[21.00045, 52.21683], [21.00078, 52.21679], [21.0014, 52.21679], [21.0046, 52.21697]], [[21.00119, 52.21684], [21.00133, 52.21679], [21.0012, 52.21673]], [[21.00294, 52.21693], [21.00308, 52.21688], [21.00295, 52.21682]]]}, "properties": {"name": "(bez nazwy) → wschód", "description": "Kierunek jazdy: **wschód**\nDługość: 283 m\nŹródło: mapa miasta (stan 2021)\nMapa miasta: Szczęśliwicka - Kanał Gocławski, codziennie, całodobowo\nAutobusy w szczycie: 5.5/h (rozkład ZTM 21.10.2026)", "id": "6f729fc820", "status": "", "uwagi": "", "_umap_options": {"color": "#e08a00", "weight": 5, "opacity": 0.9}}}, {"type": "Feature", "geometry": {"type": "MultiLineString", "coordinates": [[[21.03932, 52.22295], [21.04027, 52.22321], [21.04082, 52.22332]], [[21.0399, 52.22318], [21.04006, 52.22316], [21.03998, 52.22307]]]}, "properties": {"name": "(bez nazwy) → płn.-wschód", "description": "Kierunek jazdy: **płn.-wschód**\nDługość: 111 m\nŹródło: mapa miasta (stan 2021)\nMapa miasta: Szczęśliwicka - Kanał Gocławski, codziennie, całodobowo\nAutobusy w szczycie: 4.5/h (rozkład ZTM 21.10.2026)", "id": "2aa47025fb", "status": "", "uwagi": "", "_umap_options": {"color": "#e08a00", "weight": 5, "opacity": 0.9}}}, {"type": "Feature", "geometry": {"type": "MultiLineString", "coordinates": [[[21.04457, 52.22428], [21.04479, 52.22439]], [[21.04452, 52.22432], [21.04468, 52.22433], [21.04464, 52.22424]]]}, "properties": {"name": "(bez nazwy) → płn.-wschód", "description": "Kierunek jazdy: **płn.-wschód**\nDługość: 19 m\nŹródło: mapa miasta (stan 2021)\nMapa miasta: Szczęśliwicka - Kanał Gocławski, codziennie, całodobowo\nAutobusy w szczycie: 14.5/h (rozkład ZTM 21.10.2026)", "id": "a9bd1d4f74", "status": "", "uwagi": "", "_umap_options": {"color": "#e08a00", "weight": 5, "opacity": 0.9}}}, {"type": "Feature", "geometry": {"type": "MultiLineString", "coordinates": [[[21.05534, 52.22654], [21.05576, 52.22654], [21.05603, 52.22647]], [[21.05556, 52.22659], [21.0557, 52.22654], [21.05557, 52.22648]]]}, "properties": {"name": "(bez nazwy) → wschód", "description": "Kierunek jazdy: **wschód**\nDługość: 51 m\nŹródło: mapa miasta (stan 2021)\nMapa miasta: Szczęśliwicka - Kanał Gocławski, codziennie, całodobowo\nAutobusy w szczycie: 4.0/h (rozkład ZTM 21.10.2026)", "id": "b0ebf6f2b1", "status": "", "uwagi": "", "_umap_options": {"color": "#e08a00", "weight": 5, "opacity": 0.9}}}, {"type": "Feature", "geometry": {"type": "MultiLineString", "coordinates": [[[21.05517, 52.20763], [21.05548, 52.20771], [21.05641, 52.20785], [21.05813, 52.20802], [21.05859, 52.20805], [21.05896, 52.20804], [21.05935, 52.20799], [21.05971, 52.20792], [21.06016, 52.20778], [21.06056, 52.2076], [21.06439, 52.2052]], [[21.05586, 52.20782], [21.05601, 52.20779], [21.0559, 52.20771]], [[21.05759, 52.20803], [21.05773, 52.20798], [21.05762, 52.20791]], [[21.05937, 52.20805], [21.05947, 52.20797], [21.05932, 52.20794]], [[21.06089, 52.20748], [21.06091, 52.20738], [21.06076, 52.2074]], [[21.06212, 52.20671], [21.06215, 52.20661], [21.06199, 52.20663]], [[21.06335, 52.20594], [21.06337, 52.20584], [21.06322, 52.20586]]]}, "properties": {"name": "(bez nazwy) → wschód", "description": "Kierunek jazdy: **wschód**\nDługość: 765 m\nŹródło: mapa miasta (stan 2021)\nMapa miasta: Melomanów - Batalionu AK \"Bałtyk\", codziennie, całodobowo\nAutobusy w szczycie: 8.0/h (rozkład ZTM 21.10.2026)", "id": "5ccae679e9", "status": "", "uwagi": "", "_umap_options": {"color": "#e08a00", "weight": 5, "opacity": 0.9}}}, {"type": "Feature", "geometry": {"type": "MultiLineString", "coordinates": [[[21.05688, 52.22671], [21.05724, 52.227]], [[21.05689, 52.22683], [21.05704, 52.22686], [21.05704, 52.22677]]]}, "properties": {"name": "(bez nazwy) → płn.-wschód", "description": "Kierunek jazdy: **płn.-wschód**\nDługość: 42 m\nŹródło: mapa miasta (stan 2021)\nMapa miasta: Szczęśliwicka - Kanał Gocławski, codziennie, całodobowo\nAutobusy w szczycie: 6.0/h (rozkład ZTM 21.10.2026)", "id": "3f84fd11de", "status": "", "uwagi": "", "_umap_options": {"color": "#e08a00", "weight": 5, "opacity": 0.9}}}, {"type": "Feature", "geometry": {"type": "MultiLineString", "coordinates": [[[21.03788, 52.26213], [21.03806, 52.26261]], [[21.03785, 52.26231], [21.03797, 52.26237], [21.03803, 52.26228]]]}, "properties": {"name": "11 Listopada → północ", "description": "Kierunek jazdy: **północ**\nDługość: 54 m\nŹródło: mapa miasta (stan 2021)\nMapa miasta: Kowieńska - Letnia, codziennie, całodobowo\nAutobusy w szczycie: 3.0/h (rozkład ZTM 21.10.2026)", "id": "8943fb6c45", "status": "", "uwagi": "", "_umap_options": {"color": "#e08a00", "weight": 5, "opacity": 0.9}}}, {"type": "Feature", "geometry": {"type": "MultiLineString", "coordinates": [[[21.03846, 52.26373], [21.03866, 52.26431], [21.03867, 52.26449], [21.03862, 52.26469]], [[21.03852, 52.26414], [21.03863, 52.26421], [21.0387, 52.26412]]]}, "properties": {"name": "11 Listopada → północ", "description": "Kierunek jazdy: **północ**\nDługość: 107 m\nŹródło: mapa miasta (stan 2021)\nMapa miasta: Kowieńska - Letnia, codziennie, całodobowo\nAutobusy w szczycie: 3.0/h (rozkład ZTM 21.10.2026)", "id": "3fe6ddaa81", "status": "", "uwagi": "", "_umap_options": {"color": "#e08a00", "weight": 5, "opacity": 0.9}}}, {"type": "Feature", "geometry": {"type": "MultiLineString", "coordinates": [[[21.03764, 52.26713], [21.03765, 52.26695], [21.03778, 52.26657]], [[21.03775, 52.26694], [21.03769, 52.26685], [21.03757, 52.26692]]]}, "properties": {"name": "11 Listopada → południe", "description": "Kierunek jazdy: **południe**\nDługość: 62 m\nŹródło: mapa miasta (stan 2021)\nMapa miasta: Starzyńskiego - Kamienna, codziennie, całodobowo\nAutobusy w szczycie: 10.0/h (rozkład ZTM 21.10.2026)", "id": "2eaa7f10fb", "status": "", "uwagi": "", "_umap_options": {"color": "#e08a00", "weight": 5, "opacity": 0.9}}}, {"type": "Feature", "geometry": {"type": "MultiLineString", "coordinates": [[[21.03806, 52.26261], [21.03824, 52.26306]], [[21.03803, 52.26277], [21.03815, 52.26283], [21.03821, 52.26274]]]}, "properties": {"name": "11 Listopada → północ", "description": "Kierunek jazdy: **północ**\nDługość: 51 m\nŹródło: OpenStreetMap, mapa miasta (stan 2021)\nMapa miasta: Kowieńska - Letnia, codziennie, całodobowo\nAutobusy w szczycie: 3.0/h (rozkład ZTM 21.10.2026)", "id": "d33226d7f6", "status": "", "uwagi": "", "_umap_options": {"color": "#1f63d1", "weight": 5, "opacity": 0.9}}}, {"type": "Feature", "geometry": {"type": "MultiLineString", "coordinates": [[[21.03815, 52.26325], [21.03853, 52.26429]], [[21.03823, 52.2637], [21.03834, 52.26377], [21.03841, 52.26368]]]}, "properties": {"name": "11 Listopada → północ", "description": "Kierunek jazdy: **północ**\nDługość: 119 m\nŹródło: OpenStreetMap, mapa miasta (stan 2021)\nMapa miasta: Kowieńska - Letnia, codziennie, całodobowo\nAutobusy w szczycie: 3.0/h (rozkład ZTM 21.10.2026)", "id": "e5a5037316", "status": "", "uwagi": "", "_umap_options": {"color": "#1f63d1", "weight": 5, "opacity": 0.9}}}, {"type": "Feature", "geometry": {"type": "MultiLineString", "coordinates": [[[21.03862, 52.26469], [21.03855, 52.26491]], [[21.03852, 52.26471], [21.03858, 52.2648], [21.0387, 52.26473]]]}, "properties": {"name": "11 Listopada → północ", "description": "Kierunek jazdy: **północ**\nDługość: 25 m\nŹródło: OpenStreetMap, mapa miasta (stan 2021)\nMapa miasta: Kowieńska - Letnia, codziennie, całodobowo\nAutobusy w szczycie: 3.0/h (rozkład ZTM 21.10.2026)", "id": "b6d68de3f6", "status": "", "uwagi": "", "_umap_options": {"color": "#1f63d1", "weight": 5, "opacity": 0.9}}}, {"type": "Feature", "geometry": {"type": "MultiLineString", "coordinates": [[[21.03778, 52.26657], [21.0384, 52.26449], [21.03841, 52.2643]], [[21.038, 52.26613], [21.03793, 52.26604], [21.03782, 52.26611]], [[21.03831, 52.26507], [21.03825, 52.26498], [21.03813, 52.26505]]]}, "properties": {"name": "11 Listopada → południe", "description": "Kierunek jazdy: **południe**\nDługość: 257 m\nŹródło: OpenStreetMap, mapa miasta (stan 2021)\nMapa miasta: Starzyńskiego - Kamienna, codziennie, całodobowo\nAutobusy w szczycie: 11.0/h (rozkład ZTM 21.10.2026)", "id": "db9f0e2953", "status": "", "uwagi": "", "_umap_options": {"color": "#1f63d1", "weight": 5, "opacity": 0.9}}}, {"type": "Feature", "geometry": {"type": "MultiLineString", "coordinates": [[[20.97453, 52.31692], [20.97457, 52.31658], [20.97455, 52.31649], [20.97449, 52.31637], [20.97429, 52.31616]], [[20.97467, 52.31659], [20.97456, 52.31652], [20.97449, 52.31661]]]}, "properties": {"name": "61 → południe", "description": "Kierunek jazdy: **południe**\nDługość: 91 m\nŹródło: mapa miasta (stan 2021)\nMapa miasta: Leliwitów - Elektronowa, dni powszednie, 6-10\nAutobusy w szczycie: 8.0/h (rozkład ZTM 21.10.2026)", "id": "0886a5cb65", "status": "", "uwagi": "", "_umap_options": {"color": "#e08a00", "weight": 5, "opacity": 0.9}}}, {"type": "Feature", "geometry": {"type": "MultiLineString", "coordinates": [[[20.95618, 52.21441], [20.95663, 52.21458], [20.95734, 52.21491]], [[20.95662, 52.21464], [20.95678, 52.21464], [20.95673, 52.21455]]]}, "properties": {"name": "7 → płn.-wschód", "description": "Kierunek jazdy: **płn.-wschód**\nDługość: 97 m\nŹródło: mapa miasta (stan 2021)\nMapa miasta: Łopuszańska - Dw. Zachodni, dni powszednie, 6-20\nAutobusy w szczycie: 52.0/h (rozkład ZTM 21.10.2026)", "id": "724f5a1466", "status": "", "uwagi": "", "_umap_options": {"color": "#e08a00", "weight": 5, "opacity": 0.9}}}, {"type": "Feature", "geometry": {"type": "MultiLineString", "coordinates": [[[20.98066, 52.28074], [20.97539, 52.27815]], [[20.98013, 52.28041], [20.97997, 52.2804], [20.98002, 52.2805]], [[20.97876, 52.27974], [20.97859, 52.27973], [20.97864, 52.27982]], [[20.97738, 52.27907], [20.97722, 52.27906], [20.97726, 52.27915]], [[20.97601, 52.27839], [20.97585, 52.27838], [20.9759, 52.27847]]]}, "properties": {"name": "Aleja Armii Krajowej → płd.-zachód", "description": "Kierunek jazdy: **płd.-zachód**\nDługość: 461 m\nŹródło: mapa miasta (stan 2021)\nMapa miasta: Gwiaździsta - Mickiewicza, codziennie, całodobowo\nAutobusy w szczycie: 42.0/h (rozkład ZTM 21.10.2026)", "id": "2c37968df0", "status": "", "uwagi": "", "_umap_options": {"color": "#e08a00", "weight": 5, "opacity": 0.9}}}, {"type": "Feature", "geometry": {"type": "MultiLineString", "coordinates": [[[20.9757, 52.278], [20.97876, 52.27954]], [[20.97621, 52.27834], [20.97637, 52.27835], [20.97633, 52.27825]], [[20.97757, 52.27903], [20.97773, 52.27903], [20.97769, 52.27894]]]}, "properties": {"name": "Aleja Armii Krajowej → płn.-wschód", "description": "Kierunek jazdy: **płn.-wschód**\nDługość: 270 m\nŹródło: mapa miasta (stan 2021)\nMapa miasta: Gdańska - Mickiewicza, codziennie, całodobowo\nAutobusy w szczycie: 41.5/h (rozkład ZTM 21.10.2026)", "id": "3571296c25", "status": "", "uwagi": "", "_umap_options": {"color": "#e08a00", "weight": 5, "opacity": 0.9}}}, {"type": "Feature", "geometry": {"type": "MultiLineString", "coordinates": [[[20.98258, 52.28168], [20.98196, 52.28137]], [[20.98243, 52.28153], [20.98227, 52.28152], [20.98231, 52.28162]]]}, "properties": {"name": "Aleja Armii Krajowej → płd.-zachód", "description": "Kierunek jazdy: **płd.-zachód**\nDługość: 55 m\nŹródło: OpenStreetMap\nMapa miasta: Gwiaździsta - Mickiewicza, codziennie, całodobowo\nAutobusy w szczycie: 42.0/h (rozkład ZTM 21.10.2026)", "id": "6446289fe7", "status": "", "uwagi": "", "_umap_options": {"color": "#0f9b8e", "weight": 5, "opacity": 0.9}}}, {"type": "Feature", "geometry": {"type": "MultiLineString", "coordinates": [[[20.97876, 52.27954], [20.98219, 52.28117], [20.98352, 52.28173]], [[20.9793, 52.27987], [20.97946, 52.27987], [20.97941, 52.27978]], [[20.98069, 52.28053], [20.98085, 52.28053], [20.9808, 52.28044]], [[20.98208, 52.28119], [20.98224, 52.28119], [20.98219, 52.2811]]]}, "properties": {"name": "Aleja Armii Krajowej → płn.-wschód", "description": "Kierunek jazdy: **płn.-wschód**\nDługość: 406 m\nŹródło: OpenStreetMap\nAutobusy w szczycie: 41.5/h (rozkład ZTM 21.10.2026)", "id": "1de7baec9a", "status": "", "uwagi": "", "_umap_options": {"color": "#0f9b8e", "weight": 5, "opacity": 0.9}}}, {"type": "Feature", "geometry": {"type": "MultiLineString", "coordinates": [[[20.98542, 52.2826], [20.9867, 52.28319]], [[20.9859, 52.28289], [20.98606, 52.2829], [20.98601, 52.2828]]]}, "properties": {"name": "Aleja Armii Krajowej → płn.-wschód", "description": "Kierunek jazdy: **płn.-wschód**\nDługość: 109 m\nŹródło: OpenStreetMap\nAutobusy w szczycie: 41.5/h (rozkład ZTM 21.10.2026)", "id": "ad5ad848e6", "status": "", "uwagi": "", "_umap_options": {"color": "#0f9b8e", "weight": 5, "opacity": 0.9}}}, {"type": "Feature", "geometry": {"type": "MultiLineString", "coordinates": [[[20.98196, 52.28137], [20.98066, 52.28074]], [[20.98147, 52.28106], [20.98131, 52.28105], [20.98136, 52.28115]]]}, "properties": {"name": "Aleja Armii Krajowej → płd.-zachód", "description": "Kierunek jazdy: **płd.-zachód**\nDługość: 113 m\nŹródło: OpenStreetMap, mapa miasta (stan 2021)\nMapa miasta: Gwiaździsta - Mickiewicza, codziennie, całodobowo\nAutobusy w szczycie: 42.0/h (rozkład ZTM 21.10.2026)", "id": "1fe5d3431b", "status": "", "uwagi": "", "_umap_options": {"color": "#1f63d1", "weight": 5, "opacity": 0.9}}}, {"type": "Feature", "geometry": {"type": "MultiLineString", "coordinates": [[[20.97445, 52.27735], [20.9757, 52.278]], [[20.97491, 52.27767], [20.97507, 52.27768], [20.97503, 52.27758]]]}, "properties": {"name": "Aleja Armii Krajowej → płn.-wschód", "description": "Kierunek jazdy: **płn.-wschód**\nDługość: 112 m\nŹródło: OpenStreetMap, mapa miasta (stan 2021)\nMapa miasta: Gdańska - Mickiewicza, codziennie, całodobowo\nAutobusy w szczycie: 41.5/h (rozkład ZTM 21.10.2026)", "id": "f3c9231017", "status": "", "uwagi": "", "_umap_options": {"color": "#1f63d1", "weight": 5, "opacity": 0.9}}}, {"type": "Feature", "geometry": {"type": "MultiLineString", "coordinates": [[[21.01488, 52.2173], [21.01402, 52.21727], [21.0131, 52.2173], [21.01151, 52.21728], [21.00844, 52.21739], [21.00719, 52.2174]], [[21.01414, 52.21722], [21.01401, 52.21727], [21.01414, 52.21733]], [[21.01238, 52.21724], [21.01225, 52.2173], [21.01239, 52.21735]], [[21.01063, 52.21726], [21.0105, 52.21732], [21.01064, 52.21737]], [[21.00887, 52.21732], [21.00875, 52.21738], [21.00888, 52.21743]]]}, "properties": {"name": "Aleja Armii Ludowej → zachód", "description": "Kierunek jazdy: **zachód**\nDługość: 526 m\nŹródło: mapa miasta (stan 2021)\nMapa miasta: Ostrobramska - Grójecka, codziennie, całodobowo\nAutobusy w szczycie: 34.5/h (rozkład ZTM 21.10.2026)", "id": "cbbd1b036a", "status": "", "uwagi": "", "_umap_options": {"color": "#e08a00", "weight": 5, "opacity": 0.9}}}, {"type": "Feature", "geometry": {"type": "MultiLineString", "coordinates": [[[21.01651, 52.21746], [21.01604, 52.21738], [21.01553, 52.21733]], [[21.01618, 52.21735], [21.01603, 52.21738], [21.01613, 52.21745]]]}, "properties": {"name": "Aleja Armii Ludowej → zachód", "description": "Kierunek jazdy: **zachód**\nDługość: 70 m\nŹródło: mapa miasta (stan 2021)\nMapa miasta: Ostrobramska - Grójecka, codziennie, całodobowo\nAutobusy w szczycie: 72.5/h (rozkład ZTM 21.10.2026)", "id": "335ba1f3c8", "status": "", "uwagi": "", "_umap_options": {"color": "#e08a00", "weight": 5, "opacity": 0.9}}}, {"type": "Feature", "geometry": {"type": "MultiLineString", "coordinates": [[[21.03128, 52.22091], [21.0284, 52.22019]], [[21.03062, 52.22069], [21.03046, 52.22071], [21.03055, 52.22079]], [[21.029, 52.22028], [21.02884, 52.2203], [21.02893, 52.22038]]]}, "properties": {"name": "Aleja Armii Ludowej → płd.-zachód", "description": "Kierunek jazdy: **płd.-zachód**\nDługość: 212 m\nŹródło: mapa miasta (stan 2021)\nMapa miasta: Ostrobramska - Grójecka, codziennie, całodobowo\nAutobusy w szczycie: 71.5/h (rozkład ZTM 21.10.2026)", "id": "4e1328d9fd", "status": "", "uwagi": "", "_umap_options": {"color": "#e08a00", "weight": 5, "opacity": 0.9}}}, {"type": "Feature", "geometry": {"type": "MultiLineString", "coordinates": [[[21.0046, 52.21707], [21.00697, 52.2172], [21.00829, 52.21722], [21.01173, 52.21709], [21.01233, 52.217], [21.01452, 52.21681], [21.01492, 52.2168]], [[21.00534, 52.21717], [21.00548, 52.21712], [21.00535, 52.21706]], [[21.00709, 52.21726], [21.00723, 52.21721], [21.0071, 52.21715]], [[21.00886, 52.21726], [21.00898, 52.2172], [21.00885, 52.21715]], [[21.01061, 52.2172], [21.01074, 52.21714], [21.0106, 52.21709]], [[21.01235, 52.21705], [21.01247, 52.21699], [21.01233, 52.21694]], [[21.01409, 52.2169], [21.01421, 52.21684], [21.01406, 52.21679]]]}, "properties": {"name": "Aleja Armii Ludowej → wschód", "description": "Kierunek jazdy: **wschód**\nDługość: 709 m\nŹródło: mapa miasta (stan 2021)\nMapa miasta: Szczęśliwicka - Kanał Gocławski, codziennie, całodobowo\nAutobusy w szczycie: 34.0/h (rozkład ZTM 21.10.2026)", "id": "68731caf58", "status": "", "uwagi": "", "_umap_options": {"color": "#e08a00", "weight": 5, "opacity": 0.9}}}, {"type": "Feature", "geometry": {"type": "MultiLineString", "coordinates": [[[21.01562, 52.2169], [21.0162, 52.21704]], [[21.01576, 52.21698], [21.01591, 52.21696], [21.01583, 52.21688]]]}, "properties": {"name": "Aleja Armii Ludowej → płn.-wschód", "description": "Kierunek jazdy: **płn.-wschód**\nDługość: 43 m\nŹródło: mapa miasta (stan 2021)\nMapa miasta: Szczęśliwicka - Kanał Gocławski, codziennie, całodobowo\nAutobusy w szczycie: 69.0/h (rozkład ZTM 21.10.2026)", "id": "4ff45db25f", "status": "", "uwagi": "", "_umap_options": {"color": "#e08a00", "weight": 5, "opacity": 0.9}}}, {"type": "Feature", "geometry": {"type": "MultiLineString", "coordinates": [[[21.02351, 52.21878], [21.02456, 52.21904]], [[21.02388, 52.21893], [21.02403, 52.21891], [21.02395, 52.21883]]]}, "properties": {"name": "Aleja Armii Ludowej → płn.-wschód", "description": "Kierunek jazdy: **płn.-wschód**\nDługość: 77 m\nŹródło: mapa miasta (stan 2021)\nMapa miasta: Szczęśliwicka - Kanał Gocławski, codziennie, całodobowo\nAutobusy w szczycie: 71.0/h (rozkład ZTM 21.10.2026)", "id": "8c15caec8e", "status": "", "uwagi": "", "_umap_options": {"color": "#e08a00", "weight": 5, "opacity": 0.9}}}, {"type": "Feature", "geometry": {"type": "MultiLineString", "coordinates": [[[21.00719, 52.2174], [21.00458, 52.21725]], [[21.00645, 52.21731], [21.00631, 52.21736], [21.00644, 52.21742]]]}, "properties": {"name": "Aleja Armii Ludowej → zachód", "description": "Kierunek jazdy: **zachód**\nDługość: 179 m\nŹródło: OpenStreetMap, mapa miasta (stan 2021)\nMapa miasta: Ostrobramska - Grójecka, codziennie, całodobowo\nAutobusy w szczycie: 34.5/h (rozkład ZTM 21.10.2026)", "id": "9e89558d67", "status": "", "uwagi": "", "_umap_options": {"color": "#1f63d1", "weight": 5, "opacity": 0.9}}}, {"type": "Feature", "geometry": {"type": "MultiLineString", "coordinates": [[[21.0284, 52.22019], [21.02051, 52.21824], [21.01879, 52.21788], [21.01814, 52.21779], [21.01651, 52.21746]], [[21.02774, 52.21997], [21.02758, 52.21999], [21.02767, 52.22007]], [[21.02611, 52.21957], [21.02595, 52.21959], [21.02604, 52.21967]], [[21.02449, 52.21916], [21.02433, 52.21918], [21.02442, 52.21926]], [[21.02286, 52.21876], [21.0227, 52.21878], [21.02279, 52.21886]], [[21.02122, 52.21836], [21.02107, 52.21838], [21.02116, 52.21846]], [[21.01957, 52.21799], [21.01941, 52.21802], [21.01951, 52.2181]], [[21.01789, 52.21767], [21.01773, 52.2177], [21.01783, 52.21778]]]}, "properties": {"name": "Aleja Armii Ludowej → zachód", "description": "Kierunek jazdy: **zachód**\nDługość: 868 m\nŹródło: OpenStreetMap, mapa miasta (stan 2021)\nMapa miasta: Ostrobramska - Grójecka, codziennie, całodobowo\nAutobusy w szczycie: 72.5/h (rozkład ZTM 21.10.2026)", "id": "d0739dc131", "status": "", "uwagi": "", "_umap_options": {"color": "#1f63d1", "weight": 5, "opacity": 0.9}}}, {"type": "Feature", "geometry": {"type": "MultiLineString", "coordinates": [[[21.03926, 52.22312], [21.03797, 52.22264], [21.03712, 52.22238], [21.03128, 52.22091]], [[21.03866, 52.22283], [21.0385, 52.22284], [21.03857, 52.22293]], [[21.03711, 52.22231], [21.03695, 52.22233], [21.03704, 52.22242]], [[21.03548, 52.2219], [21.03533, 52.22192], [21.03541, 52.22201]], [[21.03386, 52.22149], [21.0337, 52.22152], [21.03379, 52.2216]], [[21.03223, 52.22109], [21.03207, 52.22111], [21.03216, 52.22119]]]}, "properties": {"name": "Aleja Armii Ludowej → płd.-zachód", "description": "Kierunek jazdy: **płd.-zachód**\nDługość: 599 m\nŹródło: OpenStreetMap, mapa miasta (stan 2021)\nMapa miasta: Ostrobramska - Grójecka, codziennie, całodobowo\nAutobusy w szczycie: 71.5/h (rozkład ZTM 21.10.2026)", "id": "2e7355ca6b", "status": "", "uwagi": "", "_umap_options": {"color": "#1f63d1", "weight": 5, "opacity": 0.9}}}, {"type": "Feature", "geometry": {"type": "MultiLineString", "coordinates": [[[21.0162, 52.21704], [21.01845, 52.21753], [21.01892, 52.21767], [21.02015, 52.21795], [21.02351, 52.21878]], [[21.01687, 52.21724], [21.01703, 52.21721], [21.01693, 52.21713]], [[21.01851, 52.21761], [21.01867, 52.2176], [21.01859, 52.21751]], [[21.02015, 52.21801], [21.0203, 52.21799], [21.02022, 52.21791]], [[21.02178, 52.21841], [21.02193, 52.21839], [21.02185, 52.21831]]]}, "properties": {"name": "Aleja Armii Ludowej → płn.-wschód", "description": "Kierunek jazdy: **płn.-wschód**\nDługość: 536 m\nŹródło: OpenStreetMap, mapa miasta (stan 2021)\nMapa miasta: Szczęśliwicka - Kanał Gocławski, codziennie, całodobowo\nAutobusy w szczycie: 71.0/h (rozkład ZTM 21.10.2026)", "id": "82516debdf", "status": "", "uwagi": "", "_umap_options": {"color": "#1f63d1", "weight": 5, "opacity": 0.9}}}, {"type": "Feature", "geometry": {"type": "MultiLineString", "coordinates": [[[21.02456, 52.21904], [21.0373, 52.22223], [21.03801, 52.22246], [21.03933, 52.22295]], [[21.02522, 52.21926], [21.02537, 52.21924], [21.02529, 52.21916]], [[21.02685, 52.21967], [21.027, 52.21965], [21.02692, 52.21956]], [[21.02847, 52.22008], [21.02862, 52.22006], [21.02854, 52.21998]], [[21.0301, 52.22049], [21.03025, 52.22047], [21.03017, 52.22038]], [[21.03173, 52.22089], [21.03188, 52.22087], [21.0318, 52.22078]], [[21.03335, 52.2213], [21.03351, 52.22127], [21.03342, 52.22119]], [[21.03498, 52.2217], [21.03514, 52.22168], [21.03505, 52.2216]], [[21.03661, 52.22211], [21.03676, 52.22209], [21.03668, 52.22201]], [[21.03817, 52.22258], [21.03833, 52.22258], [21.03826, 52.22249]]]}, "properties": {"name": "Aleja Armii Ludowej → płn.-wschód", "description": "Kierunek jazdy: **płn.-wschód**\nDługość: 1099 m\nŹródło: OpenStreetMap, mapa miasta (stan 2021)\nMapa miasta: Szczęśliwicka - Kanał Gocławski, codziennie, całodobowo\nAutobusy w szczycie: 71.0/h (rozkład ZTM 21.10.2026)", "id": "ee33c085fb", "status": "", "uwagi": "", "_umap_options": {"color": "#1f63d1", "weight": 5, "opacity": 0.9}}}, {"type": "Feature", "geometry": {"type": "MultiLineString", "coordinates": [[[21.04603, 52.18911], [21.04591, 52.18821], [21.0457, 52.1858], [21.04544, 52.18442], [21.0452, 52.18277], [21.04456, 52.17975], [21.04433, 52.17881], [21.04391, 52.17513]], [[21.04606, 52.18865], [21.04596, 52.18857], [21.04588, 52.18866]], [[21.04595, 52.18757], [21.04585, 52.18749], [21.04577, 52.18758]], [[21.04587, 52.18649], [21.04577, 52.18642], [21.04568, 52.1865]], [[21.04572, 52.18542], [21.04561, 52.18534], [21.04554, 52.18543]], [[21.04553, 52.18435], [21.04542, 52.18427], [21.04534, 52.18435]], [[21.04537, 52.18327], [21.04526, 52.18319], [21.04518, 52.18328]], [[21.04516, 52.1822], [21.04505, 52.18212], [21.04498, 52.18221]], [[21.04493, 52.18113], [21.04483, 52.18105], [21.04475, 52.18114]], [[21.04472, 52.18006], [21.04461, 52.17998], [21.04454, 52.18007]], [[21.04446, 52.17899], [21.04436, 52.17892], [21.04428, 52.179]], [[21.04431, 52.17792], [21.04421, 52.17784], [21.04413, 52.17792]], [[21.04421, 52.17684], [21.04411, 52.17676], [21.04403, 52.17685]], [[21.04409, 52.17576], [21.04399, 52.17569], [21.0439, 52.17577]]]}, "properties": {"name": "Aleja Generała Władysława Sikorskiego → południe", "description": "Kierunek jazdy: **południe**\nDługość: 1563 m\nŹródło: komunikat ZDM / zgłoszenie\nOtwarty: 2022-01-10\nUwagi: DO WERYFIKACJI: źródło nie podaje kierunku — przyjęto oba\nAutobusy w szczycie: 44.0/h (rozkład ZTM 21.10.2026)", "id": "69b6981597", "status": "", "uwagi": "", "_umap_options": {"color": "#7b45c9", "weight": 5, "opacity": 0.9}}}, {"type": "Feature", "geometry": {"type": "MultiLineString", "coordinates": [[[21.04647, 52.1904], [21.04614, 52.18963]], [[21.04642, 52.19008], [21.0463, 52.19002], [21.04624, 52.19011]]]}, "properties": {"name": "Aleja Generała Władysława Sikorskiego → południe", "description": "Kierunek jazdy: **południe**\nDługość: 88 m\nŹródło: komunikat ZDM / zgłoszenie\nOtwarty: 2022-01-10\nUwagi: DO WERYFIKACJI: źródło nie podaje kierunku — przyjęto oba\nAutobusy w szczycie: 19.5/h (rozkład ZTM 21.10.2026)", "id": "dff34e95d5", "status": "", "uwagi": "", "_umap_options": {"color": "#7b45c9", "weight": 5, "opacity": 0.9}}}, {"type": "Feature", "geometry": {"type": "MultiLineString", "coordinates": [[[21.04448, 52.17502], [21.04475, 52.17749], [21.04531, 52.18114], [21.04564, 52.18298], [21.04633, 52.18778], [21.04643, 52.18817], [21.0471, 52.1899]], [[21.04444, 52.17548], [21.04454, 52.17555], [21.04463, 52.17547]], [[21.04455, 52.17655], [21.04465, 52.17663], [21.04473, 52.17655]], [[21.04468, 52.17763], [21.04479, 52.17771], [21.04487, 52.17762]], [[21.04485, 52.17871], [21.04495, 52.17878], [21.04503, 52.17869]], [[21.04501, 52.17978], [21.04511, 52.17986], [21.04519, 52.17977]], [[21.04517, 52.18085], [21.04528, 52.18093], [21.04536, 52.18084]], [[21.04536, 52.18193], [21.04547, 52.182], [21.04554, 52.18192]], [[21.04555, 52.183], [21.04566, 52.18307], [21.04574, 52.18299]], [[21.0457, 52.18407], [21.0458, 52.18415], [21.04588, 52.18406]], [[21.04585, 52.18515], [21.04596, 52.18522], [21.04604, 52.18514]], [[21.04601, 52.18622], [21.04611, 52.1863], [21.04619, 52.18621]], [[21.04616, 52.1873], [21.04626, 52.18737], [21.04635, 52.18729]], [[21.04641, 52.18837], [21.04653, 52.18844], [21.04659, 52.18835]], [[21.04681, 52.18942], [21.04693, 52.18949], [21.04699, 52.1894]]]}, "properties": {"name": "Aleja Generała Władysława Sikorskiego → północ", "description": "Kierunek jazdy: **północ**\nDługość: 1668 m\nŹródło: komunikat ZDM / zgłoszenie\nOtwarty: 2022-01-10\nUwagi: DO WERYFIKACJI: źródło nie podaje kierunku — przyjęto oba\nAutobusy w szczycie: 46.0/h (rozkład ZTM 21.10.2026)", "id": "518ee96462", "status": "", "uwagi": "", "_umap_options": {"color": "#7b45c9", "weight": 5, "opacity": 0.9}}}, {"type": "Feature", "geometry": {"type": "MultiLineString", "coordinates": [[[21.04614, 52.18963], [21.04603, 52.18911]], [[21.04618, 52.18945], [21.04607, 52.18937], [21.046, 52.18946]]]}, "properties": {"name": "Aleja Generała Władysława Sikorskiego → południe", "description": "Kierunek jazdy: **południe**\nDługość: 59 m\nŹródło: OpenStreetMap, komunikat ZDM / zgłoszenie\nOtwarty: 2022-01-10\nUwagi: DO WERYFIKACJI: źródło nie podaje kierunku — przyjęto oba\nAutobusy w szczycie: 19.5/h (rozkład ZTM 21.10.2026)", "id": "2573925def", "status": "", "uwagi": "", "_umap_options": {"color": "#1f63d1", "weight": 5, "opacity": 0.9}}}, {"type": "Feature", "geometry": {"type": "MultiLineString", "coordinates": [[[21.00639, 52.21349], [21.00628, 52.21386]], [[21.00627, 52.21359], [21.00634, 52.21368], [21.00645, 52.21361]]]}, "properties": {"name": "Aleja Niepodległości → północ", "description": "Kierunek jazdy: **północ**\nDługość: 42 m\nŹródło: mapa miasta (stan 2021)\nMapa miasta: Batorego - Trasa Łazienkowska, dni powszednie, 7-9 i 14-18\nAutobusy w szczycie: 11.0/h (rozkład ZTM 21.10.2026)", "id": "e37a347c81", "status": "", "uwagi": "", "_umap_options": {"color": "#e08a00", "weight": 5, "opacity": 0.9}}}, {"type": "Feature", "geometry": {"type": "MultiLineString", "coordinates": [[[21.00628, 52.21386], [21.00578, 52.21552], [21.00576, 52.21569]], [[21.00605, 52.2143], [21.00612, 52.21439], [21.00623, 52.21432]], [[21.00573, 52.21536], [21.0058, 52.21545], [21.00591, 52.21538]]]}, "properties": {"name": "Aleja Niepodległości → północ", "description": "Kierunek jazdy: **północ**\nDługość: 207 m\nŹródło: OpenStreetMap, mapa miasta (stan 2021)\nMapa miasta: Batorego - Trasa Łazienkowska, dni powszednie, 7-9 i 14-18\nAutobusy w szczycie: 11.0/h (rozkład ZTM 21.10.2026)", "id": "c5959168c2", "status": "", "uwagi": "", "_umap_options": {"color": "#1f63d1", "weight": 5, "opacity": 0.9}}}, {"type": "Feature", "geometry": {"type": "MultiLineString", "coordinates": [[[21.00729, 52.21064], [21.00639, 52.21349]], [[21.00706, 52.21108], [21.00713, 52.21117], [21.00725, 52.2111]], [[21.00672, 52.21214], [21.00679, 52.21223], [21.00691, 52.21216]], [[21.00639, 52.2132], [21.00645, 52.21329], [21.00657, 52.21322]]]}, "properties": {"name": "Aleja Niepodległości → północ", "description": "Kierunek jazdy: **północ**\nDługość: 323 m\nŹródło: OpenStreetMap, mapa miasta (stan 2021)\nMapa miasta: Batorego - Trasa Łazienkowska, dni powszednie, 7-9 i 14-18\nAutobusy w szczycie: 11.0/h (rozkład ZTM 21.10.2026)", "id": "157184c39e", "status": "", "uwagi": "", "_umap_options": {"color": "#1f63d1", "weight": 5, "opacity": 0.9}}}, {"type": "Feature", "geometry": {"type": "MultiLineString", "coordinates": [[[21.0662, 52.20458], [21.06563, 52.20478], [21.06527, 52.20494], [21.06452, 52.20536]], [[21.0655, 52.20477], [21.06545, 52.20486], [21.06561, 52.20486]]]}, "properties": {"name": "Aleja Polski Walczącej → płn.-zachód", "description": "Kierunek jazdy: **płn.-zachód**\nDługość: 145 m\nŹródło: mapa miasta (stan 2021)\nMapa miasta: Batalionu AK \"Bałtyk\" - Zwierzyniecka, codziennie, całodobowo\nAutobusy w szczycie: 8.0/h (rozkład ZTM 21.10.2026)", "id": "c342d49550", "status": "", "uwagi": "", "_umap_options": {"color": "#e08a00", "weight": 5, "opacity": 0.9}}}, {"type": "Feature", "geometry": {"type": "MultiLineString", "coordinates": [[[21.05516, 52.20763], [21.05713, 52.20784]], [[21.05587, 52.20777], [21.05602, 52.20773], [21.05591, 52.20766]]]}, "properties": {"name": "Aleja Polski Walczącej → wschód", "description": "Kierunek jazdy: **wschód**\nDługość: 137 m\nŹródło: mapa miasta (stan 2021)\nMapa miasta: Melomanów - Batalionu AK \"Bałtyk\", codziennie, całodobowo\nAutobusy w szczycie: 8.0/h (rozkład ZTM 21.10.2026)", "id": "2226551847", "status": "", "uwagi": "", "_umap_options": {"color": "#e08a00", "weight": 5, "opacity": 0.9}}}, {"type": "Feature", "geometry": {"type": "MultiLineString", "coordinates": [[[21.06332, 52.20574], [21.06404, 52.20529], [21.06503, 52.20479]], [[21.06391, 52.20545], [21.06394, 52.20536], [21.06378, 52.20537]]]}, "properties": {"name": "Aleja Polski Walczącej → płd.-wschód", "description": "Kierunek jazdy: **płd.-wschód**\nDługość: 157 m\nŹródło: mapa miasta (stan 2021)\nMapa miasta: Melomanów - Batalionu AK \"Bałtyk\", codziennie, całodobowo\nAutobusy w szczycie: 8.0/h (rozkład ZTM 21.10.2026)", "id": "a45e05ad48", "status": "", "uwagi": "", "_umap_options": {"color": "#e08a00", "weight": 5, "opacity": 0.9}}}, {"type": "Feature", "geometry": {"type": "MultiLineString", "coordinates": [[[21.05235, 52.20763], [21.0512, 52.20752]], [[21.05192, 52.20753], [21.05177, 52.20758], [21.05189, 52.20765]]]}, "properties": {"name": "Aleja Polski Walczącej → zachód", "description": "Kierunek jazdy: **zachód**\nDługość: 80 m\nŹródło: OpenStreetMap\nAutobusy w szczycie: 8.0/h (rozkład ZTM 21.10.2026)", "id": "09e6c7a36c", "status": "", "uwagi": "", "_umap_options": {"color": "#0f9b8e", "weight": 5, "opacity": 0.9}}}, {"type": "Feature", "geometry": {"type": "MultiLineString", "coordinates": [[[21.05292, 52.20765], [21.05236, 52.2076]], [[21.05278, 52.20758], [21.05264, 52.20762], [21.05276, 52.20769]]]}, "properties": {"name": "Aleja Polski Walczącej → zachód", "description": "Kierunek jazdy: **zachód**\nDługość: 38 m\nŹródło: OpenStreetMap, mapa miasta (stan 2021)\nMapa miasta: Batalionu AK \"Bałtyk\" - Zwierzyniecka, codziennie, całodobowo\nAutobusy w szczycie: 8.0/h (rozkład ZTM 21.10.2026)", "id": "d92a940f38", "status": "", "uwagi": "", "_umap_options": {"color": "#1f63d1", "weight": 5, "opacity": 0.9}}}, {"type": "Feature", "geometry": {"type": "MultiLineString", "coordinates": [[[20.96258, 52.31172], [20.96032, 52.31089], [20.95877, 52.31028], [20.95806, 52.30999], [20.95702, 52.30951]], [[20.96198, 52.31144], [20.96182, 52.31144], [20.96189, 52.31153]], [[20.96047, 52.31088], [20.96031, 52.31089], [20.96038, 52.31098]], [[20.95899, 52.3103], [20.95883, 52.31031], [20.95889, 52.3104]], [[20.95755, 52.30969], [20.95739, 52.30968], [20.95744, 52.30978]]]}, "properties": {"name": "Aleja Pułkownika Ryszarda Kuklińskiego → płd.-zachód", "description": "Kierunek jazdy: **płd.-zachód**\nDługość: 451 m\nŹródło: mapa miasta (stan 2021)\nMapa miasta: Świderska - Myśliborska, codziennie, całodobowo\nAutobusy w szczycie: 9.5/h (rozkład ZTM 21.10.2026)", "id": "ac63cc01bd", "status": "", "uwagi": "", "_umap_options": {"color": "#e08a00", "weight": 5, "opacity": 0.9}}}, {"type": "Feature", "geometry": {"type": "MultiLineString", "coordinates": [[[21.069, 52.16761], [21.06884, 52.1681]], [[21.06886, 52.16776], [21.06892, 52.16785], [21.06904, 52.16778]]]}, "properties": {"name": "Aleja Rzeczypospolitej → północ", "description": "Kierunek jazdy: **północ**\nDługość: 56 m\nŹródło: OpenStreetMap\nAutobusy w szczycie: 4.0/h (rozkład ZTM 21.10.2026)", "id": "52f1c2d100", "status": "", "uwagi": "", "_umap_options": {"color": "#0f9b8e", "weight": 5, "opacity": 0.9}}}, {"type": "Feature", "geometry": {"type": "MultiLineString", "coordinates": [[[21.08148, 52.23969], [21.07875, 52.23607]], [[21.08125, 52.23925], [21.08111, 52.2392], [21.08109, 52.2393]], [[21.08051, 52.23828], [21.08037, 52.23823], [21.08034, 52.23832]], [[21.07977, 52.2373], [21.07963, 52.23725], [21.0796, 52.23735]], [[21.07904, 52.23632], [21.0789, 52.23627], [21.07887, 52.23636]]]}, "properties": {"name": "Aleja Stanów Zjednoczonych → płd.-zachód", "description": "Kierunek jazdy: **płd.-zachód**\nDługość: 445 m\nŹródło: OpenStreetMap\nAutobusy w szczycie: 27.0/h (rozkład ZTM 21.10.2026)", "id": "abd1c451df", "status": "", "uwagi": "", "_umap_options": {"color": "#0f9b8e", "weight": 5, "opacity": 0.9}}}, {"type": "Feature", "geometry": {"type": "MultiLineString", "coordinates": [[[21.08326, 52.24208], [21.08278, 52.24144]], [[21.08316, 52.24181], [21.08302, 52.24176], [21.08299, 52.24186]]]}, "properties": {"name": "Aleja Stanów Zjednoczonych → płd.-zachód", "description": "Kierunek jazdy: **płd.-zachód**\nDługość: 78 m\nŹródło: OpenStreetMap\nAutobusy w szczycie: 27.5/h (rozkład ZTM 21.10.2026)", "id": "5b2bec4015", "status": "", "uwagi": "", "_umap_options": {"color": "#0f9b8e", "weight": 5, "opacity": 0.9}}}, {"type": "Feature", "geometry": {"type": "MultiLineString", "coordinates": [[[21.07456, 52.23241], [21.07542, 52.23289]], [[21.07482, 52.23265], [21.07498, 52.23266], [21.07494, 52.23256]]]}, "properties": {"name": "Aleja Stanów Zjednoczonych → płn.-wschód", "description": "Kierunek jazdy: **płn.-wschód**\nDługość: 79 m\nŹródło: OpenStreetMap\nAutobusy w szczycie: 63.5/h (rozkład ZTM 21.10.2026)", "id": "c751a06212", "status": "", "uwagi": "", "_umap_options": {"color": "#0f9b8e", "weight": 5, "opacity": 0.9}}}, {"type": "Feature", "geometry": {"type": "MultiLineString", "coordinates": [[[21.08128, 52.23881], [21.08179, 52.23949]], [[21.0814, 52.2391], [21.08154, 52.23915], [21.08157, 52.23905]]]}, "properties": {"name": "Aleja Stanów Zjednoczonych → płn.-wschód", "description": "Kierunek jazdy: **płn.-wschód**\nDługość: 84 m\nŹródło: OpenStreetMap\nAutobusy w szczycie: 26.5/h (rozkład ZTM 21.10.2026)", "id": "a9910c2af2", "status": "", "uwagi": "", "_umap_options": {"color": "#0f9b8e", "weight": 5, "opacity": 0.9}}}, {"type": "Feature", "geometry": {"type": "MultiLineString", "coordinates": [[[21.08334, 52.24155], [21.0845, 52.24311], [21.08467, 52.24345], [21.08481, 52.24389]], [[21.08357, 52.242], [21.08371, 52.24205], [21.08373, 52.24195]], [[21.0843, 52.24297], [21.08444, 52.24303], [21.08447, 52.24293]]]}, "properties": {"name": "Aleja Stanów Zjednoczonych → północ", "description": "Kierunek jazdy: **północ**\nDługość: 279 m\nŹródło: OpenStreetMap\nAutobusy w szczycie: 26.5/h (rozkład ZTM 21.10.2026)", "id": "133264ed28", "status": "", "uwagi": "", "_umap_options": {"color": "#0f9b8e", "weight": 5, "opacity": 0.9}}}, {"type": "Feature", "geometry": {"type": "MultiLineString", "coordinates": [[[21.0761, 52.23375], [21.0742, 52.23257], [21.07288, 52.2318], [21.07195, 52.23138], [21.07064, 52.23097], [21.06943, 52.23053], [21.0684, 52.23021], [21.06365, 52.22895], [21.05878, 52.22758], [21.0559, 52.22686], [21.05506, 52.22667]], [[21.07564, 52.23338], [21.07548, 52.23336], [21.0755, 52.23346]], [[21.0744, 52.23261], [21.07425, 52.23259], [21.07427, 52.23269]], [[21.07313, 52.23186], [21.07297, 52.23185], [21.07302, 52.23195]], [[21.07168, 52.23124], [21.07152, 52.23125], [21.0716, 52.23134]], [[21.07014, 52.23073], [21.06998, 52.23073], [21.07004, 52.23083]], [[21.06859, 52.2302], [21.06843, 52.23022], [21.06851, 52.23031]], [[21.06698, 52.22977], [21.06682, 52.22979], [21.0669, 52.22988]], [[21.06537, 52.22934], [21.06521, 52.22936], [21.0653, 52.22945]], [[21.06376, 52.22891], [21.0636, 52.22893], [21.06368, 52.22902]], [[21.06217, 52.22846], [21.06201, 52.22847], [21.06209, 52.22856]], [[21.06057, 52.22801], [21.06041, 52.22803], [21.06049, 52.22811]], [[21.05896, 52.22757], [21.0588, 52.22759], [21.05889, 52.22767]], [[21.05734, 52.22715], [21.05718, 52.22717], [21.05727, 52.22725]], [[21.0557, 52.22675], [21.05555, 52.22678], [21.05564, 52.22686]]]}, "properties": {"name": "Aleja Stanów Zjednoczonych → płd.-zachód", "description": "Kierunek jazdy: **płd.-zachód**\nDługość: 1657 m\nŹródło: OpenStreetMap, mapa miasta (stan 2021)\nMapa miasta: Ostrobramska - Grójecka, codziennie, całodobowo\nAutobusy w szczycie: 75.5/h (rozkład ZTM 21.10.2026)", "id": "8619711936", "status": "", "uwagi": "", "_umap_options": {"color": "#1f63d1", "weight": 5, "opacity": 0.9}}}, {"type": "Feature", "geometry": {"type": "MultiLineString", "coordinates": [[[21.05537, 52.22654], [21.05722, 52.227], [21.06829, 52.22988], [21.06877, 52.23], [21.07042, 52.23031], [21.07098, 52.23044], [21.07159, 52.23066], [21.07228, 52.231], [21.07456, 52.23241]], [[21.05603, 52.22676], [21.05618, 52.22674], [21.0561, 52.22666]], [[21.05765, 52.22717], [21.05781, 52.22715], [21.05772, 52.22707]], [[21.05927, 52.2276], [21.05942, 52.22757], [21.05934, 52.22749]], [[21.06088, 52.22802], [21.06104, 52.228], [21.06095, 52.22791]], [[21.06251, 52.22843], [21.06266, 52.22841], [21.06258, 52.22832]], [[21.06412, 52.22886], [21.06428, 52.22884], [21.06419, 52.22875]], [[21.06573, 52.22928], [21.06589, 52.22926], [21.06581, 52.22918]], [[21.06735, 52.2297], [21.06751, 52.22968], [21.06742, 52.2296]], [[21.06899, 52.2301], [21.06915, 52.23007], [21.06905, 52.22999]], [[21.07066, 52.23042], [21.07082, 52.2304], [21.07073, 52.23032]], [[21.07211, 52.23099], [21.07227, 52.231], [21.07224, 52.2309]], [[21.07336, 52.23174], [21.07352, 52.23176], [21.07349, 52.23166]]]}, "properties": {"name": "Aleja Stanów Zjednoczonych → płn.-wschód", "description": "Kierunek jazdy: **płn.-wschód**\nDługość: 1480 m\nŹródło: OpenStreetMap, mapa miasta (stan 2021)\nMapa miasta: Szczęśliwicka - Kanał Gocławski, codziennie, całodobowo\nAutobusy w szczycie: 72.5/h (rozkład ZTM 21.10.2026)", "id": "eb0409220a", "status": "", "uwagi": "", "_umap_options": {"color": "#1f63d1", "weight": 5, "opacity": 0.9}}}, {"type": "Feature", "geometry": {"type": "MultiLineString", "coordinates": [[[21.06978, 52.16948], [21.06833, 52.16982], [21.06782, 52.16991]], [[21.06905, 52.1696], [21.06896, 52.16968], [21.06911, 52.1697]]]}, "properties": {"name": "Aleja Wilanowska → zachód", "description": "Kierunek jazdy: **zachód**\nDługość: 142 m\nŹródło: mapa miasta (stan 2021)\nMapa miasta: rejon skrzyżowania z ul. Sobieskiego, codziennie, całodobowo\nAutobusy w szczycie: 26.5/h (rozkład ZTM 21.10.2026)", "id": "2ddeb4026e", "status": "", "uwagi": "", "_umap_options": {"color": "#e08a00", "weight": 5, "opacity": 0.9}}}, {"type": "Feature", "geometry": {"type": "MultiLineString", "coordinates": [[[21.05195, 52.23849], [21.05165, 52.23871], [21.05139, 52.23901], [21.04758, 52.24684], [21.04749, 52.24714], [21.04748, 52.24749]], [[21.05144, 52.23883], [21.05146, 52.23893], [21.0516, 52.23888]], [[21.05088, 52.23986], [21.05093, 52.23996], [21.05106, 52.2399]], [[21.05038, 52.2409], [21.05043, 52.24099], [21.05055, 52.24093]], [[21.04987, 52.24193], [21.04992, 52.24202], [21.05005, 52.24196]], [[21.04937, 52.24296], [21.04942, 52.24306], [21.04955, 52.243]], [[21.04887, 52.244], [21.04892, 52.24409], [21.04904, 52.24403]], [[21.04836, 52.24503], [21.04841, 52.24512], [21.04854, 52.24506]], [[21.04786, 52.24606], [21.04791, 52.24616], [21.04803, 52.2461]], [[21.0474, 52.24712], [21.04749, 52.2472], [21.04758, 52.24712]]]}, "properties": {"name": "Aleja Zieleniecka → północ", "description": "Kierunek jazdy: **północ**\nDługość: 1055 m\nŹródło: komunikat ZDM / zgłoszenie\nOtwarty: 2026-10-01\nUwagi: DO WERYFIKACJI: zakres odcinka nieznany — przyjęto całą al. Zieleniecką (rondo Waszyngtona → Targowa)\nAutobusy w szczycie: 21.5/h (rozkład ZTM 21.10.2026)", "id": "73a6baf8a6", "status": "", "uwagi": "", "_umap_options": {"color": "#7b45c9", "weight": 5, "opacity": 0.9}}}, {"type": "Feature", "geometry": {"type": "MultiLineString", "coordinates": [[[21.00312, 52.24526], [21.00269, 52.24513], [21.00127, 52.24454], [20.99961, 52.24399]], [[21.00252, 52.24499], [21.00236, 52.24499], [21.00242, 52.24508]], [[21.00104, 52.2444], [21.00088, 52.24442], [21.00095, 52.2445]]]}, "properties": {"name": "Aleja „Solidarności” → płd.-zachód", "description": "Kierunek jazdy: **płd.-zachód**\nDługość: 278 m\nŹródło: mapa miasta (stan 2021)\nMapa miasta: Krynoliny - Andersa, codziennie, całodobowo\nAutobusy w szczycie: 12.0/h (rozkład ZTM 21.10.2026)", "id": "7c930caccc", "status": "", "uwagi": "", "_umap_options": {"color": "#e08a00", "weight": 5, "opacity": 0.9}}}, {"type": "Feature", "geometry": {"type": "MultiLineString", "coordinates": [[[21.02884, 52.25234], [21.02867, 52.25218]], [[21.0289, 52.2523], [21.02875, 52.25226], [21.02875, 52.25236]]]}, "properties": {"name": "Aleja „Solidarności” → płd.-zachód", "description": "Kierunek jazdy: **płd.-zachód**\nDługość: 20 m\nŹródło: mapa miasta (stan 2021)\nMapa miasta: Krynoliny - Andersa, codziennie, całodobowo\nAutobusy w szczycie: 10.0/h (rozkład ZTM 21.10.2026)", "id": "e07313341d", "status": "", "uwagi": "", "_umap_options": {"color": "#e08a00", "weight": 5, "opacity": 0.9}}}, {"type": "Feature", "geometry": {"type": "MultiLineString", "coordinates": [[[21.03493, 52.25488], [21.03437, 52.25476], [21.03421, 52.2547], [21.03354, 52.25441], [21.03305, 52.25416], [21.0325, 52.25393], [21.03212, 52.25373], [21.03075, 52.25314]], [[21.03429, 52.25466], [21.03413, 52.25466], [21.03418, 52.25476]], [[21.03288, 52.25402], [21.03272, 52.25402], [21.03277, 52.25411]], [[21.03147, 52.25338], [21.03131, 52.25338], [21.03136, 52.25347]]]}, "properties": {"name": "Aleja „Solidarności” → płd.-zachód", "description": "Kierunek jazdy: **płd.-zachód**\nDługość: 345 m\nŹródło: mapa miasta (stan 2021)\nMapa miasta: Krynoliny - Andersa, codziennie, całodobowo\nAutobusy w szczycie: 19.0/h (rozkład ZTM 21.10.2026)", "id": "6928521884", "status": "", "uwagi": "", "_umap_options": {"color": "#e08a00", "weight": 5, "opacity": 0.9}}}, {"type": "Feature", "geometry": {"type": "MultiLineString", "coordinates": [[[21.04709, 52.26019], [21.04644, 52.2599]], [[21.04693, 52.26004], [21.04677, 52.26004], [21.04682, 52.26014]]]}, "properties": {"name": "Aleja „Solidarności” → płd.-zachód", "description": "Kierunek jazdy: **płd.-zachód**\nDługość: 55 m\nŹródło: mapa miasta (stan 2021)\nMapa miasta: Krynoliny - Andersa, codziennie, całodobowo\nAutobusy w szczycie: 22.0/h (rozkład ZTM 21.10.2026)", "id": "ffdef58036", "status": "", "uwagi": "", "_umap_options": {"color": "#e08a00", "weight": 5, "opacity": 0.9}}}, {"type": "Feature", "geometry": {"type": "MultiLineString", "coordinates": [[[21.04969, 52.26132], [21.04831, 52.26073]], [[21.04916, 52.26102], [21.049, 52.26102], [21.04905, 52.26112]]]}, "properties": {"name": "Aleja „Solidarności” → płd.-zachód", "description": "Kierunek jazdy: **płd.-zachód**\nDługość: 115 m\nŹródło: mapa miasta (stan 2021)\nMapa miasta: Krynoliny - Andersa, codziennie, całodobowo\nAutobusy w szczycie: 18.0/h (rozkład ZTM 21.10.2026)", "id": "7e9795aefe", "status": "", "uwagi": "", "_umap_options": {"color": "#e08a00", "weight": 5, "opacity": 0.9}}}, {"type": "Feature", "geometry": {"type": "MultiLineString", "coordinates": [[[21.05637, 52.26445], [21.05567, 52.264], [21.05485, 52.26357], [21.05283, 52.26269]], [[21.05592, 52.26408], [21.05576, 52.26406], [21.05579, 52.26416]], [[21.05457, 52.26338], [21.0544, 52.26338], [21.05446, 52.26347]], [[21.05313, 52.26276], [21.05297, 52.26275], [21.05303, 52.26285]]]}, "properties": {"name": "Aleja „Solidarności” → płd.-zachód", "description": "Kierunek jazdy: **płd.-zachód**\nDługość: 313 m\nŹródło: mapa miasta (stan 2021)\nMapa miasta: Krynoliny - Andersa, codziennie, całodobowo\nAutobusy w szczycie: 17.5/h (rozkład ZTM 21.10.2026)", "id": "4e432609df", "status": "", "uwagi": "", "_umap_options": {"color": "#e08a00", "weight": 5, "opacity": 0.9}}}, {"type": "Feature", "geometry": {"type": "MultiLineString", "coordinates": [[[20.98043, 52.23693], [20.98223, 52.23773], [20.98508, 52.23893], [20.98723, 52.23966]], [[20.98099, 52.23723], [20.98115, 52.23724], [20.9811, 52.23714]], [[20.9824, 52.23787], [20.98257, 52.23787], [20.98251, 52.23778]], [[20.98385, 52.23849], [20.98401, 52.23848], [20.98396, 52.23839]], [[20.98532, 52.23909], [20.98548, 52.23908], [20.98541, 52.23899]], [[20.98687, 52.2396], [20.98703, 52.23959], [20.98696, 52.2395]]]}, "properties": {"name": "Aleja „Solidarności” → płn.-wschód", "description": "Kierunek jazdy: **płn.-wschód**\nDługość: 556 m\nŹródło: mapa miasta (stan 2021)\nMapa miasta: Okopowa - Jagiellońska, codziennie, 6-20\nAutobusy w szczycie: 16.0/h (rozkład ZTM 21.10.2026)", "id": "ab17fb1eaf", "status": "", "uwagi": "", "_umap_options": {"color": "#e08a00", "weight": 5, "opacity": 0.9}}}, {"type": "Feature", "geometry": {"type": "MultiLineString", "coordinates": [[[20.99205, 52.24124], [20.99278, 52.24143], [20.99337, 52.24162], [20.99418, 52.24195], [20.99868, 52.24343], [21.00105, 52.24418]], [[20.99269, 52.24146], [20.99285, 52.24145], [20.99278, 52.24136]], [[20.9942, 52.24202], [20.99436, 52.242], [20.99429, 52.24192]], [[20.99575, 52.24252], [20.99591, 52.24251], [20.99584, 52.24242]], [[20.9973, 52.24304], [20.99745, 52.24303], [20.99738, 52.24294]], [[20.99884, 52.24355], [20.999, 52.24354], [20.99893, 52.24345]], [[21.0004, 52.24405], [21.00056, 52.24404], [21.00049, 52.24395]]]}, "properties": {"name": "Aleja „Solidarności” → płn.-wschód", "description": "Kierunek jazdy: **płn.-wschód**\nDługość: 697 m\nŹródło: mapa miasta (stan 2021)\nMapa miasta: Okopowa - Jagiellońska, codziennie, 6-20\nAutobusy w szczycie: 12.0/h (rozkład ZTM 21.10.2026)", "id": "db40eb4253", "status": "", "uwagi": "", "_umap_options": {"color": "#e08a00", "weight": 5, "opacity": 0.9}}}, {"type": "Feature", "geometry": {"type": "MultiLineString", "coordinates": [[[21.00125, 52.24422], [21.00204, 52.24441], [21.00295, 52.24467], [21.00319, 52.24476]], [[21.0019, 52.24444], [21.00206, 52.24442], [21.00198, 52.24433]]]}, "properties": {"name": "Aleja „Solidarności” → płn.-wschód", "description": "Kierunek jazdy: **płn.-wschód**\nDługość: 146 m\nŹródło: mapa miasta (stan 2021)\nMapa miasta: Okopowa - Jagiellońska, codziennie, całodobowo\nAutobusy w szczycie: 3.0/h (rozkład ZTM 21.10.2026)", "id": "19076e29cf", "status": "", "uwagi": "", "_umap_options": {"color": "#e08a00", "weight": 5, "opacity": 0.9}}}, {"type": "Feature", "geometry": {"type": "MultiLineString", "coordinates": [[[21.02873, 52.25213], [21.029, 52.25217], [21.02928, 52.25226]], [[21.02886, 52.2522], [21.02902, 52.25218], [21.02892, 52.2521]]]}, "properties": {"name": "Aleja „Solidarności” → płn.-wschód", "description": "Kierunek jazdy: **płn.-wschód**\nDługość: 39 m\nŹródło: mapa miasta (stan 2021)\nMapa miasta: Okopowa - Jagiellońska, codziennie, całodobowo\nAutobusy w szczycie: 6.0/h (rozkład ZTM 21.10.2026)", "id": "e6c59dd465", "status": "", "uwagi": "", "_umap_options": {"color": "#e08a00", "weight": 5, "opacity": 0.9}}}, {"type": "Feature", "geometry": {"type": "MultiLineString", "coordinates": [[[21.03057, 52.25281], [21.03097, 52.25301]], [[21.03061, 52.2529], [21.03077, 52.25291], [21.03072, 52.25282]]]}, "properties": {"name": "Aleja „Solidarności” → płn.-wschód", "description": "Kierunek jazdy: **płn.-wschód**\nDługość: 34 m\nŹródło: mapa miasta (stan 2021)\nMapa miasta: Okopowa - Jagiellońska, codziennie, całodobowo\nAutobusy w szczycie: 10.0/h (rozkład ZTM 21.10.2026)", "id": "6afafd493a", "status": "", "uwagi": "", "_umap_options": {"color": "#e08a00", "weight": 5, "opacity": 0.9}}}, {"type": "Feature", "geometry": {"type": "MultiLineString", "coordinates": [[[21.01882, 52.24796], [21.01692, 52.24715], [21.01641, 52.24698], [21.01594, 52.24688], [21.01531, 52.24681], [21.01292, 52.24669], [21.01179, 52.2466], [21.00629, 52.24602], [21.006, 52.24602], [21.00476, 52.2459], [21.00437, 52.24581], [21.00422, 52.24575], [21.00311, 52.24525]], [[21.01826, 52.24765], [21.0181, 52.24765], [21.01815, 52.24774]], [[21.0168, 52.24704], [21.01664, 52.24705], [21.01671, 52.24714]], [[21.01509, 52.24674], [21.01495, 52.24679], [21.01507, 52.24686]], [[21.01334, 52.24666], [21.0132, 52.24671], [21.01332, 52.24677]], [[21.0116, 52.24653], [21.01145, 52.24657], [21.01157, 52.24664]], [[21.00987, 52.24635], [21.00972, 52.24639], [21.00984, 52.24646]], [[21.00814, 52.24616], [21.00799, 52.2462], [21.0081, 52.24627]], [[21.0064, 52.24597], [21.00626, 52.24602], [21.00638, 52.24608]], [[21.00469, 52.24582], [21.00453, 52.24585], [21.00462, 52.24593]]]}, "properties": {"name": "Aleja „Solidarności” → zachód", "description": "Kierunek jazdy: **zachód**\nDługość: 1138 m\nŹródło: OpenStreetMap, mapa miasta (stan 2021)\nMapa miasta: Krynoliny - Andersa, codziennie, całodobowo\nAutobusy w szczycie: 16.0/h (rozkład ZTM 21.10.2026)", "id": "aadb096667", "status": "", "uwagi": "", "_umap_options": {"color": "#1f63d1", "weight": 5, "opacity": 0.9}}}, {"type": "Feature", "geometry": {"type": "MultiLineString", "coordinates": [[[21.02869, 52.2522], [21.02503, 52.25063]], [[21.02813, 52.25189], [21.02797, 52.25189], [21.02802, 52.25198]], [[21.02669, 52.25127], [21.02653, 52.25127], [21.02658, 52.25136]], [[21.02525, 52.25065], [21.02508, 52.25065], [21.02514, 52.25074]]]}, "properties": {"name": "Aleja „Solidarności” → płd.-zachód", "description": "Kierunek jazdy: **płd.-zachód**\nDługość: 304 m\nŹródło: OpenStreetMap, mapa miasta (stan 2021)\nMapa miasta: Krynoliny - Andersa, codziennie, całodobowo\nAutobusy w szczycie: 10.0/h (rozkład ZTM 21.10.2026)", "id": "6f53096c58", "status": "", "uwagi": "", "_umap_options": {"color": "#1f63d1", "weight": 5, "opacity": 0.9}}}, {"type": "Feature", "geometry": {"type": "MultiLineString", "coordinates": [[[21.04644, 52.2599], [21.03491, 52.25488]], [[21.04588, 52.25959], [21.04572, 52.25959], [21.04578, 52.25968]], [[21.04445, 52.25896], [21.04429, 52.25896], [21.04435, 52.25905]], [[21.04302, 52.25834], [21.04286, 52.25834], [21.04291, 52.25843]], [[21.04159, 52.25771], [21.04143, 52.25771], [21.04148, 52.2578]], [[21.04015, 52.25709], [21.03999, 52.25709], [21.04005, 52.25718]], [[21.03872, 52.25646], [21.03856, 52.25646], [21.03861, 52.25655]], [[21.03729, 52.25584], [21.03713, 52.25584], [21.03718, 52.25593]], [[21.03586, 52.25521], [21.0357, 52.25521], [21.03575, 52.2553]]]}, "properties": {"name": "Aleja „Solidarności” → płd.-zachód", "description": "Kierunek jazdy: **płd.-zachód**\nDługość: 965 m\nŹródło: OpenStreetMap, mapa miasta (stan 2021)\nMapa miasta: Krynoliny - Andersa, codziennie, całodobowo\nAutobusy w szczycie: 22.0/h (rozkład ZTM 21.10.2026)", "id": "29bf6750ec", "status": "", "uwagi": "", "_umap_options": {"color": "#1f63d1", "weight": 5, "opacity": 0.9}}}, {"type": "Feature", "geometry": {"type": "MultiLineString", "coordinates": [[[21.04831, 52.26073], [21.04709, 52.26019]], [[21.04786, 52.26046], [21.0477, 52.26046], [21.04775, 52.26056]]]}, "properties": {"name": "Aleja „Solidarności” → płd.-zachód", "description": "Kierunek jazdy: **płd.-zachód**\nDługość: 102 m\nŹródło: OpenStreetMap, mapa miasta (stan 2021)\nMapa miasta: Krynoliny - Andersa, codziennie, całodobowo\nAutobusy w szczycie: 18.0/h (rozkład ZTM 21.10.2026)", "id": "6cb9c94c68", "status": "", "uwagi": "", "_umap_options": {"color": "#1f63d1", "weight": 5, "opacity": 0.9}}}, {"type": "Feature", "geometry": {"type": "MultiLineString", "coordinates": [[[21.05283, 52.26269], [21.04969, 52.26132]], [[21.05227, 52.26238], [21.05211, 52.26238], [21.05216, 52.26247]], [[21.05084, 52.26175], [21.05068, 52.26175], [21.05073, 52.26185]]]}, "properties": {"name": "Aleja „Solidarności” → płd.-zachód", "description": "Kierunek jazdy: **płd.-zachód**\nDługość: 263 m\nŹródło: OpenStreetMap, mapa miasta (stan 2021)\nMapa miasta: Krynoliny - Andersa, codziennie, całodobowo\nAutobusy w szczycie: 18.0/h (rozkład ZTM 21.10.2026)", "id": "0724817344", "status": "", "uwagi": "", "_umap_options": {"color": "#1f63d1", "weight": 5, "opacity": 0.9}}}, {"type": "Feature", "geometry": {"type": "MultiLineString", "coordinates": [[[20.98723, 52.23966], [20.99205, 52.24124]], [[20.98784, 52.23993], [20.988, 52.23992], [20.98792, 52.23983]], [[20.98939, 52.24044], [20.98955, 52.24043], [20.98948, 52.24034]], [[20.99094, 52.24095], [20.9911, 52.24094], [20.99103, 52.24085]]]}, "properties": {"name": "Aleja „Solidarności” → płn.-wschód", "description": "Kierunek jazdy: **płn.-wschód**\nDługość: 373 m\nŹródło: OpenStreetMap, mapa miasta (stan 2021)\nMapa miasta: Okopowa - Jagiellońska, codziennie, 6-20\nAutobusy w szczycie: 10.0/h (rozkład ZTM 21.10.2026)", "id": "5988aa8f40", "status": "", "uwagi": "", "_umap_options": {"color": "#1f63d1", "weight": 5, "opacity": 0.9}}}, {"type": "Feature", "geometry": {"type": "MultiLineString", "coordinates": [[[21.00318, 52.24476], [21.00412, 52.24497], [21.00427, 52.24502], [21.00581, 52.24577], [21.00632, 52.24595], [21.01181, 52.24653], [21.01293, 52.24662], [21.01532, 52.24674], [21.01597, 52.24681], [21.01646, 52.24692], [21.01698, 52.24708], [21.01889, 52.2479]], [[21.00385, 52.24497], [21.00401, 52.24494], [21.00391, 52.24486]], [[21.00525, 52.24557], [21.00541, 52.24558], [21.00537, 52.24548]], [[21.00683, 52.24606], [21.00698, 52.24602], [21.00687, 52.24595]], [[21.00856, 52.24625], [21.00871, 52.24621], [21.0086, 52.24614]], [[21.0103, 52.24643], [21.01044, 52.24639], [21.01033, 52.24632]], [[21.01203, 52.24661], [21.01218, 52.24657], [21.01206, 52.2465]], [[21.01379, 52.24673], [21.01392, 52.24668], [21.0138, 52.24661]], [[21.01553, 52.24681], [21.01567, 52.24677], [21.01556, 52.2467]], [[21.0171, 52.24721], [21.01727, 52.24721], [21.01721, 52.24711]], [[21.01854, 52.24782], [21.0187, 52.24782], [21.01865, 52.24773]]]}, "properties": {"name": "Aleja „Solidarności” → wschód", "description": "Kierunek jazdy: **wschód**\nDługość: 1154 m\nŹródło: OpenStreetMap, mapa miasta (stan 2021)\nMapa miasta: Okopowa - Jagiellońska, codziennie, całodobowo\nAutobusy w szczycie: 13.0/h (rozkład ZTM 21.10.2026)", "id": "6f5173e143", "status": "", "uwagi": "", "_umap_options": {"color": "#1f63d1", "weight": 5, "opacity": 0.9}}}, {"type": "Feature", "geometry": {"type": "MultiLineString", "coordinates": [[[21.0251, 52.25057], [21.02875, 52.25214]], [[21.02566, 52.25088], [21.02582, 52.25088], [21.02577, 52.25078]], [[21.0271, 52.2515], [21.02726, 52.2515], [21.02721, 52.2514]], [[21.02854, 52.25212], [21.0287, 52.25211], [21.02865, 52.25202]]]}, "properties": {"name": "Aleja „Solidarności” → płn.-wschód", "description": "Kierunek jazdy: **płn.-wschód**\nDługość: 304 m\nŹródło: OpenStreetMap, mapa miasta (stan 2021)\nMapa miasta: Okopowa - Jagiellońska, codziennie, całodobowo\nAutobusy w szczycie: 10.0/h (rozkład ZTM 21.10.2026)", "id": "b0839d7f8d", "status": "", "uwagi": "", "_umap_options": {"color": "#1f63d1", "weight": 5, "opacity": 0.9}}}, {"type": "Feature", "geometry": {"type": "MultiLineString", "coordinates": [[[20.99742, 52.2269], [20.99567, 52.22654]], [[20.99673, 52.22671], [20.99658, 52.22674], [20.99668, 52.22681]]]}, "properties": {"name": "Aleje Jerozolimskie → zachód", "description": "Kierunek jazdy: **zachód**\nDługość: 126 m\nŹródło: mapa miasta (stan 2021)\nMapa miasta: Wisłostrada - Miedziana, dni powszednie, 7-9 i 14-18\nAutobusy w szczycie: 36.5/h (rozkład ZTM 21.10.2026)", "id": "764e14b71a", "status": "", "uwagi": "", "_umap_options": {"color": "#e08a00", "weight": 5, "opacity": 0.9}}}, {"type": "Feature", "geometry": {"type": "MultiLineString", "coordinates": [[[21.00306, 52.22817], [21.00213, 52.22801]], [[21.00275, 52.22805], [21.0026, 52.22808], [21.0027, 52.22816]]]}, "properties": {"name": "Aleje Jerozolimskie → zachód", "description": "Kierunek jazdy: **zachód**\nDługość: 67 m\nŹródło: mapa miasta (stan 2021)\nMapa miasta: Wisłostrada - Miedziana, dni powszednie, 7-9 i 14-18\nAutobusy w szczycie: 50.0/h (rozkład ZTM 21.10.2026)", "id": "c4ba154150", "status": "", "uwagi": "", "_umap_options": {"color": "#e08a00", "weight": 5, "opacity": 0.9}}}, {"type": "Feature", "geometry": {"type": "MultiLineString", "coordinates": [[[21.00716, 52.22898], [21.00528, 52.22861]], [[21.00648, 52.22879], [21.00632, 52.22882], [21.00642, 52.2289]]]}, "properties": {"name": "Aleje Jerozolimskie → zachód", "description": "Kierunek jazdy: **zachód**\nDługość: 135 m\nŹródło: mapa miasta (stan 2021)\nMapa miasta: Wisłostrada - Miedziana, dni powszednie, 7-9 i 14-18\nAutobusy w szczycie: 60.0/h (rozkład ZTM 21.10.2026)", "id": "83050b9498", "status": "", "uwagi": "", "_umap_options": {"color": "#e08a00", "weight": 5, "opacity": 0.9}}}, {"type": "Feature", "geometry": {"type": "MultiLineString", "coordinates": [[[21.01346, 52.23033], [21.0125, 52.23019], [21.01197, 52.23018]], [[21.01287, 52.23018], [21.01272, 52.23022], [21.01283, 52.23029]]]}, "properties": {"name": "Aleje Jerozolimskie → zachód", "description": "Kierunek jazdy: **zachód**\nDługość: 105 m\nŹródło: mapa miasta (stan 2021)\nMapa miasta: Wisłostrada - Miedziana, dni powszednie, 7-9 i 14-18\nAutobusy w szczycie: 50.0/h (rozkład ZTM 21.10.2026)", "id": "d3e10a94a7", "status": "", "uwagi": "", "_umap_options": {"color": "#e08a00", "weight": 5, "opacity": 0.9}}}, {"type": "Feature", "geometry": {"type": "MultiLineString", "coordinates": [[[21.01757, 52.23121], [21.01623, 52.23092]], [[21.01705, 52.23104], [21.0169, 52.23107], [21.01699, 52.23115]]]}, "properties": {"name": "Aleje Jerozolimskie → zachód", "description": "Kierunek jazdy: **zachód**\nDługość: 97 m\nŹródło: mapa miasta (stan 2021)\nMapa miasta: Wisłostrada - Miedziana, dni powszednie, 7-9 i 14-18\nAutobusy w szczycie: 50.0/h (rozkład ZTM 21.10.2026)", "id": "a1ed4717e4", "status": "", "uwagi": "", "_umap_options": {"color": "#e08a00", "weight": 5, "opacity": 0.9}}}, {"type": "Feature", "geometry": {"type": "MultiLineString", "coordinates": [[[21.02672, 52.23309], [21.02336, 52.23242], [21.02261, 52.2323], [21.02132, 52.23203], [21.02097, 52.232]], [[21.02603, 52.23291], [21.02588, 52.23294], [21.02598, 52.23301]], [[21.02437, 52.23257], [21.02421, 52.23259], [21.02431, 52.23267]], [[21.02269, 52.23226], [21.02253, 52.23228], [21.02263, 52.23236]]]}, "properties": {"name": "Aleje Jerozolimskie → zachód", "description": "Kierunek jazdy: **zachód**\nDługość: 413 m\nŹródło: mapa miasta (stan 2021)\nMapa miasta: Wisłostrada - Miedziana, dni powszednie, 7-9 i 14-18\nAutobusy w szczycie: 26.5/h (rozkład ZTM 21.10.2026)", "id": "ffff9fd7d7", "status": "", "uwagi": "", "_umap_options": {"color": "#e08a00", "weight": 5, "opacity": 0.9}}}, {"type": "Feature", "geometry": {"type": "MultiLineString", "coordinates": [[[20.93194, 52.19828], [20.93247, 52.19864]], [[20.93205, 52.19844], [20.9322, 52.19846], [20.93218, 52.19836]]]}, "properties": {"name": "Aleje Jerozolimskie → płn.-wschód", "description": "Kierunek jazdy: **płn.-wschód**\nDługość: 55 m\nŹródło: mapa miasta (stan 2021)\nMapa miasta: Łopuszańska - Dw. Zachodni, dni powszednie, 6-20\nAutobusy w szczycie: 17.0/h (rozkład ZTM 21.10.2026)", "id": "b3bac0817a", "status": "", "uwagi": "", "_umap_options": {"color": "#e08a00", "weight": 5, "opacity": 0.9}}}, {"type": "Feature", "geometry": {"type": "MultiLineString", "coordinates": [[[20.93246, 52.19864], [20.93298, 52.19888], [20.93351, 52.19921], [20.93629, 52.20102]], [[20.93298, 52.19896], [20.93314, 52.19898], [20.93311, 52.19888]], [[20.93419, 52.19974], [20.93434, 52.19976], [20.93432, 52.19966]], [[20.9354, 52.20052], [20.93555, 52.20054], [20.93553, 52.20045]]]}, "properties": {"name": "Aleje Jerozolimskie → płn.-wschód", "description": "Kierunek jazdy: **płn.-wschód**\nDługość: 372 m\nŹródło: mapa miasta (stan 2021)\nMapa miasta: Łopuszańska - Dw. Zachodni, dni powszednie, 6-20\nAutobusy w szczycie: 17.0/h (rozkład ZTM 21.10.2026)", "id": "e1a0547034", "status": "", "uwagi": "", "_umap_options": {"color": "#e08a00", "weight": 5, "opacity": 0.9}}}, {"type": "Feature", "geometry": {"type": "MultiLineString", "coordinates": [[[20.93247, 52.19864], [20.93928, 52.20316]], [[20.93291, 52.19902], [20.93306, 52.19904], [20.93304, 52.19894]], [[20.9341, 52.19981], [20.93425, 52.19983], [20.93423, 52.19973]], [[20.93529, 52.2006], [20.93544, 52.20062], [20.93542, 52.20053]], [[20.93648, 52.2014], [20.93664, 52.20142], [20.93661, 52.20132]], [[20.93767, 52.20219], [20.93783, 52.20221], [20.93781, 52.20211]], [[20.93887, 52.20298], [20.93903, 52.203], [20.939, 52.2029]]]}, "properties": {"name": "Aleje Jerozolimskie → płn.-wschód", "description": "Kierunek jazdy: **płn.-wschód**\nDługość: 685 m\nŹródło: mapa miasta (stan 2021)\nMapa miasta: Łopuszańska - Dw. Zachodni, dni powszednie, 6-20\nAutobusy w szczycie: 0.0/h (rozkład ZTM 21.10.2026)", "id": "ac49412614", "status": "", "uwagi": "", "_umap_options": {"color": "#e08a00", "weight": 5, "opacity": 0.9}}}, {"type": "Feature", "geometry": {"type": "MultiLineString", "coordinates": [[[20.93656, 52.20121], [20.93857, 52.20256], [20.93929, 52.20316]], [[20.93699, 52.20159], [20.93715, 52.20161], [20.93712, 52.20151]], [[20.93818, 52.20238], [20.93834, 52.2024], [20.93832, 52.2023]]]}, "properties": {"name": "Aleje Jerozolimskie → płn.-wschód", "description": "Kierunek jazdy: **płn.-wschód**\nDługość: 287 m\nŹródło: mapa miasta (stan 2021)\nMapa miasta: Łopuszańska - Dw. Zachodni, dni powszednie, 6-20\nAutobusy w szczycie: 33.5/h (rozkład ZTM 21.10.2026)", "id": "49ac724a0a", "status": "", "uwagi": "", "_umap_options": {"color": "#e08a00", "weight": 5, "opacity": 0.9}}}, {"type": "Feature", "geometry": {"type": "MultiLineString", "coordinates": [[[20.93928, 52.20316], [20.94589, 52.20759]], [[20.93972, 52.20354], [20.93988, 52.20356], [20.93986, 52.20346]], [[20.94091, 52.20433], [20.94106, 52.20435], [20.94104, 52.20426]], [[20.94209, 52.20513], [20.94225, 52.20515], [20.94223, 52.20505]], [[20.94328, 52.20592], [20.94343, 52.20594], [20.94341, 52.20585]], [[20.94447, 52.20671], [20.94463, 52.20673], [20.94461, 52.20664]], [[20.94565, 52.20751], [20.94581, 52.20754], [20.94579, 52.20744]]]}, "properties": {"name": "Aleje Jerozolimskie → płn.-wschód", "description": "Kierunek jazdy: **płn.-wschód**\nDługość: 669 m\nŹródło: mapa miasta (stan 2021)\nMapa miasta: Łopuszańska - Dw. Zachodni, dni powszednie, 6-20\nAutobusy w szczycie: 37.5/h (rozkład ZTM 21.10.2026)", "id": "491ef153a2", "status": "", "uwagi": "", "_umap_options": {"color": "#e08a00", "weight": 5, "opacity": 0.9}}}, {"type": "Feature", "geometry": {"type": "MultiLineString", "coordinates": [[[20.94588, 52.20759], [20.94609, 52.20766], [20.94756, 52.20859], [20.95116, 52.21099], [20.95148, 52.2112], [20.95202, 52.21166]], [[20.94638, 52.20792], [20.94653, 52.20794], [20.94651, 52.20784]], [[20.94759, 52.2087], [20.94775, 52.20872], [20.94773, 52.20862]], [[20.94877, 52.20949], [20.94893, 52.20952], [20.94891, 52.20942]], [[20.94997, 52.21029], [20.95012, 52.21031], [20.9501, 52.21021]], [[20.95117, 52.21107], [20.95132, 52.2111], [20.9513, 52.211]]]}, "properties": {"name": "Aleje Jerozolimskie → płn.-wschód", "description": "Kierunek jazdy: **płn.-wschód**\nDługość: 617 m\nŹródło: mapa miasta (stan 2021)\nMapa miasta: Łopuszańska - Dw. Zachodni, dni powszednie, 6-20\nAutobusy w szczycie: 35.0/h (rozkład ZTM 21.10.2026)", "id": "a4fa7fe6ed", "status": "", "uwagi": "", "_umap_options": {"color": "#e08a00", "weight": 5, "opacity": 0.9}}}, {"type": "Feature", "geometry": {"type": "MultiLineString", "coordinates": [[[20.94589, 52.20759], [20.95075, 52.21085], [20.95202, 52.21165]], [[20.94632, 52.20797], [20.94648, 52.208], [20.94646, 52.2079]], [[20.9475, 52.20877], [20.94766, 52.2088], [20.94764, 52.2087]], [[20.94869, 52.20957], [20.94885, 52.20959], [20.94883, 52.20949]], [[20.94988, 52.21036], [20.95004, 52.21038], [20.95002, 52.21028]], [[20.95108, 52.21115], [20.95124, 52.21117], [20.95121, 52.21107]]]}, "properties": {"name": "Aleje Jerozolimskie → płn.-wschód", "description": "Kierunek jazdy: **płn.-wschód**\nDługość: 616 m\nŹródło: mapa miasta (stan 2021)\nMapa miasta: Łopuszańska - Dw. Zachodni, dni powszednie, 6-20\nAutobusy w szczycie: 7.5/h (rozkład ZTM 21.10.2026)", "id": "a4fa7fe6ed", "status": "", "uwagi": "", "_umap_options": {"color": "#e08a00", "weight": 5, "opacity": 0.9}}}, {"type": "Feature", "geometry": {"type": "MultiLineString", "coordinates": [[[20.95202, 52.21165], [20.95329, 52.21252], [20.9542, 52.2131], [20.95619, 52.21441]], [[20.95245, 52.21203], [20.95261, 52.21206], [20.95259, 52.21196]], [[20.95364, 52.21283], [20.9538, 52.21285], [20.95377, 52.21275]], [[20.95485, 52.21361], [20.955, 52.21363], [20.95498, 52.21353]]]}, "properties": {"name": "Aleje Jerozolimskie → płn.-wschód", "description": "Kierunek jazdy: **płn.-wschód**\nDługość: 419 m\nŹródło: mapa miasta (stan 2021)\nMapa miasta: Łopuszańska - Dw. Zachodni, dni powszednie, 6-20\nAutobusy w szczycie: 52.0/h (rozkład ZTM 21.10.2026)", "id": "da1e230963", "status": "", "uwagi": "", "_umap_options": {"color": "#e08a00", "weight": 5, "opacity": 0.9}}}, {"type": "Feature", "geometry": {"type": "MultiLineString", "coordinates": [[[20.95733, 52.21491], [20.96092, 52.21596]], [[20.95797, 52.21516], [20.95813, 52.21514], [20.95804, 52.21505]], [[20.95955, 52.21562], [20.95971, 52.21561], [20.95963, 52.21552]]]}, "properties": {"name": "Aleje Jerozolimskie → płn.-wschód", "description": "Kierunek jazdy: **płn.-wschód**\nDługość: 272 m\nŹródło: mapa miasta (stan 2021)\nMapa miasta: Łopuszańska - Dw. Zachodni, dni powszednie, 6-20\nAutobusy w szczycie: 52.0/h (rozkład ZTM 21.10.2026)", "id": "0a2a74a816", "status": "", "uwagi": "", "_umap_options": {"color": "#e08a00", "weight": 5, "opacity": 0.9}}}, {"type": "Feature", "geometry": {"type": "MultiLineString", "coordinates": [[[20.96168, 52.21621], [20.96411, 52.21717], [20.96505, 52.21752], [20.9669, 52.21811]], [[20.96227, 52.2165], [20.96243, 52.2165], [20.96237, 52.21641]], [[20.96374, 52.21709], [20.9639, 52.21709], [20.96384, 52.217]], [[20.96525, 52.21765], [20.96541, 52.21763], [20.96534, 52.21755]]]}, "properties": {"name": "Aleje Jerozolimskie → płn.-wschód", "description": "Kierunek jazdy: **płn.-wschód**\nDługość: 415 m\nŹródło: mapa miasta (stan 2021)\nMapa miasta: Łopuszańska - Dw. Zachodni, dni powszednie, 6-20\nAutobusy w szczycie: 73.5/h (rozkład ZTM 21.10.2026)", "id": "8afebd4793", "status": "", "uwagi": "", "_umap_options": {"color": "#e08a00", "weight": 5, "opacity": 0.9}}}, {"type": "Feature", "geometry": {"type": "MultiLineString", "coordinates": [[[20.99437, 52.22598], [20.99598, 52.22632]], [[20.99502, 52.22618], [20.99518, 52.22616], [20.99508, 52.22608]]]}, "properties": {"name": "Aleje Jerozolimskie → wschód", "description": "Kierunek jazdy: **wschód**\nDługość: 117 m\nŹródło: mapa miasta (stan 2021)\nMapa miasta: Wawelska - Bracka, dni powszednie, 7-9 i 14-18\nAutobusy w szczycie: 43.5/h (rozkład ZTM 21.10.2026)", "id": "02bc24f988", "status": "", "uwagi": "", "_umap_options": {"color": "#e08a00", "weight": 5, "opacity": 0.9}}}, {"type": "Feature", "geometry": {"type": "MultiLineString", "coordinates": [[[21.00038, 52.22728], [21.00174, 52.22741]], [[21.00092, 52.22739], [21.00106, 52.22735], [21.00094, 52.22728]]]}, "properties": {"name": "Aleje Jerozolimskie → wschód", "description": "Kierunek jazdy: **wschód**\nDługość: 94 m\nŹródło: mapa miasta (stan 2021)\nMapa miasta: Wawelska - Bracka, dni powszednie, 7-9 i 14-18\nAutobusy w szczycie: 37.5/h (rozkład ZTM 21.10.2026)", "id": "fa528cb7bf", "status": "", "uwagi": "", "_umap_options": {"color": "#e08a00", "weight": 5, "opacity": 0.9}}}, {"type": "Feature", "geometry": {"type": "MultiLineString", "coordinates": [[[21.00245, 52.22756], [21.00468, 52.22817], [21.00541, 52.22833]], [[21.00309, 52.2278], [21.00325, 52.22778], [21.00317, 52.22769]], [[21.00471, 52.22823], [21.00486, 52.22821], [21.00477, 52.22813]]]}, "properties": {"name": "Aleje Jerozolimskie → płn.-wschód", "description": "Kierunek jazdy: **płn.-wschód**\nDługość: 220 m\nŹródło: mapa miasta (stan 2021)\nMapa miasta: Wawelska - Bracka, dni powszednie, 7-9 i 14-18\nAutobusy w szczycie: 27.5/h (rozkład ZTM 21.10.2026)", "id": "a483c3fdcd", "status": "", "uwagi": "", "_umap_options": {"color": "#e08a00", "weight": 5, "opacity": 0.9}}}, {"type": "Feature", "geometry": {"type": "MultiLineString", "coordinates": [[[21.00882, 52.2291], [21.00961, 52.22926]], [[21.00906, 52.22921], [21.00921, 52.22918], [21.00912, 52.2291]]]}, "properties": {"name": "Aleje Jerozolimskie → wschód", "description": "Kierunek jazdy: **wschód**\nDługość: 57 m\nŹródło: mapa miasta (stan 2021)\nMapa miasta: Wawelska - Bracka, dni powszednie, 7-9 i 14-18\nAutobusy w szczycie: 59.5/h (rozkład ZTM 21.10.2026)", "id": "5b3fdf5f18", "status": "", "uwagi": "", "_umap_options": {"color": "#e08a00", "weight": 5, "opacity": 0.9}}}, {"type": "Feature", "geometry": {"type": "MultiLineString", "coordinates": [[[21.01069, 52.22946], [21.011, 52.22949], [21.01151, 52.22949]], [[21.01096, 52.22954], [21.0111, 52.22949], [21.01097, 52.22943]]]}, "properties": {"name": "Aleje Jerozolimskie → wschód", "description": "Kierunek jazdy: **wschód**\nDługość: 57 m\nŹródło: mapa miasta (stan 2021)\nMapa miasta: Wawelska - Bracka, dni powszednie, 7-9 i 14-18\nAutobusy w szczycie: 59.5/h (rozkład ZTM 21.10.2026)", "id": "682438d710", "status": "", "uwagi": "", "_umap_options": {"color": "#e08a00", "weight": 5, "opacity": 0.9}}}, {"type": "Feature", "geometry": {"type": "MultiLineString", "coordinates": [[[21.01521, 52.23045], [21.01648, 52.23072]], [[21.01569, 52.23061], [21.01585, 52.23058], [21.01575, 52.2305]]]}, "properties": {"name": "Aleje Jerozolimskie → wschód", "description": "Kierunek jazdy: **wschód**\nDługość: 91 m\nŹródło: mapa miasta (stan 2021)\nMapa miasta: Wawelska - Bracka, dni powszednie, 7-9 i 14-18\nAutobusy w szczycie: 48.5/h (rozkład ZTM 21.10.2026)", "id": "fee2f258ef", "status": "", "uwagi": "", "_umap_options": {"color": "#e08a00", "weight": 5, "opacity": 0.9}}}, {"type": "Feature", "geometry": {"type": "MultiLineString", "coordinates": [[[21.01767, 52.23098], [21.01877, 52.23121]], [[21.01806, 52.23113], [21.01822, 52.2311], [21.01812, 52.23102]]]}, "properties": {"name": "Aleje Jerozolimskie → wschód", "description": "Kierunek jazdy: **wschód**\nDługość: 79 m\nŹródło: mapa miasta (stan 2021)\nMapa miasta: Wawelska - Bracka, dni powszednie, 7-9 i 14-18\nAutobusy w szczycie: 48.0/h (rozkład ZTM 21.10.2026)", "id": "2049796750", "status": "", "uwagi": "", "_umap_options": {"color": "#e08a00", "weight": 5, "opacity": 0.9}}}, {"type": "Feature", "geometry": {"type": "MultiLineString", "coordinates": [[[21.03674, 52.2352], [21.03642, 52.23512]], [[21.03674, 52.23513], [21.03658, 52.23516], [21.03667, 52.23524]]]}, "properties": {"name": "Aleje Jerozolimskie → płd.-zachód", "description": "Kierunek jazdy: **płd.-zachód**\nDługość: 23 m\nŹródło: OpenStreetMap\nAutobusy w szczycie: 25.5/h (rozkład ZTM 21.10.2026)", "id": "09831beedb", "status": "", "uwagi": "", "_umap_options": {"color": "#0f9b8e", "weight": 5, "opacity": 0.9}}}, {"type": "Feature", "geometry": {"type": "MultiLineString", "coordinates": [[[20.99567, 52.22654], [20.99252, 52.22588]], [[20.99499, 52.22634], [20.99483, 52.22637], [20.99493, 52.22645]], [[20.99333, 52.22599], [20.99317, 52.22602], [20.99327, 52.2261]]]}, "properties": {"name": "Aleje Jerozolimskie → zachód", "description": "Kierunek jazdy: **zachód**\nDługość: 227 m\nŹródło: OpenStreetMap, mapa miasta (stan 2021)\nMapa miasta: Wisłostrada - Miedziana, dni powszednie, 7-9 i 14-18\nAutobusy w szczycie: 41.5/h (rozkład ZTM 21.10.2026)", "id": "24594fd598", "status": "", "uwagi": "", "_umap_options": {"color": "#1f63d1", "weight": 5, "opacity": 0.9}}}, {"type": "Feature", "geometry": {"type": "MultiLineString", "coordinates": [[[21.00148, 52.22784], [21.00037, 52.22752], [20.99741, 52.2269]], [[21.00085, 52.22759], [21.00069, 52.22761], [21.00077, 52.22769]], [[20.99919, 52.22722], [20.99904, 52.22725], [20.99913, 52.22733]]]}, "properties": {"name": "Aleje Jerozolimskie → zachód", "description": "Kierunek jazdy: **zachód**\nDługość: 298 m\nŹródło: OpenStreetMap, mapa miasta (stan 2021)\nMapa miasta: Wisłostrada - Miedziana, dni powszednie, 7-9 i 14-18\nAutobusy w szczycie: 36.5/h (rozkład ZTM 21.10.2026)", "id": "bae7d3a4f0", "status": "", "uwagi": "", "_umap_options": {"color": "#1f63d1", "weight": 5, "opacity": 0.9}}}, {"type": "Feature", "geometry": {"type": "MultiLineString", "coordinates": [[[21.00528, 52.22861], [21.00306, 52.22817]], [[21.0046, 52.22842], [21.00444, 52.22845], [21.00454, 52.22853]]]}, "properties": {"name": "Aleje Jerozolimskie → zachód", "description": "Kierunek jazdy: **zachód**\nDługość: 159 m\nŹródło: OpenStreetMap, mapa miasta (stan 2021)\nMapa miasta: Wisłostrada - Miedziana, dni powszednie, 7-9 i 14-18\nAutobusy w szczycie: 50.0/h (rozkład ZTM 21.10.2026)", "id": "c18361346b", "status": "", "uwagi": "", "_umap_options": {"color": "#1f63d1", "weight": 5, "opacity": 0.9}}}, {"type": "Feature", "geometry": {"type": "MultiLineString", "coordinates": [[[21.01119, 52.22999], [21.01085, 52.22984], [21.0102, 52.22964], [21.00934, 52.22943], [21.00716, 52.22898]], [[21.01059, 52.2297], [21.01044, 52.22972], [21.01051, 52.2298]], [[21.00896, 52.22929], [21.0088, 52.22932], [21.0089, 52.2294]]]}, "properties": {"name": "Aleje Jerozolimskie → płd.-zachód", "description": "Kierunek jazdy: **płd.-zachód**\nDługość: 300 m\nŹródło: OpenStreetMap, mapa miasta (stan 2021)\nMapa miasta: Wisłostrada - Miedziana, dni powszednie, 7-9 i 14-18\nAutobusy w szczycie: 60.0/h (rozkład ZTM 21.10.2026)", "id": "4f4fc490bb", "status": "", "uwagi": "", "_umap_options": {"color": "#1f63d1", "weight": 5, "opacity": 0.9}}}, {"type": "Feature", "geometry": {"type": "MultiLineString", "coordinates": [[[21.01623, 52.23092], [21.01456, 52.23055], [21.01346, 52.23033]], [[21.01556, 52.23071], [21.01541, 52.23073], [21.0155, 52.23081]], [[21.0139, 52.23035], [21.01375, 52.23037], [21.01384, 52.23045]]]}, "properties": {"name": "Aleje Jerozolimskie → zachód", "description": "Kierunek jazdy: **zachód**\nDługość: 200 m\nŹródło: OpenStreetMap, mapa miasta (stan 2021)\nMapa miasta: Wisłostrada - Miedziana, dni powszednie, 7-9 i 14-18\nAutobusy w szczycie: 50.0/h (rozkład ZTM 21.10.2026)", "id": "e19e61f2a2", "status": "", "uwagi": "", "_umap_options": {"color": "#1f63d1", "weight": 5, "opacity": 0.9}}}, {"type": "Feature", "geometry": {"type": "MultiLineString", "coordinates": [[[21.0204, 52.23186], [21.01992, 52.23169], [21.01813, 52.23131], [21.01757, 52.23121]], [[21.01977, 52.2316], [21.01962, 52.23162], [21.01971, 52.2317]], [[21.01811, 52.23125], [21.01796, 52.23128], [21.01806, 52.23135]]]}, "properties": {"name": "Aleje Jerozolimskie → zachód", "description": "Kierunek jazdy: **zachód**\nDługość: 208 m\nŹródło: OpenStreetMap, mapa miasta (stan 2021)\nMapa miasta: Wisłostrada - Miedziana, dni powszednie, 7-9 i 14-18\nAutobusy w szczycie: 50.0/h (rozkład ZTM 21.10.2026)", "id": "61fca6dacd", "status": "", "uwagi": "", "_umap_options": {"color": "#1f63d1", "weight": 5, "opacity": 0.9}}}, {"type": "Feature", "geometry": {"type": "MultiLineString", "coordinates": [[[21.03642, 52.23512], [21.03505, 52.2348], [21.02672, 52.23309]], [[21.03576, 52.23489], [21.03561, 52.23492], [21.0357, 52.235]], [[21.03409, 52.23455], [21.03394, 52.23458], [21.03403, 52.23466]], [[21.03243, 52.23421], [21.03227, 52.23423], [21.03237, 52.23431]], [[21.03076, 52.23386], [21.0306, 52.23389], [21.0307, 52.23397]], [[21.02909, 52.23352], [21.02894, 52.23355], [21.02903, 52.23363]], [[21.02743, 52.23318], [21.02727, 52.23321], [21.02737, 52.23329]]]}, "properties": {"name": "Aleje Jerozolimskie → zachód", "description": "Kierunek jazdy: **zachód**\nDługość: 700 m\nŹródło: OpenStreetMap, mapa miasta (stan 2021)\nMapa miasta: Wisłostrada - Miedziana, dni powszednie, 7-9 i 14-18\nAutobusy w szczycie: 26.5/h (rozkład ZTM 21.10.2026)", "id": "76ad726d5c", "status": "", "uwagi": "", "_umap_options": {"color": "#1f63d1", "weight": 5, "opacity": 0.9}}}, {"type": "Feature", "geometry": {"type": "MultiLineString", "coordinates": [[[20.9896, 52.22461], [20.9908, 52.22508], [20.99125, 52.22522], [20.99437, 52.22599]], [[20.99017, 52.22491], [20.99034, 52.2249], [20.99027, 52.22481]], [[20.99175, 52.2254], [20.99191, 52.22538], [20.99182, 52.22529]], [[20.99338, 52.2258], [20.99354, 52.22578], [20.99345, 52.22569]]]}, "properties": {"name": "Aleje Jerozolimskie → płn.-wschód", "description": "Kierunek jazdy: **płn.-wschód**\nDługość: 363 m\nŹródło: OpenStreetMap, mapa miasta (stan 2021)\nMapa miasta: Wawelska - Bracka, dni powszednie, 7-9 i 14-18\nAutobusy w szczycie: 43.5/h (rozkład ZTM 21.10.2026)", "id": "44effe1dbf", "status": "", "uwagi": "", "_umap_options": {"color": "#1f63d1", "weight": 5, "opacity": 0.9}}}, {"type": "Feature", "geometry": {"type": "MultiLineString", "coordinates": [[[20.99599, 52.22632], [20.99718, 52.2266], [21.00038, 52.22728]], [[20.99666, 52.22653], [20.99681, 52.2265], [20.99673, 52.22642]], [[20.99831, 52.2269], [20.99846, 52.22688], [20.99837, 52.2268]], [[20.99997, 52.22726], [21.00012, 52.22723], [21.00002, 52.22715]]]}, "properties": {"name": "Aleje Jerozolimskie → wschód", "description": "Kierunek jazdy: **wschód**\nDługość: 319 m\nŹródło: OpenStreetMap, mapa miasta (stan 2021)\nMapa miasta: Wawelska - Bracka, dni powszednie, 7-9 i 14-18\nAutobusy w szczycie: 37.5/h (rozkład ZTM 21.10.2026)", "id": "56fc0bd772", "status": "", "uwagi": "", "_umap_options": {"color": "#1f63d1", "weight": 5, "opacity": 0.9}}}, {"type": "Feature", "geometry": {"type": "MultiLineString", "coordinates": [[[21.00541, 52.22833], [21.00577, 52.22844], [21.00882, 52.2291]], [[21.00607, 52.22857], [21.00622, 52.22854], [21.00613, 52.22846]], [[21.00773, 52.22892], [21.00788, 52.22889], [21.00779, 52.22881]]]}, "properties": {"name": "Aleje Jerozolimskie → wschód", "description": "Kierunek jazdy: **wschód**\nDługość: 249 m\nŹródło: OpenStreetMap, mapa miasta (stan 2021)\nMapa miasta: Wawelska - Bracka, dni powszednie, 7-9 i 14-18\nAutobusy w szczycie: 59.5/h (rozkład ZTM 21.10.2026)", "id": "885a50dad2", "status": "", "uwagi": "", "_umap_options": {"color": "#1f63d1", "weight": 5, "opacity": 0.9}}}, {"type": "Feature", "geometry": {"type": "MultiLineString", "coordinates": [[[21.00961, 52.22926], [21.0107, 52.22946]], [[21.01, 52.22939], [21.01015, 52.22936], [21.01006, 52.22928]]]}, "properties": {"name": "Aleje Jerozolimskie → wschód", "description": "Kierunek jazdy: **wschód**\nDługość: 78 m\nŹródło: OpenStreetMap, mapa miasta (stan 2021)\nMapa miasta: Wawelska - Bracka, dni powszednie, 7-9 i 14-18\nAutobusy w szczycie: 59.5/h (rozkład ZTM 21.10.2026)", "id": "fb63428c78", "status": "", "uwagi": "", "_umap_options": {"color": "#1f63d1", "weight": 5, "opacity": 0.9}}}, {"type": "Feature", "geometry": {"type": "MultiLineString", "coordinates": [[[21.0123, 52.22967], [21.01266, 52.22986], [21.01298, 52.22997], [21.01521, 52.23045]], [[21.01285, 52.23], [21.01301, 52.22998], [21.01293, 52.2299]], [[21.01451, 52.23037], [21.01467, 52.23034], [21.01457, 52.23026]]]}, "properties": {"name": "Aleje Jerozolimskie → płn.-wschód", "description": "Kierunek jazdy: **płn.-wschód**\nDługość: 221 m\nŹródło: OpenStreetMap, mapa miasta (stan 2021)\nMapa miasta: Wawelska - Bracka, dni powszednie, 7-9 i 14-18\nAutobusy w szczycie: 49.5/h (rozkład ZTM 21.10.2026)", "id": "5b179ac21c", "status": "", "uwagi": "", "_umap_options": {"color": "#1f63d1", "weight": 5, "opacity": 0.9}}}, {"type": "Feature", "geometry": {"type": "MultiLineString", "coordinates": [[[21.01648, 52.23072], [21.01767, 52.23098]], [[21.01692, 52.23087], [21.01708, 52.23085], [21.01698, 52.23077]]]}, "properties": {"name": "Aleje Jerozolimskie → wschód", "description": "Kierunek jazdy: **wschód**\nDługość: 87 m\nŹródło: OpenStreetMap, mapa miasta (stan 2021)\nMapa miasta: Wawelska - Bracka, dni powszednie, 7-9 i 14-18\nAutobusy w szczycie: 48.5/h (rozkład ZTM 21.10.2026)", "id": "eeb817bbcd", "status": "", "uwagi": "", "_umap_options": {"color": "#1f63d1", "weight": 5, "opacity": 0.9}}}, {"type": "Feature", "geometry": {"type": "MultiLineString", "coordinates": [[[20.94656, 52.34982], [20.94632, 52.34995], [20.94606, 52.34999]], [[20.9464, 52.34985], [20.94634, 52.34994], [20.9465, 52.34994]]]}, "properties": {"name": "Aluzyjna → płn.-zachód", "description": "Kierunek jazdy: **płn.-zachód**\nDługość: 38 m\nŹródło: komunikat ZDM / zgłoszenie\nOtwarty: 2023-12-20\nUwagi: DO WERYFIKACJI: źródło nie podaje kierunku — przyjęto oba; \"Alkuzyjna\" w źródle = ul. Aluzyjna (literówka)\nAutobusy w szczycie: 8.0/h (rozkład ZTM 21.10.2026)", "id": "b149bbfb11", "status": "", "uwagi": "", "_umap_options": {"color": "#7b45c9", "weight": 5, "opacity": 0.9}}}, {"type": "Feature", "geometry": {"type": "MultiLineString", "coordinates": [[[21.22686, 52.2537], [21.22575, 52.25376]], [[21.22643, 52.25367], [21.22631, 52.25373], [21.22645, 52.25378]]]}, "properties": {"name": "Bartosza Głowackiego → zachód", "description": "Kierunek jazdy: **zachód**\nDługość: 76 m\nŹródło: OpenStreetMap\nUlica tylko dla autobusów\nAutobusy w szczycie: 6.0/h (rozkład ZTM 21.10.2026)", "id": "82f919ed0f", "status": "", "uwagi": "", "_umap_options": {"color": "#0f9b8e", "weight": 5, "opacity": 0.9}}}, {"type": "Feature", "geometry": {"type": "MultiLineString", "coordinates": [[[21.22574, 52.25369], [21.22685, 52.25363]], [[21.22617, 52.25372], [21.2263, 52.25366], [21.22616, 52.25361]]]}, "properties": {"name": "Bartosza Głowackiego → wschód", "description": "Kierunek jazdy: **wschód**\nDługość: 76 m\nŹródło: OpenStreetMap\nUlica tylko dla autobusów\nAutobusy w szczycie: 6.0/h (rozkład ZTM 21.10.2026)", "id": "443aaf5e2c", "status": "", "uwagi": "", "_umap_options": {"color": "#0f9b8e", "weight": 5, "opacity": 0.9}}}, {"type": "Feature", "geometry": {"type": "MultiLineString", "coordinates": [[[21.03559, 52.20182], [21.03501, 52.20237], [21.03321, 52.20445]], [[21.0351, 52.20217], [21.03511, 52.20227], [21.03525, 52.20223]], [[21.03425, 52.20312], [21.03427, 52.20322], [21.03441, 52.20317]], [[21.03344, 52.20408], [21.03346, 52.20417], [21.0336, 52.20413]]]}, "properties": {"name": "Belwederska → płn.-zachód", "description": "Kierunek jazdy: **płn.-zachód**\nDługość: 335 m\nŹródło: mapa miasta (stan 2021)\nMapa miasta: Idzikowskiego - Nabielaka, dni powszednie, 7-10 i 14-19\nAutobusy w szczycie: 26.0/h (rozkład ZTM 21.10.2026)", "id": "26e0b7e8e8", "status": "", "uwagi": "", "_umap_options": {"color": "#e08a00", "weight": 5, "opacity": 0.9}}}, {"type": "Feature", "geometry": {"type": "MultiLineString", "coordinates": [[[21.03321, 52.20445], [21.0326, 52.20515]], [[21.03289, 52.2047], [21.0329, 52.2048], [21.03305, 52.20475]]]}, "properties": {"name": "Belwederska → płn.-zachód", "description": "Kierunek jazdy: **płn.-zachód**\nDługość: 88 m\nŹródło: OpenStreetMap\nAutobusy w szczycie: 21.0/h (rozkład ZTM 21.10.2026)", "id": "f032d4999f", "status": "", "uwagi": "", "_umap_options": {"color": "#0f9b8e", "weight": 5, "opacity": 0.9}}}, {"type": "Feature", "geometry": {"type": "MultiLineString", "coordinates": [[[20.9763, 52.21107], [20.97538, 52.21139], [20.97384, 52.21202], [20.96845, 52.21391]], [[20.9756, 52.21124], [20.97553, 52.21133], [20.97569, 52.21134]], [[20.97414, 52.21184], [20.97408, 52.21193], [20.97424, 52.21194]], [[20.97263, 52.21239], [20.97256, 52.21248], [20.97272, 52.21248]], [[20.9711, 52.21292], [20.97103, 52.21301], [20.97119, 52.21302]], [[20.96957, 52.21346], [20.96951, 52.21354], [20.96967, 52.21355]]]}, "properties": {"name": "Bitwy Warszawskiej 1920 roku → płn.-zachód", "description": "Kierunek jazdy: **płn.-zachód**\nDługość: 623 m\nŹródło: mapa miasta (stan 2021)\nMapa miasta: Grójecka - Szczęśliwicka, dni powszednie, 6-10 i 14-19\nAutobusy w szczycie: 25.0/h (rozkład ZTM 21.10.2026)", "id": "dd24033e5a", "status": "", "uwagi": "", "_umap_options": {"color": "#e08a00", "weight": 5, "opacity": 0.9}}}, {"type": "Feature", "geometry": {"type": "MultiLineString", "coordinates": [[[20.96959, 52.21343], [20.97378, 52.21196], [20.97531, 52.21133], [20.97625, 52.21101]], [[20.97028, 52.21326], [20.97035, 52.21317], [20.97019, 52.21316]], [[20.97181, 52.21272], [20.97188, 52.21263], [20.97172, 52.21262]], [[20.97333, 52.21219], [20.9734, 52.2121], [20.97324, 52.21209]], [[20.97482, 52.2116], [20.97487, 52.21151], [20.97471, 52.21151]]]}, "properties": {"name": "Bitwy Warszawskiej 1920 roku → płd.-wschód", "description": "Kierunek jazdy: **płd.-wschód**\nDługość: 529 m\nŹródło: mapa miasta (stan 2021)\nMapa miasta: Szczęśliwicka - Grójecka, dni powszednie, 6-10 i 14-19\nAutobusy w szczycie: 26.5/h (rozkład ZTM 21.10.2026)", "id": "bc46d28552", "status": "", "uwagi": "", "_umap_options": {"color": "#e08a00", "weight": 5, "opacity": 0.9}}}, {"type": "Feature", "geometry": {"type": "MultiLineString", "coordinates": [[[20.96839, 52.21385], [20.96959, 52.21343]], [[20.96892, 52.21373], [20.96899, 52.21364], [20.96883, 52.21363]]]}, "properties": {"name": "Bitwy Warszawskiej 1920 roku → płd.-wschód", "description": "Kierunek jazdy: **płd.-wschód**\nDługość: 94 m\nŹródło: OpenStreetMap, mapa miasta (stan 2021)\nMapa miasta: Szczęśliwicka - Grójecka, dni powszednie, 6-10 i 14-19\nAutobusy w szczycie: 21.0/h (rozkład ZTM 21.10.2026)", "id": "5f32090c84", "status": "", "uwagi": "", "_umap_options": {"color": "#1f63d1", "weight": 5, "opacity": 0.9}}}, {"type": "Feature", "geometry": {"type": "MultiLineString", "coordinates": [[[21.01591, 52.23219], [21.01554, 52.2325]], [[21.01573, 52.23224], [21.01572, 52.23234], [21.01587, 52.23231]]]}, "properties": {"name": "Bracka → płn.-zachód", "description": "Kierunek jazdy: **płn.-zachód**\nDługość: 43 m\nŹródło: OpenStreetMap\nUlica tylko dla autobusów\nAutobusy w szczycie: 4.0/h (rozkład ZTM 21.10.2026)", "id": "7ab6bff30b", "status": "", "uwagi": "", "_umap_options": {"color": "#0f9b8e", "weight": 5, "opacity": 0.9}}}, {"type": "Feature", "geometry": {"type": "MultiLineString", "coordinates": [[[21.01544, 52.23245], [21.01581, 52.23214]], [[21.01562, 52.2324], [21.01563, 52.2323], [21.01548, 52.23233]]]}, "properties": {"name": "Bracka → płd.-wschód", "description": "Kierunek jazdy: **płd.-wschód**\nDługość: 43 m\nŹródło: OpenStreetMap\nUlica tylko dla autobusów\nAutobusy w szczycie: 4.0/h (rozkład ZTM 21.10.2026)", "id": "45587d2472", "status": "", "uwagi": "", "_umap_options": {"color": "#0f9b8e", "weight": 5, "opacity": 0.9}}}, {"type": "Feature", "geometry": {"type": "MultiLineString", "coordinates": [[[20.90715, 52.22851], [20.90165, 52.22806]], [[20.90642, 52.22839], [20.90628, 52.22844], [20.9064, 52.2285]], [[20.90468, 52.22825], [20.90454, 52.2283], [20.90466, 52.22836]], [[20.90294, 52.22811], [20.9028, 52.22816], [20.90291, 52.22822]]]}, "properties": {"name": "Człuchowska → zachód", "description": "Kierunek jazdy: **zachód**\nDługość: 379 m\nŹródło: OpenStreetMap\nAutobusy w szczycie: 30.0/h (rozkład ZTM 21.10.2026)", "id": "6850db9bdb", "status": "", "uwagi": "", "_umap_options": {"color": "#0f9b8e", "weight": 5, "opacity": 0.9}}}, {"type": "Feature", "geometry": {"type": "MultiLineString", "coordinates": [[[20.90726, 52.2283], [20.91099, 52.2286]], [[20.90799, 52.22842], [20.90813, 52.22837], [20.90801, 52.22831]], [[20.90973, 52.22856], [20.90987, 52.22851], [20.90975, 52.22845]]]}, "properties": {"name": "Człuchowska → wschód", "description": "Kierunek jazdy: **wschód**\nDługość: 257 m\nŹródło: OpenStreetMap\nAutobusy w szczycie: 31.0/h (rozkład ZTM 21.10.2026)", "id": "3320956fd3", "status": "", "uwagi": "", "_umap_options": {"color": "#0f9b8e", "weight": 5, "opacity": 0.9}}}, {"type": "Feature", "geometry": {"type": "MultiLineString", "coordinates": [[[21.04391, 52.17513], [21.0437, 52.1739], [21.0436, 52.17358], [21.04341, 52.17317], [21.04315, 52.17276], [21.04277, 52.17232], [21.04252, 52.17209], [21.04068, 52.17058]], [[21.04393, 52.17467], [21.04382, 52.17459], [21.04374, 52.17468]], [[21.0437, 52.17359], [21.04358, 52.17352], [21.04352, 52.17362]], [[21.04309, 52.17256], [21.04295, 52.17252], [21.04293, 52.17262]], [[21.04212, 52.17166], [21.04197, 52.17163], [21.04197, 52.17173]], [[21.04106, 52.1708], [21.04091, 52.17077], [21.04092, 52.17087]]]}, "properties": {"name": "Dolina Służewiecka → południe", "description": "Kierunek jazdy: **południe**\nDługość: 568 m\nŹródło: komunikat ZDM / zgłoszenie\nOtwarty: 2022-01-10\nUwagi: DO WERYFIKACJI: źródło nie podaje kierunku — przyjęto oba\nAutobusy w szczycie: 38.0/h (rozkład ZTM 21.10.2026)", "id": "55a6a0f8ab", "status": "", "uwagi": "", "_umap_options": {"color": "#7b45c9", "weight": 5, "opacity": 0.9}}}, {"type": "Feature", "geometry": {"type": "MultiLineString", "coordinates": [[[21.04092, 52.17028], [21.04295, 52.17194], [21.04349, 52.1725], [21.04384, 52.17302], [21.04413, 52.17366], [21.04438, 52.17447], [21.04448, 52.17502]], [[21.0413, 52.17068], [21.04145, 52.17071], [21.04145, 52.17061]], [[21.04235, 52.17154], [21.04251, 52.17157], [21.0425, 52.17147]], [[21.04332, 52.17243], [21.04346, 52.17247], [21.04348, 52.17238]], [[21.04394, 52.17342], [21.04406, 52.17349], [21.04412, 52.17339]], [[21.04429, 52.17447], [21.0444, 52.17454], [21.04447, 52.17446]]]}, "properties": {"name": "Dolina Służewiecka → płn.-wschód", "description": "Kierunek jazdy: **płn.-wschód**\nDługość: 590 m\nŹródło: komunikat ZDM / zgłoszenie\nOtwarty: 2022-01-10\nUwagi: DO WERYFIKACJI: źródło nie podaje kierunku — przyjęto oba\nAutobusy w szczycie: 40.0/h (rozkład ZTM 21.10.2026)", "id": "787fe812cb", "status": "", "uwagi": "", "_umap_options": {"color": "#7b45c9", "weight": 5, "opacity": 0.9}}}, {"type": "Feature", "geometry": {"type": "MultiLineString", "coordinates": [[[21.08615, 52.23793], [21.08243, 52.2404]], [[21.08558, 52.23822], [21.08555, 52.23832], [21.08571, 52.2383]], [[21.08438, 52.23901], [21.08436, 52.23911], [21.08451, 52.23909]], [[21.08318, 52.2398], [21.08316, 52.2399], [21.08332, 52.23988]]]}, "properties": {"name": "Grenadierów → płn.-zachód", "description": "Kierunek jazdy: **płn.-zachód**\nDługość: 374 m\nŹródło: OpenStreetMap\nAutobusy w szczycie: 6.0/h (rozkład ZTM 21.10.2026)", "id": "88304359f9", "status": "", "uwagi": "", "_umap_options": {"color": "#0f9b8e", "weight": 5, "opacity": 0.9}}}, {"type": "Feature", "geometry": {"type": "MultiLineString", "coordinates": [[[20.98128, 52.21617], [20.98223, 52.21728]], [[20.98154, 52.2166], [20.98169, 52.21664], [20.98171, 52.21655]]]}, "properties": {"name": "Grójecka → płn.-wschód", "description": "Kierunek jazdy: **płn.-wschód**\nDługość: 140 m\nŹródło: mapa miasta (stan 2021)\nMapa miasta: Wawelska - Bracka, dni powszednie, 7-9 i 14-18\nAutobusy w szczycie: 19.5/h (rozkład ZTM 21.10.2026)", "id": "b87f419f64", "status": "", "uwagi": "", "_umap_options": {"color": "#e08a00", "weight": 5, "opacity": 0.9}}}, {"type": "Feature", "geometry": {"type": "MultiLineString", "coordinates": [[[20.98476, 52.21963], [20.98461, 52.21987], [20.98461, 52.21995], [20.98466, 52.22005], [20.9871, 52.2228]], [[20.98459, 52.22009], [20.98474, 52.22013], [20.98475, 52.22003]], [[20.98543, 52.22104], [20.98558, 52.22108], [20.98559, 52.22098]], [[20.98627, 52.22198], [20.98641, 52.22203], [20.98643, 52.22193]]]}, "properties": {"name": "Grójecka → płn.-wschód", "description": "Kierunek jazdy: **płn.-wschód**\nDługość: 401 m\nŹródło: mapa miasta (stan 2021)\nMapa miasta: Wawelska - Bracka, dni powszednie, 7-9 i 14-18\nAutobusy w szczycie: 25.5/h (rozkład ZTM 21.10.2026)", "id": "df74c2def4", "status": "", "uwagi": "", "_umap_options": {"color": "#e08a00", "weight": 5, "opacity": 0.9}}}, {"type": "Feature", "geometry": {"type": "MultiLineString", "coordinates": [[[20.98788, 52.22368], [20.98814, 52.22398], [20.98828, 52.22408], [20.98902, 52.22438]], [[20.98817, 52.2241], [20.98833, 52.2241], [20.98828, 52.22401]]]}, "properties": {"name": "Grójecka → płn.-wschód", "description": "Kierunek jazdy: **płn.-wschód**\nDługość: 115 m\nŹródło: mapa miasta (stan 2021)\nMapa miasta: Wawelska - Bracka, dni powszednie, 7-9 i 14-18\nAutobusy w szczycie: 25.5/h (rozkład ZTM 21.10.2026)", "id": "136e923076", "status": "", "uwagi": "", "_umap_options": {"color": "#e08a00", "weight": 5, "opacity": 0.9}}}, {"type": "Feature", "geometry": {"type": "MultiLineString", "coordinates": [[[20.98223, 52.21728], [20.98278, 52.21791], [20.98296, 52.21801], [20.9832, 52.21807]], [[20.98248, 52.21769], [20.98263, 52.21773], [20.98264, 52.21763]]]}, "properties": {"name": "Grójecka → płn.-wschód", "description": "Kierunek jazdy: **płn.-wschód**\nDługość: 118 m\nŹródło: OpenStreetMap, mapa miasta (stan 2021)\nMapa miasta: Wawelska - Bracka, dni powszednie, 7-9 i 14-18\nAutobusy w szczycie: 19.5/h (rozkład ZTM 21.10.2026)", "id": "9782a675ad", "status": "", "uwagi": "", "_umap_options": {"color": "#1f63d1", "weight": 5, "opacity": 0.9}}}, {"type": "Feature", "geometry": {"type": "MultiLineString", "coordinates": [[[20.9871, 52.2228], [20.98788, 52.22368]], [[20.98735, 52.22319], [20.9875, 52.22324], [20.98752, 52.22314]]]}, "properties": {"name": "Grójecka → płn.-wschód", "description": "Kierunek jazdy: **płn.-wschód**\nDługość: 111 m\nŹródło: OpenStreetMap, mapa miasta (stan 2021)\nMapa miasta: Wawelska - Bracka, dni powszednie, 7-9 i 14-18\nAutobusy w szczycie: 25.5/h (rozkład ZTM 21.10.2026)", "id": "9a06ca1dea", "status": "", "uwagi": "", "_umap_options": {"color": "#1f63d1", "weight": 5, "opacity": 0.9}}}, {"type": "Feature", "geometry": {"type": "MultiLineString", "coordinates": [[[20.94077, 52.2393], [20.94265, 52.23913]], [[20.94152, 52.23929], [20.94164, 52.23922], [20.9415, 52.23917]]]}, "properties": {"name": "Górczewska → wschód", "description": "Kierunek jazdy: **wschód**\nDługość: 130 m\nŹródło: mapa miasta (stan 2021)\nMapa miasta: Góralska - al. Prymasa Tysiąclecia, codziennie, 7-10 i 14-19\nAutobusy w szczycie: 22.5/h (rozkład ZTM 21.10.2026)", "id": "e3ffcfc013", "status": "", "uwagi": "", "_umap_options": {"color": "#e08a00", "weight": 5, "opacity": 0.9}}}, {"type": "Feature", "geometry": {"type": "MultiLineString", "coordinates": [[[20.94679, 52.23872], [20.94856, 52.23855]], [[20.94754, 52.23871], [20.94766, 52.23864], [20.94751, 52.23859]]]}, "properties": {"name": "Górczewska → wschód", "description": "Kierunek jazdy: **wschód**\nDługość: 122 m\nŹródło: mapa miasta (stan 2021)\nMapa miasta: Góralska - al. Prymasa Tysiąclecia, codziennie, 7-10 i 14-19\nAutobusy w szczycie: 29.0/h (rozkład ZTM 21.10.2026)", "id": "b11320ec24", "status": "", "uwagi": "", "_umap_options": {"color": "#e08a00", "weight": 5, "opacity": 0.9}}}, {"type": "Feature", "geometry": {"type": "MultiLineString", "coordinates": [[[20.90107, 52.23945], [20.90015, 52.23953]], [[20.90074, 52.23943], [20.90061, 52.23949], [20.90075, 52.23954]]]}, "properties": {"name": "Górczewska → zachód", "description": "Kierunek jazdy: **zachód**\nDługość: 63 m\nŹródło: OpenStreetMap\nAutobusy w szczycie: 33.0/h (rozkład ZTM 21.10.2026)", "id": "f25e0cf7b6", "status": "", "uwagi": "", "_umap_options": {"color": "#0f9b8e", "weight": 5, "opacity": 0.9}}}, {"type": "Feature", "geometry": {"type": "MultiLineString", "coordinates": [[[20.93434, 52.23992], [20.93788, 52.23958]], [[20.93509, 52.2399], [20.93521, 52.23983], [20.93507, 52.23979]], [[20.93683, 52.23973], [20.93695, 52.23967], [20.9368, 52.23962]]]}, "properties": {"name": "Górczewska → wschód", "description": "Kierunek jazdy: **wschód**\nDługość: 244 m\nŹródło: OpenStreetMap\nAutobusy w szczycie: 23.0/h (rozkład ZTM 21.10.2026)", "id": "6d09153e90", "status": "", "uwagi": "", "_umap_options": {"color": "#0f9b8e", "weight": 5, "opacity": 0.9}}}, {"type": "Feature", "geometry": {"type": "MultiLineString", "coordinates": [[[20.95237, 52.23817], [20.95449, 52.23792]], [[20.95312, 52.23814], [20.95324, 52.23807], [20.95309, 52.23803]]]}, "properties": {"name": "Górczewska → wschód", "description": "Kierunek jazdy: **wschód**\nDługość: 147 m\nŹródło: OpenStreetMap\nAutobusy w szczycie: 20.0/h (rozkład ZTM 21.10.2026)", "id": "990e037ebb", "status": "", "uwagi": "", "_umap_options": {"color": "#0f9b8e", "weight": 5, "opacity": 0.9}}}, {"type": "Feature", "geometry": {"type": "MultiLineString", "coordinates": [[[20.93788, 52.23958], [20.94077, 52.2393]], [[20.93863, 52.23956], [20.93875, 52.2395], [20.9386, 52.23945]], [[20.94037, 52.2394], [20.94048, 52.23933], [20.94034, 52.23929]]]}, "properties": {"name": "Górczewska → wschód", "description": "Kierunek jazdy: **wschód**\nDługość: 200 m\nŹródło: OpenStreetMap, mapa miasta (stan 2021)\nMapa miasta: Góralska - al. Prymasa Tysiąclecia, codziennie, 7-10 i 14-19\nAutobusy w szczycie: 22.5/h (rozkład ZTM 21.10.2026)", "id": "37914d2a4b", "status": "", "uwagi": "", "_umap_options": {"color": "#1f63d1", "weight": 5, "opacity": 0.9}}}, {"type": "Feature", "geometry": {"type": "MultiLineString", "coordinates": [[[20.94265, 52.23913], [20.94679, 52.23872]], [[20.9434, 52.23911], [20.94352, 52.23904], [20.94337, 52.239]], [[20.94514, 52.23894], [20.94525, 52.23887], [20.94511, 52.23883]]]}, "properties": {"name": "Górczewska → wschód", "description": "Kierunek jazdy: **wschód**\nDługość: 286 m\nŹródło: OpenStreetMap, mapa miasta (stan 2021)\nMapa miasta: Góralska - al. Prymasa Tysiąclecia, codziennie, 7-10 i 14-19\nAutobusy w szczycie: 30.5/h (rozkład ZTM 21.10.2026)", "id": "8f662acfa5", "status": "", "uwagi": "", "_umap_options": {"color": "#1f63d1", "weight": 5, "opacity": 0.9}}}, {"type": "Feature", "geometry": {"type": "MultiLineString", "coordinates": [[[20.94856, 52.23855], [20.95237, 52.23817]], [[20.94931, 52.23854], [20.94943, 52.23847], [20.94928, 52.23842]], [[20.95105, 52.23837], [20.95116, 52.2383], [20.95102, 52.23826]]]}, "properties": {"name": "Górczewska → wschód", "description": "Kierunek jazdy: **wschód**\nDługość: 264 m\nŹródło: OpenStreetMap, mapa miasta (stan 2021)\nMapa miasta: Góralska - al. Prymasa Tysiąclecia, codziennie, 7-10 i 14-19\nAutobusy w szczycie: 20.0/h (rozkład ZTM 21.10.2026)", "id": "78cf4d4bd2", "status": "", "uwagi": "", "_umap_options": {"color": "#1f63d1", "weight": 5, "opacity": 0.9}}}, {"type": "Feature", "geometry": {"type": "MultiLineString", "coordinates": [[[21.05854, 52.30149], [21.05811, 52.3004], [21.05786, 52.29991], [21.05765, 52.29961], [21.05533, 52.29701], [21.05516, 52.29686]], [[21.05846, 52.30103], [21.05834, 52.30096], [21.05828, 52.30106]], [[21.05799, 52.29999], [21.05786, 52.29993], [21.05781, 52.30002]], [[21.05724, 52.299], [21.05709, 52.29896], [21.05707, 52.29906]], [[21.05638, 52.29806], [21.05624, 52.29802], [21.05622, 52.29811]], [[21.05553, 52.29712], [21.05538, 52.29707], [21.05536, 52.29717]]]}, "properties": {"name": "Głębocka → płd.-zachód", "description": "Kierunek jazdy: **płd.-zachód**\nDługość: 569 m\nŹródło: komunikat ZDM / zgłoszenie\nOtwarty: 2024-12-06\nUwagi: przystanek 117903 = CH Targówek 03 (GTFS ZTM)\nAutobusy w szczycie: 36.0/h (rozkład ZTM 21.10.2026)", "id": "d911b6e5b8", "status": "", "uwagi": "", "_umap_options": {"color": "#7b45c9", "weight": 5, "opacity": 0.9}}}, {"type": "Feature", "geometry": {"type": "MultiLineString", "coordinates": [[[21.05545, 52.29685], [21.05601, 52.29743], [21.05637, 52.2979], [21.05735, 52.29896], [21.05801, 52.29975], [21.05837, 52.30026]], [[21.05576, 52.29727], [21.0559, 52.29731], [21.05592, 52.29721]], [[21.05656, 52.29823], [21.0567, 52.29827], [21.05672, 52.29817]], [[21.05742, 52.29917], [21.05756, 52.29921], [21.05758, 52.29912]], [[21.05819, 52.30013], [21.05832, 52.30019], [21.05836, 52.30009]]]}, "properties": {"name": "Głębocka → płn.-wschód", "description": "Kierunek jazdy: **płn.-wschód**\nDługość: 428 m\nŹródło: komunikat ZDM / zgłoszenie\nOtwarty: 2024-12-06\nAutobusy w szczycie: 36.0/h (rozkład ZTM 21.10.2026)", "id": "6b2588e111", "status": "", "uwagi": "", "_umap_options": {"color": "#7b45c9", "weight": 5, "opacity": 0.9}}}, {"type": "Feature", "geometry": {"type": "MultiLineString", "coordinates": [[[21.19556, 52.18343], [21.1949, 52.18348]], [[21.19535, 52.18339], [21.19523, 52.18346], [21.19537, 52.1835]]]}, "properties": {"name": "Izbicka → zachód", "description": "Kierunek jazdy: **zachód**\nDługość: 46 m\nŹródło: OpenStreetMap\nUlica tylko dla autobusów\nAutobusy w szczycie: 3.5/h (rozkład ZTM 21.10.2026)", "id": "937bc416dd", "status": "", "uwagi": "", "_umap_options": {"color": "#0f9b8e", "weight": 5, "opacity": 0.9}}}, {"type": "Feature", "geometry": {"type": "MultiLineString", "coordinates": [[[21.19488, 52.18341], [21.19555, 52.18336]], [[21.19509, 52.18345], [21.19521, 52.18339], [21.19507, 52.18334]]]}, "properties": {"name": "Izbicka → wschód", "description": "Kierunek jazdy: **wschód**\nDługość: 46 m\nŹródło: OpenStreetMap\nUlica tylko dla autobusów\nAutobusy w szczycie: 3.0/h (rozkład ZTM 21.10.2026)", "id": "8f3108ffdf", "status": "", "uwagi": "", "_umap_options": {"color": "#0f9b8e", "weight": 5, "opacity": 0.9}}}, {"type": "Feature", "geometry": {"type": "MultiLineString", "coordinates": [[[21.02614, 52.25886], [21.02823, 52.25717]], [[21.02667, 52.25853], [21.02668, 52.25843], [21.02652, 52.25846]], [[21.02773, 52.25767], [21.02774, 52.25757], [21.02758, 52.2576]]]}, "properties": {"name": "Jagiellońska → płd.-wschód", "description": "Kierunek jazdy: **płd.-wschód**\nDługość: 236 m\nŹródło: mapa miasta (stan 2021)\nMapa miasta: pl. Hallera - Ratuszowa, codziennie, całodobowo\nAutobusy w szczycie: 13.0/h (rozkład ZTM 21.10.2026)", "id": "ac4b202109", "status": "", "uwagi": "", "_umap_options": {"color": "#e08a00", "weight": 5, "opacity": 0.9}}}, {"type": "Feature", "geometry": {"type": "MultiLineString", "coordinates": [[[21.03635, 52.20108], [21.03559, 52.20182]], [[21.03596, 52.20135], [21.03597, 52.20145], [21.03612, 52.20141]]]}, "properties": {"name": "Jana III Sobieskiego → płn.-zachód", "description": "Kierunek jazdy: **płn.-zachód**\nDługość: 97 m\nŹródło: mapa miasta (stan 2021)\nMapa miasta: Idzikowskiego - Nabielaka, dni powszednie, 7-10 i 14-19\nAutobusy w szczycie: 5.0/h (rozkład ZTM 21.10.2026)", "id": "b1a439b342", "status": "", "uwagi": "", "_umap_options": {"color": "#e08a00", "weight": 5, "opacity": 0.9}}}, {"type": "Feature", "geometry": {"type": "MultiLineString", "coordinates": [[[21.04337, 52.19387], [21.03969, 52.19735], [21.03838, 52.19883]], [[21.04288, 52.19422], [21.04288, 52.19432], [21.04303, 52.19428]], [[21.04192, 52.19512], [21.04193, 52.19522], [21.04208, 52.19518]], [[21.04097, 52.19603], [21.04098, 52.19613], [21.04113, 52.19609]], [[21.04001, 52.19693], [21.04002, 52.19703], [21.04017, 52.19699]], [[21.03911, 52.19786], [21.03913, 52.19796], [21.03927, 52.19792]]]}, "properties": {"name": "Jana III Sobieskiego → płn.-zachód", "description": "Kierunek jazdy: **płn.-zachód**\nDługość: 650 m\nŹródło: mapa miasta (stan 2021)\nMapa miasta: Idzikowskiego - Nabielaka, dni powszednie, 7-10 i 14-19\nAutobusy w szczycie: 30.5/h (rozkład ZTM 21.10.2026)", "id": "8f8186549e", "status": "", "uwagi": "", "_umap_options": {"color": "#e08a00", "weight": 5, "opacity": 0.9}}}, {"type": "Feature", "geometry": {"type": "MultiLineString", "coordinates": [[[21.04461, 52.19268], [21.04391, 52.19335]], [[21.04425, 52.19292], [21.04426, 52.19302], [21.04441, 52.19298]]]}, "properties": {"name": "Jana III Sobieskiego → płn.-zachód", "description": "Kierunek jazdy: **płn.-zachód**\nDługość: 88 m\nŹródło: mapa miasta (stan 2021)\nMapa miasta: Idzikowskiego - Nabielaka, dni powszednie, 7-10 i 14-19\nAutobusy w szczycie: 30.5/h (rozkład ZTM 21.10.2026)", "id": "106c9ebfc1", "status": "", "uwagi": "", "_umap_options": {"color": "#e08a00", "weight": 5, "opacity": 0.9}}}, {"type": "Feature", "geometry": {"type": "MultiLineString", "coordinates": [[[21.03515, 52.20173], [21.03624, 52.20066], [21.03811, 52.19848]], [[21.03563, 52.20137], [21.03562, 52.20128], [21.03547, 52.20131]], [[21.03653, 52.20044], [21.03651, 52.20035], [21.03637, 52.20039]], [[21.03736, 52.19949], [21.03734, 52.19939], [21.03719, 52.19944]]]}, "properties": {"name": "Jana III Sobieskiego → płd.-wschód", "description": "Kierunek jazdy: **płd.-wschód**\nDługość: 416 m\nŹródło: mapa miasta (stan 2021)\nMapa miasta: Grottgera - Idzikowskiego, dni powszednie, 7-9 i 14-18\nAutobusy w szczycie: 25.0/h (rozkład ZTM 21.10.2026)", "id": "ec9ba0aa57", "status": "", "uwagi": "", "_umap_options": {"color": "#e08a00", "weight": 5, "opacity": 0.9}}}, {"type": "Feature", "geometry": {"type": "MultiLineString", "coordinates": [[[21.03865, 52.19782], [21.03934, 52.19713], [21.04229, 52.19434], [21.04273, 52.19385], [21.04455, 52.19211], [21.04517, 52.19162]], [[21.03912, 52.19746], [21.03911, 52.19736], [21.03896, 52.1974]], [[21.04006, 52.19655], [21.04005, 52.19645], [21.0399, 52.19649]], [[21.04101, 52.19564], [21.04101, 52.19554], [21.04086, 52.19558]], [[21.04197, 52.19474], [21.04197, 52.19464], [21.04182, 52.19468]], [[21.04287, 52.19381], [21.04287, 52.19372], [21.04272, 52.19375]], [[21.04383, 52.19291], [21.04382, 52.19281], [21.04367, 52.19285]], [[21.04477, 52.19201], [21.04479, 52.19191], [21.04463, 52.19194]]]}, "properties": {"name": "Jana III Sobieskiego → płd.-wschód", "description": "Kierunek jazdy: **płd.-wschód**\nDługość: 822 m\nŹródło: mapa miasta (stan 2021)\nMapa miasta: Grottgera - Idzikowskiego, dni powszednie, 7-9 i 14-18\nAutobusy w szczycie: 25.0/h (rozkład ZTM 21.10.2026)", "id": "07cb2f0130", "status": "", "uwagi": "", "_umap_options": {"color": "#e08a00", "weight": 5, "opacity": 0.9}}}, {"type": "Feature", "geometry": {"type": "MultiLineString", "coordinates": [[[21.05308, 52.18459], [21.05178, 52.18583]], [[21.0526, 52.18495], [21.05261, 52.18505], [21.05276, 52.18501]]]}, "properties": {"name": "Jana III Sobieskiego → płn.-zachód", "description": "Kierunek jazdy: **płn.-zachód**\nDługość: 164 m\nŹródło: OpenStreetMap\nAutobusy w szczycie: 20.0/h (rozkład ZTM 21.10.2026)", "id": "f1e26138fa", "status": "", "uwagi": "", "_umap_options": {"color": "#0f9b8e", "weight": 5, "opacity": 0.9}}}, {"type": "Feature", "geometry": {"type": "MultiLineString", "coordinates": [[[21.06597, 52.17238], [21.06513, 52.17318]], [[21.06554, 52.17268], [21.06555, 52.17278], [21.0657, 52.17274]]]}, "properties": {"name": "Jana III Sobieskiego → płn.-zachód", "description": "Kierunek jazdy: **płn.-zachód**\nDługość: 105 m\nŹródło: OpenStreetMap\nAutobusy w szczycie: 12.0/h (rozkład ZTM 21.10.2026)", "id": "84a4bd583a", "status": "", "uwagi": "", "_umap_options": {"color": "#0f9b8e", "weight": 5, "opacity": 0.9}}}, {"type": "Feature", "geometry": {"type": "MultiLineString", "coordinates": [[[21.03838, 52.19883], [21.03721, 52.20019], [21.03635, 52.20108]], [[21.03795, 52.19921], [21.03797, 52.19931], [21.03811, 52.19926]], [[21.03713, 52.20016], [21.03714, 52.20026], [21.03729, 52.20021]]]}, "properties": {"name": "Jana III Sobieskiego → płn.-zachód", "description": "Kierunek jazdy: **płn.-zachód**\nDługość: 286 m\nŹródło: OpenStreetMap, mapa miasta (stan 2021)\nMapa miasta: Idzikowskiego - Nabielaka, dni powszednie, 7-10 i 14-19\nAutobusy w szczycie: 5.0/h (rozkład ZTM 21.10.2026)", "id": "ba3c8bdd29", "status": "", "uwagi": "", "_umap_options": {"color": "#1f63d1", "weight": 5, "opacity": 0.9}}}, {"type": "Feature", "geometry": {"type": "MultiLineString", "coordinates": [[[21.04391, 52.19335], [21.04337, 52.19387]], [[21.04363, 52.19351], [21.04364, 52.19361], [21.04379, 52.19357]]]}, "properties": {"name": "Jana III Sobieskiego → płn.-zachód", "description": "Kierunek jazdy: **płn.-zachód**\nDługość: 68 m\nŹródło: OpenStreetMap, mapa miasta (stan 2021)\nMapa miasta: Idzikowskiego - Nabielaka, dni powszednie, 7-10 i 14-19\nAutobusy w szczycie: 30.5/h (rozkład ZTM 21.10.2026)", "id": "d91e79c17d", "status": "", "uwagi": "", "_umap_options": {"color": "#1f63d1", "weight": 5, "opacity": 0.9}}}, {"type": "Feature", "geometry": {"type": "MultiLineString", "coordinates": [[[21.0453, 52.19202], [21.04461, 52.19268]], [[21.04495, 52.19225], [21.04496, 52.19235], [21.0451, 52.19232]]]}, "properties": {"name": "Jana III Sobieskiego → płn.-zachód", "description": "Kierunek jazdy: **płn.-zachód**\nDługość: 88 m\nŹródło: OpenStreetMap, mapa miasta (stan 2021)\nMapa miasta: Idzikowskiego - Nabielaka, dni powszednie, 7-10 i 14-19\nAutobusy w szczycie: 30.5/h (rozkład ZTM 21.10.2026)", "id": "7047cb0123", "status": "", "uwagi": "", "_umap_options": {"color": "#1f63d1", "weight": 5, "opacity": 0.9}}}, {"type": "Feature", "geometry": {"type": "MultiLineString", "coordinates": [[[21.03811, 52.19848], [21.03865, 52.19782]], [[21.03838, 52.19824], [21.03836, 52.19814], [21.03822, 52.19819]]]}, "properties": {"name": "Jana III Sobieskiego → płd.-wschód", "description": "Kierunek jazdy: **płd.-wschód**\nDługość: 82 m\nŹródło: OpenStreetMap, mapa miasta (stan 2021)\nMapa miasta: Grottgera - Idzikowskiego, dni powszednie, 7-9 i 14-18\nAutobusy w szczycie: 25.0/h (rozkład ZTM 21.10.2026)", "id": "0f0c62a191", "status": "", "uwagi": "", "_umap_options": {"color": "#1f63d1", "weight": 5, "opacity": 0.9}}}, {"type": "Feature", "geometry": {"type": "MultiLineString", "coordinates": [[[21.00824, 52.24649], [21.00815, 52.24632], [21.00789, 52.24619]], [[21.00828, 52.24635], [21.00813, 52.24631], [21.00812, 52.24641]]]}, "properties": {"name": "Kapucyńska → płd.-zachód", "description": "Kierunek jazdy: **płd.-zachód**\nDługość: 45 m\nŹródło: mapa miasta (stan 2021)\nMapa miasta: Krynoliny - Andersa, codziennie, całodobowo\nAutobusy w szczycie: 5.5/h (rozkład ZTM 21.10.2026)", "id": "2aa58cd159", "status": "", "uwagi": "", "_umap_options": {"color": "#e08a00", "weight": 5, "opacity": 0.9}}}, {"type": "Feature", "geometry": {"type": "MultiLineString", "coordinates": [[[21.05444, 52.25425], [21.05406, 52.25425], [21.05379, 52.25419], [21.04803, 52.25237], [21.04736, 52.2521], [21.04633, 52.25162], [21.04471, 52.25073]], [[21.05376, 52.25412], [21.0536, 52.25413], [21.05367, 52.25422]], [[21.05219, 52.25362], [21.05204, 52.25364], [21.05211, 52.25373]], [[21.05063, 52.25313], [21.05047, 52.25315], [21.05054, 52.25324]], [[21.04906, 52.25264], [21.0489, 52.25266], [21.04898, 52.25275]], [[21.04755, 52.25211], [21.04739, 52.25212], [21.04744, 52.25221]], [[21.04617, 52.25146], [21.04601, 52.25145], [21.04605, 52.25154]]]}, "properties": {"name": "Kijowska → płd.-zachód", "description": "Kierunek jazdy: **płd.-zachód**\nDługość: 776 m\nŹródło: OpenStreetMap, mapa miasta (stan 2021)\nMapa miasta: al. Tysiąclecia - Targowa, codziennie, całodobowo\nAutobusy w szczycie: 17.0/h (rozkład ZTM 21.10.2026)", "id": "103d8890e4", "status": "", "uwagi": "", "_umap_options": {"color": "#1f63d1", "weight": 5, "opacity": 0.9}}}, {"type": "Feature", "geometry": {"type": "MultiLineString", "coordinates": [[[20.97921, 52.21682], [20.98089, 52.21626]], [[20.97991, 52.21666], [20.97998, 52.21657], [20.97982, 52.21656]]]}, "properties": {"name": "Kopińska → płd.-wschód", "description": "Kierunek jazdy: **płd.-wschód**\nDługość: 131 m\nŹródło: mapa miasta (stan 2021)\nMapa miasta: Szczęśliwicka - Kanał Gocławski, codziennie, całodobowo\nAutobusy w szczycie: 42.0/h (rozkład ZTM 21.10.2026)", "id": "30773c662f", "status": "", "uwagi": "", "_umap_options": {"color": "#e08a00", "weight": 5, "opacity": 0.9}}}, {"type": "Feature", "geometry": {"type": "MultiLineString", "coordinates": [[[20.9772, 52.21752], [20.97921, 52.21682]], [[20.97788, 52.21734], [20.97795, 52.21725], [20.97779, 52.21724]]]}, "properties": {"name": "Kopińska → płd.-wschód", "description": "Kierunek jazdy: **płd.-wschód**\nDługość: 158 m\nŹródło: OpenStreetMap, mapa miasta (stan 2021)\nMapa miasta: Szczęśliwicka - Kanał Gocławski, codziennie, całodobowo\nAutobusy w szczycie: 42.0/h (rozkład ZTM 21.10.2026)", "id": "ac34287ba9", "status": "", "uwagi": "", "_umap_options": {"color": "#1f63d1", "weight": 5, "opacity": 0.9}}}, {"type": "Feature", "geometry": {"type": "MultiLineString", "coordinates": [[[21.01769, 52.23821], [21.01765, 52.23855], [21.01751, 52.23884], [21.01618, 52.24096], [21.01453, 52.24342], [21.0143, 52.24391], [21.01402, 52.24517], [21.01371, 52.24593], [21.01363, 52.24602], [21.01353, 52.24608]], [[21.01752, 52.23865], [21.01757, 52.23874], [21.0177, 52.23868]], [[21.01691, 52.23965], [21.01695, 52.23975], [21.01709, 52.23969]], [[21.01628, 52.24066], [21.01631, 52.24075], [21.01645, 52.2407]], [[21.01561, 52.24166], [21.01565, 52.24175], [21.01578, 52.2417]], [[21.01496, 52.24266], [21.01499, 52.24275], [21.01513, 52.2427]], [[21.01431, 52.24367], [21.01436, 52.24376], [21.01449, 52.2437]], [[21.01402, 52.24474], [21.0141, 52.24482], [21.01421, 52.24475]], [[21.01367, 52.24579], [21.01373, 52.24588], [21.01385, 52.24581]]]}, "properties": {"name": "Krakowskie Przedmieście → północ", "description": "Kierunek jazdy: **północ**\nDługość: 924 m\nŹródło: OpenStreetMap, mapa miasta (stan 2021)\nUlica tylko dla autobusów\nMapa miasta: Smolna - Senatorska, codziennie, całodobowo\nAutobusy w szczycie: 47.5/h (rozkład ZTM 21.10.2026)", "id": "57c629eef5", "status": "", "uwagi": "", "_umap_options": {"color": "#1f63d1", "weight": 5, "opacity": 0.9}}}, {"type": "Feature", "geometry": {"type": "MultiLineString", "coordinates": [[[21.01345, 52.24603], [21.0136, 52.24591], [21.01391, 52.24515], [21.01418, 52.2439], [21.01441, 52.2434], [21.01607, 52.24093], [21.0174, 52.23881], [21.01753, 52.23854], [21.01758, 52.2382]], [[21.01381, 52.24563], [21.01375, 52.24554], [21.01363, 52.2456]], [[21.01413, 52.24456], [21.01405, 52.24447], [21.01394, 52.24455]], [[21.01445, 52.24352], [21.01441, 52.24342], [21.01428, 52.24348]], [[21.01513, 52.24252], [21.01508, 52.24243], [21.01495, 52.24248]], [[21.01578, 52.24152], [21.01574, 52.24143], [21.01561, 52.24148]], [[21.01644, 52.24052], [21.0164, 52.24043], [21.01627, 52.24048]], [[21.01707, 52.23951], [21.01703, 52.23942], [21.0169, 52.23947]], [[21.01764, 52.23848], [21.01755, 52.23839], [21.01745, 52.23847]]]}, "properties": {"name": "Krakowskie Przedmieście → południe", "description": "Kierunek jazdy: **południe**\nDługość: 924 m\nŹródło: OpenStreetMap, mapa miasta (stan 2021)\nUlica tylko dla autobusów\nMapa miasta: Senatorska - Smolna, codziennie, całodobowo\nAutobusy w szczycie: 44.5/h (rozkład ZTM 21.10.2026)", "id": "abc5cea1dc", "status": "", "uwagi": "", "_umap_options": {"color": "#1f63d1", "weight": 5, "opacity": 0.9}}}, {"type": "Feature", "geometry": {"type": "MultiLineString", "coordinates": [[[21.01613, 52.23166], [21.01608, 52.232], [21.016, 52.23213], [21.01589, 52.23219]], [[21.01601, 52.23186], [21.01609, 52.23195], [21.01619, 52.23187]]]}, "properties": {"name": "Krucza → północ", "description": "Kierunek jazdy: **północ**\nDługość: 60 m\nŹródło: OpenStreetMap\nUlica tylko dla autobusów\nAutobusy w szczycie: 4.0/h (rozkład ZTM 21.10.2026)", "id": "41fdb34eb0", "status": "", "uwagi": "", "_umap_options": {"color": "#0f9b8e", "weight": 5, "opacity": 0.9}}}, {"type": "Feature", "geometry": {"type": "MultiLineString", "coordinates": [[[21.01652, 52.23076], [21.01644, 52.23093]], [[21.01642, 52.23075], [21.01648, 52.23084], [21.0166, 52.23078]]]}, "properties": {"name": "Krucza → północ", "description": "Kierunek jazdy: **północ**\nDługość: 19 m\nŹródło: OpenStreetMap\nUlica tylko dla autobusów\nAutobusy w szczycie: 4.0/h (rozkład ZTM 21.10.2026)", "id": "d840d1f145", "status": "", "uwagi": "", "_umap_options": {"color": "#0f9b8e", "weight": 5, "opacity": 0.9}}}, {"type": "Feature", "geometry": {"type": "MultiLineString", "coordinates": [[[21.0158, 52.23215], [21.01589, 52.23194]], [[21.01591, 52.23214], [21.01586, 52.23205], [21.01574, 52.23211]]]}, "properties": {"name": "Krucza → południe", "description": "Kierunek jazdy: **południe**\nDługość: 26 m\nŹródło: OpenStreetMap\nUlica tylko dla autobusów\nAutobusy w szczycie: 4.0/h (rozkład ZTM 21.10.2026)", "id": "e6941e74f4", "status": "", "uwagi": "", "_umap_options": {"color": "#0f9b8e", "weight": 5, "opacity": 0.9}}}, {"type": "Feature", "geometry": {"type": "MultiLineString", "coordinates": [[[21.01619, 52.23088], [21.01626, 52.23071]], [[21.01628, 52.23089], [21.01623, 52.2308], [21.0161, 52.23086]]]}, "properties": {"name": "Krucza → południe", "description": "Kierunek jazdy: **południe**\nDługość: 19 m\nŹródło: OpenStreetMap\nUlica tylko dla autobusów\nAutobusy w szczycie: 4.0/h (rozkład ZTM 21.10.2026)", "id": "1bdfc59ce2", "status": "", "uwagi": "", "_umap_options": {"color": "#0f9b8e", "weight": 5, "opacity": 0.9}}}, {"type": "Feature", "geometry": {"type": "MultiLineString", "coordinates": [[[21.00664, 52.23811], [21.0106, 52.23933]], [[21.00727, 52.23837], [21.00743, 52.23835], [21.00735, 52.23827]], [[21.00884, 52.23885], [21.009, 52.23883], [21.00892, 52.23874]], [[21.01041, 52.23933], [21.01057, 52.23932], [21.01049, 52.23923]]]}, "properties": {"name": "Królewska → płn.-wschód", "description": "Kierunek jazdy: **płn.-wschód**\nDługość: 302 m\nŹródło: mapa miasta (stan 2021)\nMapa miasta: Marszałkowska - Burschego, codziennie, całodobowo\nAutobusy w szczycie: 6.0/h (rozkład ZTM 21.10.2026)", "id": "279039d35b", "status": "", "uwagi": "", "_umap_options": {"color": "#e08a00", "weight": 5, "opacity": 0.9}}}, {"type": "Feature", "geometry": {"type": "MultiLineString", "coordinates": [[[21.04175, 52.19539], [21.04173, 52.1955], [21.04183, 52.19559]], [[21.04164, 52.19542], [21.04173, 52.1955], [21.04182, 52.19542]]]}, "properties": {"name": "Ludwiga van Beethovena → północ", "description": "Kierunek jazdy: **północ**\nDługość: 29 m\nŹródło: mapa miasta (stan 2021)\nMapa miasta: Idzikowskiego - Nabielaka, dni powszednie, 7-10 i 14-19\nAutobusy w szczycie: 4.0/h (rozkład ZTM 21.10.2026)", "id": "dee2c6d0c1", "status": "", "uwagi": "", "_umap_options": {"color": "#e08a00", "weight": 5, "opacity": 0.9}}}, {"type": "Feature", "geometry": {"type": "MultiLineString", "coordinates": [[[21.04081, 52.19573], [21.04112, 52.19563]], [[21.0409, 52.19577], [21.04096, 52.19568], [21.0408, 52.19567]]]}, "properties": {"name": "Ludwiga van Beethovena → płd.-wschód", "description": "Kierunek jazdy: **płd.-wschód**\nDługość: 23 m\nŹródło: mapa miasta (stan 2021)\nMapa miasta: Grottgera - Idzikowskiego, dni powszednie, 7-9 i 14-18\nAutobusy w szczycie: 25.0/h (rozkład ZTM 21.10.2026)", "id": "4e0cd5dc75", "status": "", "uwagi": "", "_umap_options": {"color": "#e08a00", "weight": 5, "opacity": 0.9}}}, {"type": "Feature", "geometry": {"type": "MultiLineString", "coordinates": [[[21.04144, 52.19566], [21.04116, 52.1957]], [[21.04141, 52.1956], [21.04129, 52.19568], [21.04144, 52.19572]]]}, "properties": {"name": "Ludwiga van Beethovena → zachód", "description": "Kierunek jazdy: **zachód**\nDługość: 20 m\nŹródło: OpenStreetMap\nMapa miasta: Idzikowskiego - Nabielaka, dni powszednie, 7-10 i 14-19\nAutobusy w szczycie: 26.5/h (rozkład ZTM 21.10.2026)", "id": "939f99c229", "status": "", "uwagi": "", "_umap_options": {"color": "#0f9b8e", "weight": 5, "opacity": 0.9}}}, {"type": "Feature", "geometry": {"type": "MultiLineString", "coordinates": [[[20.96741, 52.22842], [20.97213, 52.22875]], [[20.96815, 52.22853], [20.96829, 52.22848], [20.96817, 52.22842]], [[20.96989, 52.22866], [20.97003, 52.22861], [20.96991, 52.22855]], [[20.97164, 52.22877], [20.97178, 52.22873], [20.97166, 52.22866]]]}, "properties": {"name": "Marcina Kasprzaka → wschód", "description": "Kierunek jazdy: **wschód**\nDługość: 324 m\nŹródło: mapa miasta (stan 2021)\nMapa miasta: Krzyżanowskiego - Korczaka, codziennie, całodobowo\nAutobusy w szczycie: 12.5/h (rozkład ZTM 21.10.2026)", "id": "8d344fd74d", "status": "", "uwagi": "", "_umap_options": {"color": "#e08a00", "weight": 5, "opacity": 0.9}}}, {"type": "Feature", "geometry": {"type": "MultiLineString", "coordinates": [[[20.97507, 52.22894], [20.97801, 52.22915]], [[20.9758, 52.22905], [20.97594, 52.229], [20.97582, 52.22894]], [[20.97754, 52.22917], [20.97769, 52.22913], [20.97757, 52.22906]]]}, "properties": {"name": "Marcina Kasprzaka → wschód", "description": "Kierunek jazdy: **wschód**\nDługość: 202 m\nŹródło: mapa miasta (stan 2021)\nMapa miasta: Krzyżanowskiego - Korczaka, codziennie, całodobowo\nAutobusy w szczycie: 12.5/h (rozkład ZTM 21.10.2026)", "id": "8ee0ea49a2", "status": "", "uwagi": "", "_umap_options": {"color": "#e08a00", "weight": 5, "opacity": 0.9}}}, {"type": "Feature", "geometry": {"type": "MultiLineString", "coordinates": [[[20.95682, 52.22816], [20.95601, 52.22801], [20.95469, 52.22792]], [[20.95613, 52.22797], [20.95598, 52.22801], [20.95609, 52.22808]]]}, "properties": {"name": "Marcina Kasprzaka → zachód", "description": "Kierunek jazdy: **zachód**\nDługość: 149 m\nŹródło: OpenStreetMap\nAutobusy w szczycie: 16.0/h (rozkład ZTM 21.10.2026)", "id": "a200fe608d", "status": "", "uwagi": "", "_umap_options": {"color": "#0f9b8e", "weight": 5, "opacity": 0.9}}}, {"type": "Feature", "geometry": {"type": "MultiLineString", "coordinates": [[[20.96606, 52.22863], [20.96081, 52.2283]], [[20.96533, 52.22853], [20.96519, 52.22857], [20.96531, 52.22864]], [[20.96358, 52.22841], [20.96344, 52.22846], [20.96356, 52.22852]], [[20.96183, 52.2283], [20.96169, 52.22835], [20.96181, 52.22841]]]}, "properties": {"name": "Marcina Kasprzaka → zachód", "description": "Kierunek jazdy: **zachód**\nDługość: 361 m\nŹródło: OpenStreetMap\nAutobusy w szczycie: 12.0/h (rozkład ZTM 21.10.2026)", "id": "2a2b0ddc89", "status": "", "uwagi": "", "_umap_options": {"color": "#0f9b8e", "weight": 5, "opacity": 0.9}}}, {"type": "Feature", "geometry": {"type": "MultiLineString", "coordinates": [[[20.96919, 52.22885], [20.96734, 52.22873]], [[20.96846, 52.22876], [20.96832, 52.22881], [20.96844, 52.22887]]]}, "properties": {"name": "Marcina Kasprzaka → zachód", "description": "Kierunek jazdy: **zachód**\nDługość: 127 m\nŹródło: OpenStreetMap\nAutobusy w szczycie: 18.0/h (rozkład ZTM 21.10.2026)", "id": "a46ed8c150", "status": "", "uwagi": "", "_umap_options": {"color": "#0f9b8e", "weight": 5, "opacity": 0.9}}}, {"type": "Feature", "geometry": {"type": "MultiLineString", "coordinates": [[[20.97417, 52.22913], [20.97026, 52.22888], [20.96971, 52.22886]], [[20.97344, 52.22903], [20.9733, 52.22908], [20.97342, 52.22914]], [[20.97169, 52.22892], [20.97155, 52.22896], [20.97167, 52.22903]], [[20.96994, 52.22881], [20.9698, 52.22887], [20.96993, 52.22893]]]}, "properties": {"name": "Marcina Kasprzaka → zachód", "description": "Kierunek jazdy: **zachód**\nDługość: 307 m\nŹródło: OpenStreetMap\nAutobusy w szczycie: 18.5/h (rozkład ZTM 21.10.2026)", "id": "18c6693172", "status": "", "uwagi": "", "_umap_options": {"color": "#0f9b8e", "weight": 5, "opacity": 0.9}}}, {"type": "Feature", "geometry": {"type": "MultiLineString", "coordinates": [[[20.97724, 52.22937], [20.97564, 52.22922], [20.97454, 52.22916]], [[20.97651, 52.22924], [20.97637, 52.22928], [20.97649, 52.22935]], [[20.97476, 52.22911], [20.97462, 52.22916], [20.97475, 52.22923]]]}, "properties": {"name": "Marcina Kasprzaka → zachód", "description": "Kierunek jazdy: **zachód**\nDługość: 186 m\nŹródło: OpenStreetMap\nAutobusy w szczycie: 18.5/h (rozkład ZTM 21.10.2026)", "id": "683f7ae6c3", "status": "", "uwagi": "", "_umap_options": {"color": "#0f9b8e", "weight": 5, "opacity": 0.9}}}, {"type": "Feature", "geometry": {"type": "MultiLineString", "coordinates": [[[20.946, 52.22654], [20.95131, 52.22739], [20.95191, 52.22745], [20.95337, 52.22755]], [[20.9467, 52.22671], [20.94685, 52.22668], [20.94674, 52.2266]], [[20.9484, 52.22699], [20.94855, 52.22695], [20.94844, 52.22688]], [[20.9501, 52.22725], [20.95025, 52.22722], [20.95014, 52.22714]], [[20.95182, 52.2275], [20.95196, 52.22746], [20.95184, 52.22739]]]}, "properties": {"name": "Marcina Kasprzaka → wschód", "description": "Kierunek jazdy: **wschód**\nDługość: 517 m\nŹródło: OpenStreetMap\nAutobusy w szczycie: 16.5/h (rozkład ZTM 21.10.2026)", "id": "b3ca12749b", "status": "", "uwagi": "", "_umap_options": {"color": "#0f9b8e", "weight": 5, "opacity": 0.9}}}, {"type": "Feature", "geometry": {"type": "MultiLineString", "coordinates": [[[20.95486, 52.22765], [20.95536, 52.22769]], [[20.95497, 52.22771], [20.95511, 52.22767], [20.95499, 52.2276]]]}, "properties": {"name": "Marcina Kasprzaka → wschód", "description": "Kierunek jazdy: **wschód**\nDługość: 35 m\nŹródło: OpenStreetMap\nAutobusy w szczycie: 16.5/h (rozkład ZTM 21.10.2026)", "id": "bd79e86e25", "status": "", "uwagi": "", "_umap_options": {"color": "#0f9b8e", "weight": 5, "opacity": 0.9}}}, {"type": "Feature", "geometry": {"type": "MultiLineString", "coordinates": [[[20.95959, 52.22797], [20.96347, 52.22819]], [[20.96033, 52.22807], [20.96047, 52.22802], [20.96035, 52.22796]], [[20.96208, 52.22817], [20.96222, 52.22812], [20.9621, 52.22806]]]}, "properties": {"name": "Marcina Kasprzaka → wschód", "description": "Kierunek jazdy: **wschód**\nDługość: 266 m\nŹródło: OpenStreetMap\nAutobusy w szczycie: 12.0/h (rozkład ZTM 21.10.2026)", "id": "5546a7d8fd", "status": "", "uwagi": "", "_umap_options": {"color": "#0f9b8e", "weight": 5, "opacity": 0.9}}}, {"type": "Feature", "geometry": {"type": "MultiLineString", "coordinates": [[[20.97213, 52.22875], [20.97507, 52.22894]], [[20.97286, 52.22885], [20.973, 52.2288], [20.97288, 52.22874]], [[20.97461, 52.22897], [20.97475, 52.22892], [20.97463, 52.22886]]]}, "properties": {"name": "Marcina Kasprzaka → wschód", "description": "Kierunek jazdy: **wschód**\nDługość: 202 m\nŹródło: OpenStreetMap, mapa miasta (stan 2021)\nMapa miasta: Krzyżanowskiego - Korczaka, codziennie, całodobowo\nAutobusy w szczycie: 12.5/h (rozkład ZTM 21.10.2026)", "id": "6c5db4a75e", "status": "", "uwagi": "", "_umap_options": {"color": "#1f63d1", "weight": 5, "opacity": 0.9}}}, {"type": "Feature", "geometry": {"type": "MultiLineString", "coordinates": [[[21.01141, 52.2307], [21.01015, 52.23282]], [[21.01105, 52.23111], [21.01109, 52.23121], [21.01123, 52.23115]], [[21.01045, 52.23213], [21.01049, 52.23222], [21.01062, 52.23216]]]}, "properties": {"name": "Marszałkowska → północ", "description": "Kierunek jazdy: **północ**\nDługość: 251 m\nŹródło: mapa miasta (stan 2021)\nMapa miasta: Widok - Złota, codziennie, całodobowo\nAutobusy w szczycie: 2.0/h (rozkład ZTM 21.10.2026)", "id": "2f484e51c6", "status": "", "uwagi": "", "_umap_options": {"color": "#e08a00", "weight": 5, "opacity": 0.9}}}, {"type": "Feature", "geometry": {"type": "MultiLineString", "coordinates": [[[21.01259, 52.24624], [21.01226, 52.24634]], [[21.0125, 52.2462], [21.01243, 52.24629], [21.01258, 52.24631]]]}, "properties": {"name": "Miodowa → płn.-zachód", "description": "Kierunek jazdy: **płn.-zachód**\nDługość: 25 m\nŹródło: mapa miasta (stan 2021)\nMapa miasta: Smolna - Senatorska, codziennie, całodobowo\nAutobusy w szczycie: 25.5/h (rozkład ZTM 21.10.2026)", "id": "7a5f998089", "status": "", "uwagi": "", "_umap_options": {"color": "#e08a00", "weight": 5, "opacity": 0.9}}}, {"type": "Feature", "geometry": {"type": "MultiLineString", "coordinates": [[[21.01221, 52.24628], [21.01254, 52.24618]], [[21.01229, 52.24631], [21.01237, 52.24623], [21.01221, 52.24621]]]}, "properties": {"name": "Miodowa → płd.-wschód", "description": "Kierunek jazdy: **płd.-wschód**\nDługość: 25 m\nŹródło: mapa miasta (stan 2021)\nMapa miasta: Senatorska - Smolna, codziennie, całodobowo\nAutobusy w szczycie: 34.0/h (rozkład ZTM 21.10.2026)", "id": "71f7d9cef1", "status": "", "uwagi": "", "_umap_options": {"color": "#e08a00", "weight": 5, "opacity": 0.9}}}, {"type": "Feature", "geometry": {"type": "MultiLineString", "coordinates": [[[21.01351, 52.24609], [21.01335, 52.24613], [21.01276, 52.24619], [21.01259, 52.24624]], [[21.01317, 52.24609], [21.01305, 52.24616], [21.01319, 52.2462]]]}, "properties": {"name": "Miodowa → zachód", "description": "Kierunek jazdy: **zachód**\nDługość: 66 m\nŹródło: OpenStreetMap, mapa miasta (stan 2021)\nUlica tylko dla autobusów\nMapa miasta: Smolna - Senatorska, codziennie, całodobowo\nAutobusy w szczycie: 25.5/h (rozkład ZTM 21.10.2026)", "id": "35cd4f4a99", "status": "", "uwagi": "", "_umap_options": {"color": "#1f63d1", "weight": 5, "opacity": 0.9}}}, {"type": "Feature", "geometry": {"type": "MultiLineString", "coordinates": [[[21.01254, 52.24618], [21.01273, 52.24612], [21.01333, 52.24606], [21.01346, 52.24602]], [[21.01288, 52.24616], [21.013, 52.24609], [21.01285, 52.24605]]]}, "properties": {"name": "Miodowa → wschód", "description": "Kierunek jazdy: **wschód**\nDługość: 66 m\nŹródło: OpenStreetMap, mapa miasta (stan 2021)\nUlica tylko dla autobusów\nMapa miasta: Senatorska - Smolna, codziennie, całodobowo\nAutobusy w szczycie: 34.0/h (rozkład ZTM 21.10.2026)", "id": "f4536cc2c5", "status": "", "uwagi": "", "_umap_options": {"color": "#1f63d1", "weight": 5, "opacity": 0.9}}}, {"type": "Feature", "geometry": {"type": "MultiLineString", "coordinates": [[[20.97449, 52.31794], [20.97203, 52.32145], [20.97139, 52.32242], [20.97083, 52.32317], [20.96979, 52.32472], [20.966, 52.33128], [20.96581, 52.33151], [20.96476, 52.33246], [20.96296, 52.33394], [20.95746, 52.33868], [20.95325, 52.34224], [20.9524, 52.34301], [20.95189, 52.34353], [20.95124, 52.3443], [20.95022, 52.34554], [20.94919, 52.34686], [20.94625, 52.3502]], [[20.97412, 52.31834], [20.97415, 52.31843], [20.97429, 52.31838]], [[20.97341, 52.31932], [20.97344, 52.31942], [20.97358, 52.31937]], [[20.97273, 52.32032], [20.97276, 52.32042], [20.9729, 52.32036]], [[20.97203, 52.32131], [20.97206, 52.32141], [20.9722, 52.32136]], [[20.97136, 52.32231], [20.97139, 52.3224], [20.97153, 52.32235]], [[20.97065, 52.3233], [20.97068, 52.32339], [20.97082, 52.32334]], [[20.96997, 52.32429], [20.97001, 52.32439], [20.97014, 52.32433]], [[20.96934, 52.3253], [20.96938, 52.3254], [20.96951, 52.32534]], [[20.96875, 52.32632], [20.9688, 52.32641], [20.96893, 52.32636]], [[20.96817, 52.32734], [20.96821, 52.32743], [20.96835, 52.32737]], [[20.96758, 52.32835], [20.96763, 52.32845], [20.96776, 52.32839]], [[20.96699, 52.32937], [20.96703, 52.32946], [20.96716, 52.32941]], [[20.9664, 52.33039], [20.96645, 52.33048], [20.96658, 52.33042]], [[20.96581, 52.33139], [20.96583, 52.33149], [20.96597, 52.33144]], [[20.96484, 52.33229], [20.96484, 52.33239], [20.965, 52.33235]], [[20.9638, 52.33315], [20.9638, 52.33325], [20.96395, 52.33322]], [[20.96276, 52.33402], [20.96276, 52.33412], [20.96291, 52.33409]], [[20.96174, 52.3349], [20.96174, 52.335], [20.96189, 52.33497]], [[20.96072, 52.33578], [20.96072, 52.33588], [20.96087, 52.33585]], [[20.95969, 52.33666], [20.95969, 52.33676], [20.95984, 52.33673]], [[20.95867, 52.33754], [20.95867, 52.33764], [20.95882, 52.3376]], [[20.95765, 52.33842], [20.95765, 52.33852], [20.9578, 52.33848]], [[20.95661, 52.33929], [20.95661, 52.33939], [20.95676, 52.33936]], [[20.95557, 52.34016], [20.95557, 52.34026], [20.95572, 52.34023]], [[20.95455, 52.34104], [20.95455, 52.34114], [20.9547, 52.34111]], [[20.95352, 52.34192], [20.95352, 52.34201], [20.95367, 52.34198]], [[20.95251, 52.3428], [20.95252, 52.3429], [20.95267, 52.34287]], [[20.95161, 52.34374], [20.95163, 52.34383], [20.95178, 52.34379]], [[20.95081, 52.3447], [20.95083, 52.34479], [20.95097, 52.34475]], [[20.95002, 52.34566], [20.95005, 52.34576], [20.95019, 52.34571]], [[20.94927, 52.34664], [20.94929, 52.34674], [20.94944, 52.34669]], [[20.94844, 52.34759], [20.94846, 52.34769], [20.9486, 52.34764]], [[20.94761, 52.34854], [20.94763, 52.34864], [20.94777, 52.34859]], [[20.94676, 52.34948], [20.94678, 52.34958], [20.94692, 52.34954]]]}, "properties": {"name": "Modlińska → płn.-zachód", "description": "Kierunek jazdy: **płn.-zachód**\nDługość: 4097 m\nŹródło: komunikat ZDM / zgłoszenie\nOtwarty: 2023-12-20\nUwagi: DO WERYFIKACJI: źródło nie podaje kierunku — przyjęto oba; \"Alkuzyjna\" w źródle = ul. Aluzyjna (literówka)\nAutobusy w szczycie: 45.0/h (rozkład ZTM 21.10.2026)", "id": "e46718c9ae", "status": "", "uwagi": "", "_umap_options": {"color": "#7b45c9", "weight": 5, "opacity": 0.9}}}, {"type": "Feature", "geometry": {"type": "MultiLineString", "coordinates": [[[20.97576, 52.3165], [20.97551, 52.31679], [20.97489, 52.31764], [20.97449, 52.31794]], [[20.97534, 52.31688], [20.97537, 52.31698], [20.97551, 52.31693]], [[20.97453, 52.31781], [20.97452, 52.31791], [20.97468, 52.31788]]]}, "properties": {"name": "Modlińska → płn.-zachód", "description": "Kierunek jazdy: **płn.-zachód**\nDługość: 184 m\nŹródło: komunikat ZDM / zgłoszenie\nOtwarty: 2023-12-20\nUwagi: DO WERYFIKACJI: źródło nie podaje kierunku — przyjęto oba; \"Alkuzyjna\" w źródle = ul. Aluzyjna (literówka)\nAutobusy w szczycie: 27.5/h (rozkład ZTM 21.10.2026)", "id": "2840ee62a5", "status": "", "uwagi": "", "_umap_options": {"color": "#7b45c9", "weight": 5, "opacity": 0.9}}}, {"type": "Feature", "geometry": {"type": "MultiLineString", "coordinates": [[[20.97693, 52.31451], [20.97687, 52.31489], [20.97631, 52.31566], [20.97586, 52.31636]], [[20.97674, 52.31493], [20.97677, 52.31503], [20.97691, 52.31498]], [[20.97602, 52.31592], [20.97607, 52.31602], [20.9762, 52.31596]]]}, "properties": {"name": "Modlińska → północ", "description": "Kierunek jazdy: **północ**\nDługość: 220 m\nŹródło: komunikat ZDM / zgłoszenie\nOtwarty: 2023-12-20\nUwagi: DO WERYFIKACJI: źródło nie podaje kierunku — przyjęto oba; \"Alkuzyjna\" w źródle = ul. Aluzyjna (literówka)\nAutobusy w szczycie: 19.5/h (rozkład ZTM 21.10.2026)", "id": "d3d4722983", "status": "", "uwagi": "", "_umap_options": {"color": "#7b45c9", "weight": 5, "opacity": 0.9}}}, {"type": "Feature", "geometry": {"type": "MultiLineString", "coordinates": [[[20.97692, 52.31452], [20.9767, 52.3147], [20.97631, 52.31523], [20.97454, 52.31774], [20.9745, 52.31793]], [[20.97646, 52.31489], [20.97649, 52.31499], [20.97663, 52.31493]], [[20.97576, 52.31588], [20.97579, 52.31597], [20.97592, 52.31592]], [[20.97505, 52.31687], [20.97509, 52.31696], [20.97522, 52.31691]]]}, "properties": {"name": "Modlińska → płn.-zachód", "description": "Kierunek jazdy: **płn.-zachód**\nDługość: 417 m\nŹródło: komunikat ZDM / zgłoszenie\nOtwarty: 2023-12-20\nUwagi: DO WERYFIKACJI: źródło nie podaje kierunku — przyjęto oba; \"Alkuzyjna\" w źródle = ul. Aluzyjna (literówka)\nAutobusy w szczycie: 18.0/h (rozkład ZTM 21.10.2026)", "id": "e8729eb154", "status": "", "uwagi": "", "_umap_options": {"color": "#7b45c9", "weight": 5, "opacity": 0.9}}}, {"type": "Feature", "geometry": {"type": "MultiLineString", "coordinates": [[[21.00018, 52.29331], [20.99871, 52.29468], [20.99813, 52.29517], [20.99796, 52.29537], [20.99624, 52.29694], [20.9942, 52.29887], [20.99109, 52.30187], [20.98934, 52.30363], [20.98794, 52.30475], [20.98628, 52.306], [20.98548, 52.3067], [20.98342, 52.30835], [20.98253, 52.309], [20.98049, 52.31042], [20.97941, 52.31127], [20.97897, 52.31169], [20.97847, 52.31231], [20.97693, 52.31452]], [[20.99971, 52.29366], [20.99971, 52.29376], [20.99986, 52.29373]], [[20.99873, 52.29456], [20.99873, 52.29466], [20.99888, 52.29462]], [[20.99774, 52.29545], [20.99774, 52.29555], [20.99789, 52.29552]], [[20.99676, 52.29635], [20.99677, 52.29645], [20.99692, 52.29641]], [[20.9958, 52.29725], [20.9958, 52.29735], [20.99595, 52.29731]], [[20.99485, 52.29816], [20.99485, 52.29826], [20.995, 52.29822]], [[20.99389, 52.29907], [20.9939, 52.29917], [20.99405, 52.29913]], [[20.99295, 52.29998], [20.99295, 52.30008], [20.9931, 52.30004]], [[20.992, 52.30089], [20.99201, 52.30099], [20.99216, 52.30095]], [[20.99105, 52.3018], [20.99106, 52.3019], [20.99121, 52.30186]], [[20.99014, 52.30272], [20.99015, 52.30282], [20.9903, 52.30278]], [[20.98922, 52.30363], [20.98922, 52.30373], [20.98937, 52.3037]], [[20.98814, 52.30449], [20.98814, 52.30459], [20.98829, 52.30455]], [[20.98705, 52.30533], [20.98704, 52.30543], [20.98719, 52.3054]], [[20.98596, 52.30618], [20.98596, 52.30628], [20.98611, 52.30625]], [[20.98492, 52.30705], [20.98491, 52.30715], [20.98507, 52.30712]], [[20.98384, 52.3079], [20.98383, 52.308], [20.98399, 52.30797]], [[20.98276, 52.30875], [20.98274, 52.30885], [20.9829, 52.30882]], [[20.98161, 52.30956], [20.98159, 52.30966], [20.98175, 52.30964]], [[20.98044, 52.31037], [20.98043, 52.31047], [20.98058, 52.31044]], [[20.97934, 52.31122], [20.97935, 52.31132], [20.9795, 52.31129]], [[20.97848, 52.31217], [20.97851, 52.31227], [20.97865, 52.31222]], [[20.97779, 52.31316], [20.97782, 52.31326], [20.97796, 52.31321]], [[20.97708, 52.31415], [20.97712, 52.31425], [20.97725, 52.3142]]]}, "properties": {"name": "Modlińska → płn.-zachód", "description": "Kierunek jazdy: **płn.-zachód**\nDługość: 2852 m\nŹródło: komunikat ZDM / zgłoszenie\nOtwarty: 2023-12-20\nUwagi: DO WERYFIKACJI: źródło nie podaje kierunku — przyjęto oba; \"Alkuzyjna\" w źródle = ul. Aluzyjna (literówka)\nAutobusy w szczycie: 47.5/h (rozkład ZTM 21.10.2026)", "id": "9a1097fa9c", "status": "", "uwagi": "", "_umap_options": {"color": "#7b45c9", "weight": 5, "opacity": 0.9}}}, {"type": "Feature", "geometry": {"type": "MultiLineString", "coordinates": [[[20.94601, 52.34993], [20.95118, 52.3438], [20.95207, 52.34281], [20.96057, 52.33551], [20.96517, 52.3316], [20.96537, 52.33141], [20.96555, 52.33118], [20.96589, 52.33062], [20.96956, 52.3243], [20.97067, 52.32268], [20.97248, 52.32018], [20.97411, 52.3178]], [[20.94642, 52.34955], [20.9464, 52.34945], [20.94626, 52.3495]], [[20.94723, 52.34859], [20.94721, 52.34849], [20.94707, 52.34854]], [[20.94805, 52.34764], [20.94802, 52.34754], [20.94788, 52.34758]], [[20.94886, 52.34668], [20.94884, 52.34658], [20.9487, 52.34663]], [[20.94967, 52.34572], [20.94965, 52.34562], [20.94951, 52.34567]], [[20.95048, 52.34476], [20.95046, 52.34466], [20.95032, 52.34471]], [[20.95129, 52.3438], [20.95127, 52.34371], [20.95112, 52.34375]], [[20.95212, 52.34286], [20.95213, 52.34276], [20.95197, 52.3428]], [[20.95315, 52.34199], [20.95315, 52.34189], [20.953, 52.34192]], [[20.95417, 52.34111], [20.95418, 52.34101], [20.95402, 52.34104]], [[20.95519, 52.34023], [20.95519, 52.34013], [20.95504, 52.34016]], [[20.95622, 52.33935], [20.95622, 52.33925], [20.95607, 52.33928]], [[20.95725, 52.33847], [20.95725, 52.33837], [20.95709, 52.33841]], [[20.95827, 52.33759], [20.95827, 52.3375], [20.95811, 52.33753]], [[20.95928, 52.33671], [20.95929, 52.33661], [20.95913, 52.33665]], [[20.9603, 52.33583], [20.9603, 52.33573], [20.96015, 52.33577]], [[20.96133, 52.33496], [20.96134, 52.33486], [20.96119, 52.33489]], [[20.96236, 52.33408], [20.96236, 52.33398], [20.96221, 52.33402]], [[20.96339, 52.33321], [20.9634, 52.33311], [20.96324, 52.33314]], [[20.96442, 52.33233], [20.96443, 52.33224], [20.96427, 52.33227]], [[20.96544, 52.33144], [20.96542, 52.33134], [20.96528, 52.33139]], [[20.9661, 52.33044], [20.96606, 52.33034], [20.96592, 52.3304]], [[20.96669, 52.32942], [20.96664, 52.32932], [20.96651, 52.32938]], [[20.96728, 52.3284], [20.96723, 52.32831], [20.9671, 52.32836]], [[20.96786, 52.32738], [20.96781, 52.32729], [20.96768, 52.32735]], [[20.96844, 52.32636], [20.9684, 52.32627], [20.96826, 52.32633]], [[20.96904, 52.32535], [20.96899, 52.32525], [20.96886, 52.32531]], [[20.96963, 52.32434], [20.9696, 52.32424], [20.96946, 52.32429]], [[20.97031, 52.32334], [20.97028, 52.32325], [20.97014, 52.3233]], [[20.97101, 52.32235], [20.97098, 52.32226], [20.97084, 52.32231]], [[20.97173, 52.32137], [20.97169, 52.32127], [20.97156, 52.32132]], [[20.97243, 52.32038], [20.9724, 52.32028], [20.97226, 52.32033]], [[20.97312, 52.31938], [20.97309, 52.31929], [20.97295, 52.31934]], [[20.97381, 52.31839], [20.97377, 52.3183], [20.97364, 52.31835]]]}, "properties": {"name": "Modlińska → płd.-wschód", "description": "Kierunek jazdy: **płd.-wschód**\nDługość: 4080 m\nŹródło: komunikat ZDM / zgłoszenie\nOtwarty: 2023-12-20\nUwagi: DO WERYFIKACJI: źródło nie podaje kierunku — przyjęto oba; \"Alkuzyjna\" w źródle = ul. Aluzyjna (literówka)\nAutobusy w szczycie: 47.5/h (rozkład ZTM 21.10.2026)", "id": "c16ea06970", "status": "", "uwagi": "", "_umap_options": {"color": "#7b45c9", "weight": 5, "opacity": 0.9}}}, {"type": "Feature", "geometry": {"type": "MultiLineString", "coordinates": [[[20.99943, 52.29352], [20.99985, 52.29318]], [[20.99963, 52.29345], [20.99964, 52.29335], [20.99948, 52.29338]]]}, "properties": {"name": "Modlińska → płd.-wschód", "description": "Kierunek jazdy: **płd.-wschód**\nDługość: 48 m\nŹródło: komunikat ZDM / zgłoszenie\nOtwarty: 2023-12-20\nUwagi: DO WERYFIKACJI: źródło nie podaje kierunku — przyjęto oba; \"Alkuzyjna\" w źródle = ul. Aluzyjna (literówka)\nAutobusy w szczycie: 31.0/h (rozkład ZTM 21.10.2026)", "id": "bee0a12642", "status": "", "uwagi": "", "_umap_options": {"color": "#7b45c9", "weight": 5, "opacity": 0.9}}}, {"type": "Feature", "geometry": {"type": "MultiLineString", "coordinates": [[[20.97412, 52.31779], [20.97431, 52.31764], [20.97642, 52.31466], [20.97649, 52.31442], [20.978, 52.31233]], [[20.97457, 52.31742], [20.97453, 52.31732], [20.9744, 52.31737]], [[20.97527, 52.31643], [20.97523, 52.31633], [20.9751, 52.31638]], [[20.97596, 52.31544], [20.97593, 52.31534], [20.9758, 52.31539]], [[20.97659, 52.31443], [20.97655, 52.31434], [20.97642, 52.31439]], [[20.97729, 52.31345], [20.97726, 52.31335], [20.97713, 52.3134]], [[20.97801, 52.31246], [20.97798, 52.31236], [20.97784, 52.31241]]]}, "properties": {"name": "Modlińska → płd.-wschód", "description": "Kierunek jazdy: **płd.-wschód**\nDługość: 665 m\nŹródło: mapa miasta (stan 2021), komunikat ZDM / zgłoszenie\nMapa miasta: Leliwitów - Elektronowa, dni powszednie, 6-10\nOtwarty: 2023-12-20\nUwagi: DO WERYFIKACJI: źródło nie podaje kierunku — przyjęto oba; \"Alkuzyjna\" w źródle = ul. Aluzyjna (literówka)\nAutobusy w szczycie: 39.5/h (rozkład ZTM 21.10.2026)", "id": "59ea620e60", "status": "", "uwagi": "", "_umap_options": {"color": "#1f63d1", "weight": 5, "opacity": 0.9}}}, {"type": "Feature", "geometry": {"type": "MultiLineString", "coordinates": [[[20.97412, 52.31766], [20.97414, 52.3175]], [[20.97421, 52.31766], [20.97413, 52.31758], [20.97403, 52.31765]]]}, "properties": {"name": "Modlińska → południe", "description": "Kierunek jazdy: **południe**\nDługość: 18 m\nŹródło: mapa miasta (stan 2021), komunikat ZDM / zgłoszenie\nMapa miasta: Leliwitów - Elektronowa, dni powszednie, 6-10\nOtwarty: 2023-12-20\nUwagi: DO WERYFIKACJI: źródło nie podaje kierunku — przyjęto oba; \"Alkuzyjna\" w źródle = ul. Aluzyjna (literówka)\nAutobusy w szczycie: 25.0/h (rozkład ZTM 21.10.2026)", "id": "ce7d15c18e", "status": "", "uwagi": "", "_umap_options": {"color": "#1f63d1", "weight": 5, "opacity": 0.9}}}, {"type": "Feature", "geometry": {"type": "MultiLineString", "coordinates": [[[20.9752, 52.31595], [20.97552, 52.3156], [20.97613, 52.31475]], [[20.97564, 52.31558], [20.97561, 52.31548], [20.97547, 52.31553]]]}, "properties": {"name": "Modlińska → płd.-wschód", "description": "Kierunek jazdy: **płd.-wschód**\nDługość: 149 m\nŹródło: mapa miasta (stan 2021), komunikat ZDM / zgłoszenie\nMapa miasta: Leliwitów - Elektronowa, dni powszednie, 6-10\nOtwarty: 2023-12-20\nUwagi: DO WERYFIKACJI: źródło nie podaje kierunku — przyjęto oba; \"Alkuzyjna\" w źródle = ul. Aluzyjna (literówka)\nAutobusy w szczycie: 17.0/h (rozkład ZTM 21.10.2026)", "id": "01d225a506", "status": "", "uwagi": "", "_umap_options": {"color": "#1f63d1", "weight": 5, "opacity": 0.9}}}, {"type": "Feature", "geometry": {"type": "MultiLineString", "coordinates": [[[20.98037, 52.3101], [20.98083, 52.30968], [20.98193, 52.30877], [20.98338, 52.30766]], [[20.98086, 52.30975], [20.98086, 52.30965], [20.98071, 52.30968]], [[20.98191, 52.30889], [20.98191, 52.30879], [20.98176, 52.30882]], [[20.98298, 52.30804], [20.98299, 52.30794], [20.98284, 52.30796]]]}, "properties": {"name": "Modlińska → płd.-wschód", "description": "Kierunek jazdy: **płd.-wschód**\nDługość: 340 m\nŹródło: mapa miasta (stan 2021), komunikat ZDM / zgłoszenie\nMapa miasta: Leliwitów - Elektronowa, dni powszednie, 6-10\nOtwarty: 2023-12-20\nUwagi: DO WERYFIKACJI: źródło nie podaje kierunku — przyjęto oba; \"Alkuzyjna\" w źródle = ul. Aluzyjna (literówka)\nAutobusy w szczycie: 41.0/h (rozkład ZTM 21.10.2026)", "id": "5c167b353e", "status": "", "uwagi": "", "_umap_options": {"color": "#1f63d1", "weight": 5, "opacity": 0.9}}}, {"type": "Feature", "geometry": {"type": "MultiLineString", "coordinates": [[[20.98592, 52.30582], [20.98901, 52.30347]], [[20.98646, 52.3055], [20.98647, 52.3054], [20.98632, 52.30543]], [[20.98756, 52.30466], [20.98758, 52.30456], [20.98742, 52.30459]], [[20.98868, 52.30382], [20.98869, 52.30372], [20.98853, 52.30375]]]}, "properties": {"name": "Modlińska → płd.-wschód", "description": "Kierunek jazdy: **płd.-wschód**\nDługość: 335 m\nŹródło: mapa miasta (stan 2021), komunikat ZDM / zgłoszenie\nMapa miasta: Leliwitów - Elektronowa, dni powszednie, 6-10\nOtwarty: 2023-12-20\nUwagi: DO WERYFIKACJI: źródło nie podaje kierunku — przyjęto oba; \"Alkuzyjna\" w źródle = ul. Aluzyjna (literówka)\nAutobusy w szczycie: 44.0/h (rozkład ZTM 21.10.2026)", "id": "6cd506f95b", "status": "", "uwagi": "", "_umap_options": {"color": "#1f63d1", "weight": 5, "opacity": 0.9}}}, {"type": "Feature", "geometry": {"type": "MultiLineString", "coordinates": [[[20.99434, 52.29841], [20.99578, 52.29703]], [[20.99482, 52.29806], [20.99482, 52.29796], [20.99467, 52.298]], [[20.99577, 52.29715], [20.99576, 52.29705], [20.99561, 52.29709]]]}, "properties": {"name": "Modlińska → płd.-wschód", "description": "Kierunek jazdy: **płd.-wschód**\nDługość: 183 m\nŹródło: mapa miasta (stan 2021), komunikat ZDM / zgłoszenie\nMapa miasta: Leliwitów - Elektronowa, dni powszednie, 6-10\nOtwarty: 2023-12-20\nUwagi: DO WERYFIKACJI: źródło nie podaje kierunku — przyjęto oba; \"Alkuzyjna\" w źródle = ul. Aluzyjna (literówka)\nAutobusy w szczycie: 51.5/h (rozkład ZTM 21.10.2026)", "id": "8dc8c99969", "status": "", "uwagi": "", "_umap_options": {"color": "#1f63d1", "weight": 5, "opacity": 0.9}}}, {"type": "Feature", "geometry": {"type": "MultiLineString", "coordinates": [[[20.99814, 52.29477], [20.99942, 52.29353]], [[20.99862, 52.29441], [20.99862, 52.29431], [20.99847, 52.29435]]]}, "properties": {"name": "Modlińska → płd.-wschód", "description": "Kierunek jazdy: **płd.-wschód**\nDługość: 164 m\nŹródło: OpenStreetMap, komunikat ZDM / zgłoszenie\nOtwarty: 2023-12-20\nUwagi: DO WERYFIKACJI: źródło nie podaje kierunku — przyjęto oba; \"Alkuzyjna\" w źródle = ul. Aluzyjna (literówka)\nAutobusy w szczycie: 52.0/h (rozkład ZTM 21.10.2026)", "id": "778ac39e19", "status": "", "uwagi": "", "_umap_options": {"color": "#1f63d1", "weight": 5, "opacity": 0.9}}}, {"type": "Feature", "geometry": {"type": "MultiLineString", "coordinates": [[[20.97414, 52.31749], [20.97454, 52.31691], [20.97469, 52.31673], [20.97488, 52.31637]], [[20.97451, 52.31709], [20.97448, 52.31699], [20.97434, 52.31704]]]}, "properties": {"name": "Modlińska → płd.-wschód", "description": "Kierunek jazdy: **płd.-wschód**\nDługość: 134 m\nŹródło: OpenStreetMap, mapa miasta (stan 2021), komunikat ZDM / zgłoszenie\nMapa miasta: Leliwitów - Elektronowa, dni powszednie, 6-10\nOtwarty: 2023-12-20\nUwagi: DO WERYFIKACJI: źródło nie podaje kierunku — przyjęto oba; \"Alkuzyjna\" w źródle = ul. Aluzyjna (literówka)\nAutobusy w szczycie: 25.0/h (rozkład ZTM 21.10.2026)", "id": "9fbf081b6e", "status": "", "uwagi": "", "_umap_options": {"color": "#1f63d1", "weight": 5, "opacity": 0.9}}}, {"type": "Feature", "geometry": {"type": "MultiLineString", "coordinates": [[[20.97613, 52.31475], [20.97628, 52.31457], [20.9765, 52.31442]], [[20.97629, 52.31467], [20.97628, 52.31457], [20.97613, 52.31461]]]}, "properties": {"name": "Modlińska → płd.-wschód", "description": "Kierunek jazdy: **płd.-wschód**\nDługość: 45 m\nŹródło: OpenStreetMap, mapa miasta (stan 2021), komunikat ZDM / zgłoszenie\nMapa miasta: Leliwitów - Elektronowa, dni powszednie, 6-10\nOtwarty: 2023-12-20\nUwagi: DO WERYFIKACJI: źródło nie podaje kierunku — przyjęto oba; \"Alkuzyjna\" w źródle = ul. Aluzyjna (literówka)\nAutobusy w szczycie: 17.0/h (rozkład ZTM 21.10.2026)", "id": "4cbc55cd24", "status": "", "uwagi": "", "_umap_options": {"color": "#1f63d1", "weight": 5, "opacity": 0.9}}}, {"type": "Feature", "geometry": {"type": "MultiLineString", "coordinates": [[[20.978, 52.31233], [20.97855, 52.31164], [20.97897, 52.31121], [20.9794, 52.31083], [20.98037, 52.3101]], [[20.97841, 52.31194], [20.97838, 52.31184], [20.97824, 52.31189]], [[20.9793, 52.31102], [20.97929, 52.31092], [20.97914, 52.31096]]]}, "properties": {"name": "Modlińska → płd.-wschód", "description": "Kierunek jazdy: **płd.-wschód**\nDługość: 297 m\nŹródło: OpenStreetMap, mapa miasta (stan 2021), komunikat ZDM / zgłoszenie\nMapa miasta: Leliwitów - Elektronowa, dni powszednie, 6-10\nOtwarty: 2023-12-20\nUwagi: DO WERYFIKACJI: źródło nie podaje kierunku — przyjęto oba; \"Alkuzyjna\" w źródle = ul. Aluzyjna (literówka)\nAutobusy w szczycie: 41.0/h (rozkład ZTM 21.10.2026)", "id": "779044a458", "status": "", "uwagi": "", "_umap_options": {"color": "#1f63d1", "weight": 5, "opacity": 0.9}}}, {"type": "Feature", "geometry": {"type": "MultiLineString", "coordinates": [[[20.98338, 52.30766], [20.98488, 52.30653], [20.98592, 52.30582]], [[20.98392, 52.30734], [20.98394, 52.30724], [20.98378, 52.30727]], [[20.98504, 52.30651], [20.98506, 52.30641], [20.9849, 52.30643]]]}, "properties": {"name": "Modlińska → płd.-wschód", "description": "Kierunek jazdy: **płd.-wschód**\nDługość: 268 m\nŹródło: OpenStreetMap, mapa miasta (stan 2021), komunikat ZDM / zgłoszenie\nMapa miasta: Leliwitów - Elektronowa, dni powszednie, 6-10\nOtwarty: 2023-12-20\nUwagi: DO WERYFIKACJI: źródło nie podaje kierunku — przyjęto oba; \"Alkuzyjna\" w źródle = ul. Aluzyjna (literówka)\nAutobusy w szczycie: 44.0/h (rozkład ZTM 21.10.2026)", "id": "5377138c9d", "status": "", "uwagi": "", "_umap_options": {"color": "#1f63d1", "weight": 5, "opacity": 0.9}}}, {"type": "Feature", "geometry": {"type": "MultiLineString", "coordinates": [[[20.98901, 52.30348], [20.9903, 52.30228], [20.99434, 52.29841]], [[20.98952, 52.30313], [20.98951, 52.30303], [20.98936, 52.30307]], [[20.99047, 52.30222], [20.99047, 52.30213], [20.99032, 52.30216]], [[20.99142, 52.30132], [20.99141, 52.30122], [20.99126, 52.30125]], [[20.99237, 52.30041], [20.99236, 52.30031], [20.99221, 52.30035]], [[20.99332, 52.2995], [20.99331, 52.2994], [20.99316, 52.29944]], [[20.99427, 52.29859], [20.99426, 52.29849], [20.99411, 52.29853]]]}, "properties": {"name": "Modlińska → płd.-wschód", "description": "Kierunek jazdy: **płd.-wschód**\nDługość: 670 m\nŹródło: OpenStreetMap, mapa miasta (stan 2021), komunikat ZDM / zgłoszenie\nMapa miasta: Leliwitów - Elektronowa, dni powszednie, 6-10\nOtwarty: 2023-12-20\nUwagi: DO WERYFIKACJI: źródło nie podaje kierunku — przyjęto oba; \"Alkuzyjna\" w źródle = ul. Aluzyjna (literówka)\nAutobusy w szczycie: 51.5/h (rozkład ZTM 21.10.2026)", "id": "2c5ebd5d49", "status": "", "uwagi": "", "_umap_options": {"color": "#1f63d1", "weight": 5, "opacity": 0.9}}}, {"type": "Feature", "geometry": {"type": "MultiLineString", "coordinates": [[[20.99578, 52.29703], [20.99814, 52.29477]], [[20.99626, 52.29667], [20.99626, 52.29658], [20.99611, 52.29661]], [[20.99721, 52.29576], [20.9972, 52.29567], [20.99706, 52.2957]]]}, "properties": {"name": "Modlińska → płd.-wschód", "description": "Kierunek jazdy: **płd.-wschód**\nDługość: 299 m\nŹródło: OpenStreetMap, mapa miasta (stan 2021), komunikat ZDM / zgłoszenie\nMapa miasta: Leliwitów - Elektronowa, dni powszednie, 6-10\nOtwarty: 2023-12-20\nUwagi: DO WERYFIKACJI: źródło nie podaje kierunku — przyjęto oba; \"Alkuzyjna\" w źródle = ul. Aluzyjna (literówka)\nAutobusy w szczycie: 51.5/h (rozkład ZTM 21.10.2026)", "id": "4d3e27bb3a", "status": "", "uwagi": "", "_umap_options": {"color": "#1f63d1", "weight": 5, "opacity": 0.9}}}, {"type": "Feature", "geometry": {"type": "MultiLineString", "coordinates": [[[21.01412, 52.26203], [21.01464, 52.2621]], [[21.01423, 52.2621], [21.01438, 52.26207], [21.01427, 52.26199]]]}, "properties": {"name": "Most Gdański → wschód", "description": "Kierunek jazdy: **wschód**\nDługość: 36 m\nŹródło: OpenStreetMap\nAutobusy w szczycie: 7.0/h (rozkład ZTM 21.10.2026)", "id": "ad9a2279e9", "status": "", "uwagi": "", "_umap_options": {"color": "#0f9b8e", "weight": 5, "opacity": 0.9}}}, {"type": "Feature", "geometry": {"type": "MultiLineString", "coordinates": [[[21.04582, 52.22476], [21.04304, 52.2242]], [[21.04514, 52.22457], [21.04499, 52.2246], [21.04508, 52.22468]], [[21.04348, 52.22423], [21.04332, 52.22425], [21.04342, 52.22433]]]}, "properties": {"name": "Most Łazienkowski → zachód", "description": "Kierunek jazdy: **zachód**\nDługość: 200 m\nŹródło: mapa miasta (stan 2021)\nMapa miasta: Ostrobramska - Grójecka, codziennie, całodobowo\nAutobusy w szczycie: 72.5/h (rozkład ZTM 21.10.2026)", "id": "5c73b7f0d7", "status": "", "uwagi": "", "_umap_options": {"color": "#e08a00", "weight": 5, "opacity": 0.9}}}, {"type": "Feature", "geometry": {"type": "MultiLineString", "coordinates": [[[21.0529, 52.22603], [21.0552, 52.22651]], [[21.05358, 52.22623], [21.05373, 52.2262], [21.05363, 52.22613]]]}, "properties": {"name": "Most Łazienkowski → wschód", "description": "Kierunek jazdy: **wschód**\nDługość: 166 m\nŹródło: mapa miasta (stan 2021)\nMapa miasta: Szczęśliwicka - Kanał Gocławski, codziennie, całodobowo\nAutobusy w szczycie: 71.0/h (rozkład ZTM 21.10.2026)", "id": "7266e6eb2f", "status": "", "uwagi": "", "_umap_options": {"color": "#e08a00", "weight": 5, "opacity": 0.9}}}, {"type": "Feature", "geometry": {"type": "MultiLineString", "coordinates": [[[21.04304, 52.2242], [21.0417, 52.22392], [21.04092, 52.22371], [21.04032, 52.22351], [21.03926, 52.22312]], [[21.04236, 52.224], [21.04221, 52.22403], [21.04231, 52.2241]], [[21.04075, 52.2236], [21.04059, 52.22361], [21.04067, 52.2237]]]}, "properties": {"name": "Most Łazienkowski → płd.-zachód", "description": "Kierunek jazdy: **płd.-zachód**\nDługość: 286 m\nŹródło: OpenStreetMap, mapa miasta (stan 2021)\nMapa miasta: Ostrobramska - Grójecka, codziennie, całodobowo\nAutobusy w szczycie: 67.0/h (rozkład ZTM 21.10.2026)", "id": "3ef34eb0ae", "status": "", "uwagi": "", "_umap_options": {"color": "#1f63d1", "weight": 5, "opacity": 0.9}}}, {"type": "Feature", "geometry": {"type": "MultiLineString", "coordinates": [[[21.05506, 52.22667], [21.05294, 52.22622], [21.04582, 52.22476]], [[21.05438, 52.22647], [21.05423, 52.2265], [21.05432, 52.22658]], [[21.05272, 52.22611], [21.05257, 52.22614], [21.05267, 52.22622]], [[21.05106, 52.22577], [21.0509, 52.2258], [21.051, 52.22588]], [[21.04939, 52.22543], [21.04923, 52.22546], [21.04933, 52.22554]], [[21.04772, 52.22509], [21.04757, 52.22512], [21.04766, 52.2252]], [[21.04605, 52.22475], [21.0459, 52.22478], [21.04599, 52.22486]]]}, "properties": {"name": "Most Łazienkowski → zachód", "description": "Kierunek jazdy: **zachód**\nDługość: 666 m\nŹródło: OpenStreetMap, mapa miasta (stan 2021)\nMapa miasta: Ostrobramska - Grójecka, codziennie, całodobowo\nAutobusy w szczycie: 72.5/h (rozkład ZTM 21.10.2026)", "id": "b40b07397e", "status": "", "uwagi": "", "_umap_options": {"color": "#1f63d1", "weight": 5, "opacity": 0.9}}}, {"type": "Feature", "geometry": {"type": "MultiLineString", "coordinates": [[[21.03933, 52.22295], [21.04072, 52.22347], [21.04178, 52.22376], [21.0529, 52.22603]], [[21.03992, 52.22324], [21.04008, 52.22324], [21.04001, 52.22315]], [[21.04148, 52.22375], [21.04164, 52.22373], [21.04155, 52.22365]], [[21.04315, 52.2241], [21.0433, 52.22407], [21.04321, 52.22399]], [[21.04481, 52.22445], [21.04497, 52.22442], [21.04487, 52.22434]], [[21.04648, 52.22479], [21.04663, 52.22476], [21.04654, 52.22468]], [[21.04815, 52.22513], [21.0483, 52.2251], [21.0482, 52.22502]], [[21.04981, 52.22547], [21.04997, 52.22544], [21.04987, 52.22536]], [[21.05148, 52.22581], [21.05164, 52.22578], [21.05154, 52.2257]]]}, "properties": {"name": "Most Łazienkowski → wschód", "description": "Kierunek jazdy: **wschód**\nDługość: 992 m\nŹródło: OpenStreetMap, mapa miasta (stan 2021)\nMapa miasta: Szczęśliwicka - Kanał Gocławski, codziennie, całodobowo\nAutobusy w szczycie: 71.0/h (rozkład ZTM 21.10.2026)", "id": "90ddf4839f", "status": "", "uwagi": "", "_umap_options": {"color": "#1f63d1", "weight": 5, "opacity": 0.9}}}, {"type": "Feature", "geometry": {"type": "MultiLineString", "coordinates": [[[21.02503, 52.25063], [21.01882, 52.24796]], [[21.02447, 52.25032], [21.02431, 52.25032], [21.02437, 52.25041]], [[21.02303, 52.2497], [21.02287, 52.2497], [21.02293, 52.24979]], [[21.02159, 52.24908], [21.02143, 52.24908], [21.02149, 52.24917]], [[21.02015, 52.24846], [21.01999, 52.24846], [21.02005, 52.24856]]]}, "properties": {"name": "Most Śląsko-Dąbrowski → płd.-zachód", "description": "Kierunek jazdy: **płd.-zachód**\nDługość: 518 m\nŹródło: OpenStreetMap, mapa miasta (stan 2021)\nMapa miasta: Krynoliny - Andersa, codziennie, całodobowo\nAutobusy w szczycie: 10.0/h (rozkład ZTM 21.10.2026)", "id": "aacf7b45b8", "status": "", "uwagi": "", "_umap_options": {"color": "#1f63d1", "weight": 5, "opacity": 0.9}}}, {"type": "Feature", "geometry": {"type": "MultiLineString", "coordinates": [[[21.01889, 52.2479], [21.0251, 52.25057]], [[21.01945, 52.24821], [21.01961, 52.24821], [21.01955, 52.24812]], [[21.02089, 52.24883], [21.02105, 52.24883], [21.02099, 52.24874]], [[21.02233, 52.24945], [21.02249, 52.24945], [21.02243, 52.24935]], [[21.02377, 52.25007], [21.02393, 52.25007], [21.02387, 52.24997]]]}, "properties": {"name": "Most Śląsko-Dąbrowski → płn.-wschód", "description": "Kierunek jazdy: **płn.-wschód**\nDługość: 518 m\nŹródło: OpenStreetMap, mapa miasta (stan 2021)\nMapa miasta: Okopowa - Jagiellońska, codziennie, całodobowo\nAutobusy w szczycie: 10.0/h (rozkład ZTM 21.10.2026)", "id": "7cf45cb71a", "status": "", "uwagi": "", "_umap_options": {"color": "#1f63d1", "weight": 5, "opacity": 0.9}}}, {"type": "Feature", "geometry": {"type": "MultiLineString", "coordinates": [[[21.03549, 52.22207], [21.03514, 52.22199], [21.03483, 52.22197]], [[21.03532, 52.22197], [21.03517, 52.222], [21.03527, 52.22208]]]}, "properties": {"name": "Myśliwiecka → zachód", "description": "Kierunek jazdy: **zachód**\nDługość: 48 m\nŹródło: mapa miasta (stan 2021)\nMapa miasta: Ostrobramska - Grójecka, codziennie, całodobowo\nAutobusy w szczycie: 8.0/h (rozkład ZTM 21.10.2026)", "id": "df33316954", "status": "", "uwagi": "", "_umap_options": {"color": "#e08a00", "weight": 5, "opacity": 0.9}}}, {"type": "Feature", "geometry": {"type": "MultiLineString", "coordinates": [[[21.02101, 52.23199], [21.02087, 52.23206], [21.02068, 52.23211]], [[21.02092, 52.23197], [21.02086, 52.23206], [21.02102, 52.23207]]]}, "properties": {"name": "Nowy Świat → płn.-zachód", "description": "Kierunek jazdy: **płn.-zachód**\nDługość: 25 m\nŹródło: mapa miasta (stan 2021)\nMapa miasta: Wisłostrada - Miedziana, dni powszednie, 7-9 i 14-18\nAutobusy w szczycie: 41.0/h (rozkład ZTM 21.10.2026)", "id": "05e738eafa", "status": "", "uwagi": "", "_umap_options": {"color": "#e08a00", "weight": 5, "opacity": 0.9}}}, {"type": "Feature", "geometry": {"type": "MultiLineString", "coordinates": [[[21.02068, 52.23211], [21.0202, 52.23224], [21.02015, 52.23231], [21.0199, 52.23274], [21.01975, 52.23289], [21.01952, 52.23326], [21.01899, 52.23426], [21.01871, 52.23487], [21.01842, 52.23562], [21.01793, 52.23718], [21.01769, 52.23821]], [[21.02003, 52.23235], [21.02007, 52.23244], [21.0202, 52.23239]], [[21.01937, 52.23335], [21.01942, 52.23344], [21.01955, 52.23338]], [[21.01884, 52.23438], [21.01889, 52.23447], [21.01901, 52.23441]], [[21.01839, 52.23543], [21.01846, 52.23552], [21.01857, 52.23545]], [[21.01806, 52.23649], [21.01813, 52.23658], [21.01824, 52.23651]], [[21.01775, 52.23755], [21.01782, 52.23764], [21.01793, 52.23757]]]}, "properties": {"name": "Nowy Świat → północ", "description": "Kierunek jazdy: **północ**\nDługość: 728 m\nŹródło: OpenStreetMap, mapa miasta (stan 2021)\nUlica tylko dla autobusów\nMapa miasta: Smolna - Senatorska, codziennie, całodobowo\nAutobusy w szczycie: 47.0/h (rozkład ZTM 21.10.2026)", "id": "80815bb986", "status": "", "uwagi": "", "_umap_options": {"color": "#1f63d1", "weight": 5, "opacity": 0.9}}}, {"type": "Feature", "geometry": {"type": "MultiLineString", "coordinates": [[[21.01758, 52.2382], [21.01782, 52.23717], [21.01831, 52.23561], [21.01859, 52.23485], [21.01888, 52.23424], [21.01941, 52.23324], [21.01964, 52.23287], [21.01979, 52.23271], [21.02004, 52.23228], [21.02038, 52.23181]], [[21.01777, 52.23775], [21.0177, 52.23767], [21.01759, 52.23774]], [[21.01807, 52.23669], [21.018, 52.2366], [21.01789, 52.23667]], [[21.01839, 52.23563], [21.01833, 52.23554], [21.01821, 52.23561]], [[21.01881, 52.23459], [21.01875, 52.2345], [21.01863, 52.23456]], [[21.01934, 52.23356], [21.01929, 52.23347], [21.01916, 52.23353]], [[21.01997, 52.23256], [21.01993, 52.23247], [21.0198, 52.23253]]]}, "properties": {"name": "Nowy Świat → południe", "description": "Kierunek jazdy: **południe**\nDługość: 738 m\nŹródło: OpenStreetMap, mapa miasta (stan 2021)\nUlica tylko dla autobusów\nMapa miasta: Senatorska - Smolna, codziennie, całodobowo\nAutobusy w szczycie: 44.5/h (rozkład ZTM 21.10.2026)", "id": "841f815d2e", "status": "", "uwagi": "", "_umap_options": {"color": "#1f63d1", "weight": 5, "opacity": 0.9}}}, {"type": "Feature", "geometry": {"type": "MultiLineString", "coordinates": [[[20.98902, 52.22438], [20.9896, 52.22461]], [[20.98915, 52.2245], [20.98931, 52.22449], [20.98925, 52.2244]]]}, "properties": {"name": "Plac Artura Zawiszy → płn.-wschód", "description": "Kierunek jazdy: **płn.-wschód**\nDługość: 47 m\nŹródło: mapa miasta (stan 2021)\nMapa miasta: Wawelska - Bracka, dni powszednie, 7-9 i 14-18\nAutobusy w szczycie: 25.5/h (rozkład ZTM 21.10.2026)", "id": "32fa7b1686", "status": "", "uwagi": "", "_umap_options": {"color": "#e08a00", "weight": 5, "opacity": 0.9}}}, {"type": "Feature", "geometry": {"type": "MultiLineString", "coordinates": [[[21.00356, 52.24243], [21.00173, 52.24384]], [[21.00304, 52.24276], [21.00303, 52.24286], [21.00319, 52.24283]], [[21.00193, 52.2436], [21.00192, 52.2437], [21.00208, 52.24367]]]}, "properties": {"name": "Plac Bankowy → płn.-zachód", "description": "Kierunek jazdy: **płn.-zachód**\nDługość: 201 m\nŹródło: mapa miasta (stan 2021)\nMapa miasta: Senatorska - al. Solidarności, codziennie, całodobowo\nAutobusy w szczycie: 15.5/h (rozkład ZTM 21.10.2026)", "id": "9c4edd6213", "status": "", "uwagi": "", "_umap_options": {"color": "#e08a00", "weight": 5, "opacity": 0.9}}}, {"type": "Feature", "geometry": {"type": "MultiLineString", "coordinates": [[[21.00098, 52.24419], [21.00121, 52.24394], [21.00136, 52.24382]], [[21.00117, 52.2441], [21.00115, 52.244], [21.00101, 52.24404]]]}, "properties": {"name": "Plac Bankowy → płd.-wschód", "description": "Kierunek jazdy: **płd.-wschód**\nDługość: 49 m\nŹródło: mapa miasta (stan 2021)\nMapa miasta: al. Solidarności - Senatorska, codziennie, całodobowo\nAutobusy w szczycie: 14.5/h (rozkład ZTM 21.10.2026)", "id": "7a0788198b", "status": "", "uwagi": "", "_umap_options": {"color": "#e08a00", "weight": 5, "opacity": 0.9}}}, {"type": "Feature", "geometry": {"type": "MultiLineString", "coordinates": [[[21.00181, 52.24346], [21.00293, 52.24257]], [[21.00235, 52.24313], [21.00235, 52.24303], [21.0022, 52.24306]]]}, "properties": {"name": "Plac Bankowy → płd.-wschód", "description": "Kierunek jazdy: **płd.-wschód**\nDługość: 125 m\nŹródło: mapa miasta (stan 2021)\nMapa miasta: al. Solidarności - Senatorska, codziennie, całodobowo\nAutobusy w szczycie: 14.5/h (rozkład ZTM 21.10.2026)", "id": "0426651060", "status": "", "uwagi": "", "_umap_options": {"color": "#e08a00", "weight": 5, "opacity": 0.9}}}, {"type": "Feature", "geometry": {"type": "MultiLineString", "coordinates": [[[20.98418, 52.2182], [20.98441, 52.21831], [20.9846, 52.21849]], [[20.98427, 52.2183], [20.98443, 52.21832], [20.98441, 52.21822]]]}, "properties": {"name": "Plac Gabriela Narutowicza → płn.-wschód", "description": "Kierunek jazdy: **płn.-wschód**\nDługość: 42 m\nŹródło: mapa miasta (stan 2021)\nMapa miasta: Wawelska - Bracka, dni powszednie, 7-9 i 14-18\nAutobusy w szczycie: 19.0/h (rozkład ZTM 21.10.2026)", "id": "bb8b365dc6", "status": "", "uwagi": "", "_umap_options": {"color": "#e08a00", "weight": 5, "opacity": 0.9}}}, {"type": "Feature", "geometry": {"type": "MultiLineString", "coordinates": [[[20.98475, 52.21964], [20.98456, 52.21977]], [[20.98467, 52.21961], [20.98465, 52.2197], [20.98481, 52.21968]]]}, "properties": {"name": "Plac Gabriela Narutowicza → płn.-zachód", "description": "Kierunek jazdy: **płn.-zachód**\nDługość: 20 m\nŹródło: mapa miasta (stan 2021)\nAutobusy w szczycie: 7.0/h (rozkład ZTM 21.10.2026)", "id": "f67adab4b7", "status": "", "uwagi": "", "_umap_options": {"color": "#e08a00", "weight": 5, "opacity": 0.9}}}, {"type": "Feature", "geometry": {"type": "MultiLineString", "coordinates": [[[20.98319, 52.21807], [20.98394, 52.21814], [20.98418, 52.2182]], [[20.98355, 52.21816], [20.98369, 52.21812], [20.98358, 52.21805]]]}, "properties": {"name": "Plac Gabriela Narutowicza → wschód", "description": "Kierunek jazdy: **wschód**\nDługość: 68 m\nŹródło: OpenStreetMap, mapa miasta (stan 2021)\nMapa miasta: Wawelska - Bracka, dni powszednie, 7-9 i 14-18\nAutobusy w szczycie: 19.0/h (rozkład ZTM 21.10.2026)", "id": "b0afebd8d7", "status": "", "uwagi": "", "_umap_options": {"color": "#1f63d1", "weight": 5, "opacity": 0.9}}}, {"type": "Feature", "geometry": {"type": "MultiLineString", "coordinates": [[[20.9846, 52.21849], [20.98502, 52.21897], [20.98503, 52.21904], [20.985, 52.21928], [20.98476, 52.21963]], [[20.98487, 52.21892], [20.98501, 52.21897], [20.98503, 52.21887]]]}, "properties": {"name": "Plac Gabriela Narutowicza → północ", "description": "Kierunek jazdy: **północ**\nDługość: 134 m\nŹródło: OpenStreetMap, mapa miasta (stan 2021)\nMapa miasta: Wawelska - Bracka, dni powszednie, 7-9 i 14-18\nAutobusy w szczycie: 19.0/h (rozkład ZTM 21.10.2026)", "id": "7055219a6a", "status": "", "uwagi": "", "_umap_options": {"color": "#1f63d1", "weight": 5, "opacity": 0.9}}}, {"type": "Feature", "geometry": {"type": "MultiLineString", "coordinates": [[[20.97604, 52.21791], [20.9772, 52.21752]], [[20.97655, 52.2178], [20.97662, 52.21771], [20.97646, 52.2177]]]}, "properties": {"name": "Podpułkownika Mieczysława Sokołowskiego „Grzymały” → płd.-wschód", "description": "Kierunek jazdy: **płd.-wschód**\nDługość: 90 m\nŹródło: mapa miasta (stan 2021)\nMapa miasta: Szczęśliwicka - Kanał Gocławski, codziennie, całodobowo\nAutobusy w szczycie: 45.5/h (rozkład ZTM 21.10.2026)", "id": "abf0131a1f", "status": "", "uwagi": "", "_umap_options": {"color": "#e08a00", "weight": 5, "opacity": 0.9}}}, {"type": "Feature", "geometry": {"type": "MultiLineString", "coordinates": [[[20.97326, 52.21883], [20.97604, 52.21791]], [[20.97396, 52.21866], [20.97403, 52.21857], [20.97387, 52.21856]], [[20.97551, 52.21815], [20.97558, 52.21806], [20.97542, 52.21805]]]}, "properties": {"name": "Podpułkownika Mieczysława Sokołowskiego „Grzymały” → płd.-wschód", "description": "Kierunek jazdy: **płd.-wschód**\nDługość: 216 m\nŹródło: OpenStreetMap, mapa miasta (stan 2021)\nMapa miasta: Szczęśliwicka - Kanał Gocławski, codziennie, całodobowo\nAutobusy w szczycie: 46.0/h (rozkład ZTM 21.10.2026)", "id": "2aeb9c11cd", "status": "", "uwagi": "", "_umap_options": {"color": "#1f63d1", "weight": 5, "opacity": 0.9}}}, {"type": "Feature", "geometry": {"type": "MultiLineString", "coordinates": [[[20.92437, 52.26117], [20.92372, 52.26065]], [[20.9242, 52.26094], [20.92404, 52.26091], [20.92405, 52.26101]]]}, "properties": {"name": "Powstańców Śląskich → płd.-zachód", "description": "Kierunek jazdy: **płd.-zachód**\nDługość: 74 m\nŹródło: OpenStreetMap\nAutobusy w szczycie: 23.0/h (rozkład ZTM 21.10.2026)", "id": "9836e7a37a", "status": "", "uwagi": "", "_umap_options": {"color": "#0f9b8e", "weight": 5, "opacity": 0.9}}}, {"type": "Feature", "geometry": {"type": "MultiLineString", "coordinates": [[[20.92309, 52.25982], [20.92426, 52.26077]], [[20.92347, 52.26022], [20.92362, 52.26025], [20.92361, 52.26015]]]}, "properties": {"name": "Powstańców Śląskich → płn.-wschód", "description": "Kierunek jazdy: **płn.-wschód**\nDługość: 132 m\nŹródło: OpenStreetMap\nAutobusy w szczycie: 12.0/h (rozkład ZTM 21.10.2026)", "id": "6d85f03705", "status": "", "uwagi": "", "_umap_options": {"color": "#0f9b8e", "weight": 5, "opacity": 0.9}}}, {"type": "Feature", "geometry": {"type": "MultiLineString", "coordinates": [[[20.92556, 52.22239], [20.92116, 52.22135]], [[20.9249, 52.22217], [20.92474, 52.22219], [20.92483, 52.22228]], [[20.92325, 52.22179], [20.9231, 52.22181], [20.92319, 52.2219]], [[20.92161, 52.2214], [20.92146, 52.22143], [20.92155, 52.22151]]]}, "properties": {"name": "Połczyńska → zachód", "description": "Kierunek jazdy: **zachód**\nDługość: 322 m\nŹródło: OpenStreetMap\nAutobusy w szczycie: 16.5/h (rozkład ZTM 21.10.2026)", "id": "fb52c21b93", "status": "", "uwagi": "", "_umap_options": {"color": "#0f9b8e", "weight": 5, "opacity": 0.9}}}, {"type": "Feature", "geometry": {"type": "MultiLineString", "coordinates": [[[20.92807, 52.22299], [20.926, 52.2225]], [[20.92741, 52.22277], [20.92725, 52.2228], [20.92734, 52.22288]]]}, "properties": {"name": "Połczyńska → płd.-zachód", "description": "Kierunek jazdy: **płd.-zachód**\nDługość: 152 m\nŹródło: OpenStreetMap\nAutobusy w szczycie: 16.5/h (rozkład ZTM 21.10.2026)", "id": "61f375b77d", "status": "", "uwagi": "", "_umap_options": {"color": "#0f9b8e", "weight": 5, "opacity": 0.9}}}, {"type": "Feature", "geometry": {"type": "MultiLineString", "coordinates": [[[20.91976, 52.2208], [20.92117, 52.22113]], [[20.92031, 52.22099], [20.92046, 52.22097], [20.92037, 52.22089]]]}, "properties": {"name": "Połczyńska → wschód", "description": "Kierunek jazdy: **wschód**\nDługość: 103 m\nŹródło: OpenStreetMap\nAutobusy w szczycie: 16.5/h (rozkład ZTM 21.10.2026)", "id": "050f2812f7", "status": "", "uwagi": "", "_umap_options": {"color": "#0f9b8e", "weight": 5, "opacity": 0.9}}}, {"type": "Feature", "geometry": {"type": "MultiLineString", "coordinates": [[[20.92173, 52.22127], [20.9272, 52.22256]], [[20.92239, 52.22149], [20.92255, 52.22146], [20.92246, 52.22138]], [[20.92403, 52.22188], [20.92419, 52.22185], [20.9241, 52.22177]], [[20.92567, 52.22227], [20.92583, 52.22224], [20.92573, 52.22216]]]}, "properties": {"name": "Połczyńska → płn.-wschód", "description": "Kierunek jazdy: **płn.-wschód**\nDługość: 400 m\nŹródło: OpenStreetMap\nAutobusy w szczycie: 16.5/h (rozkład ZTM 21.10.2026)", "id": "6fda688b9a", "status": "", "uwagi": "", "_umap_options": {"color": "#0f9b8e", "weight": 5, "opacity": 0.9}}}, {"type": "Feature", "geometry": {"type": "MultiLineString", "coordinates": [[[21.0178, 52.1504], [21.01785, 52.15133], [21.01786, 52.15271]], [[21.01772, 52.15086], [21.01782, 52.15094], [21.01791, 52.15086]], [[21.01777, 52.15194], [21.01786, 52.15202], [21.01795, 52.15194]]]}, "properties": {"name": "Puławska → północ", "description": "Kierunek jazdy: **północ**\nDługość: 257 m\nŹródło: komunikat ZDM / zgłoszenie\nOtwarty: 2022-09-30\nAutobusy w szczycie: 16.5/h (rozkład ZTM 21.10.2026)", "id": "b85446c590", "status": "", "uwagi": "", "_umap_options": {"color": "#7b45c9", "weight": 5, "opacity": 0.9}}}, {"type": "Feature", "geometry": {"type": "MultiLineString", "coordinates": [[[21.01802, 52.13796], [21.0181, 52.1389], [21.0182, 52.13928]], [[21.01797, 52.13843], [21.01807, 52.1385], [21.01815, 52.13842]]]}, "properties": {"name": "Puławska → północ", "description": "Kierunek jazdy: **północ**\nDługość: 148 m\nŹródło: komunikat ZDM / zgłoszenie\nOtwarty: 2022-09-30\nAutobusy w szczycie: 23.5/h (rozkład ZTM 21.10.2026)", "id": "2cb32e7b93", "status": "", "uwagi": "", "_umap_options": {"color": "#7b45c9", "weight": 5, "opacity": 0.9}}}, {"type": "Feature", "geometry": {"type": "MultiLineString", "coordinates": [[[21.01829, 52.13988], [21.018, 52.14104], [21.01792, 52.14165], [21.01786, 52.14578]], [[21.0181, 52.14033], [21.01816, 52.14042], [21.01828, 52.14035]], [[21.01785, 52.1414], [21.01794, 52.14149], [21.01804, 52.14141]], [[21.01781, 52.14248], [21.0179, 52.14257], [21.018, 52.14249]], [[21.01779, 52.14356], [21.01788, 52.14365], [21.01797, 52.14356]], [[21.01779, 52.14464], [21.01788, 52.14472], [21.01797, 52.14464]]]}, "properties": {"name": "Puławska → północ", "description": "Kierunek jazdy: **północ**\nDługość: 658 m\nŹródło: komunikat ZDM / zgłoszenie\nOtwarty: 2022-09-30\nAutobusy w szczycie: 23.5/h (rozkład ZTM 21.10.2026)", "id": "cfed91d118", "status": "", "uwagi": "", "_umap_options": {"color": "#7b45c9", "weight": 5, "opacity": 0.9}}}, {"type": "Feature", "geometry": {"type": "MultiLineString", "coordinates": [[[21.01823, 52.12864], [21.01819, 52.13036]], [[21.01812, 52.1291], [21.01821, 52.12918], [21.01831, 52.1291]], [[21.0181, 52.13018], [21.01819, 52.13026], [21.01828, 52.13018]]]}, "properties": {"name": "Puławska → północ", "description": "Kierunek jazdy: **północ**\nDługość: 191 m\nŹródło: komunikat ZDM / zgłoszenie\nOtwarty: 2022-09-30\nAutobusy w szczycie: 23.0/h (rozkład ZTM 21.10.2026)", "id": "a079a909b2", "status": "", "uwagi": "", "_umap_options": {"color": "#7b45c9", "weight": 5, "opacity": 0.9}}}, {"type": "Feature", "geometry": {"type": "MultiLineString", "coordinates": [[[21.01833, 52.12228], [21.01834, 52.12301], [21.01828, 52.12387], [21.01821, 52.12711]], [[21.01825, 52.12274], [21.01834, 52.12282], [21.01844, 52.12274]], [[21.01819, 52.12381], [21.01828, 52.1239], [21.01838, 52.12382]], [[21.01817, 52.12489], [21.01826, 52.12498], [21.01835, 52.1249]], [[21.01814, 52.12597], [21.01823, 52.12605], [21.01833, 52.12597]]]}, "properties": {"name": "Puławska → północ", "description": "Kierunek jazdy: **północ**\nDługość: 537 m\nŹródło: komunikat ZDM / zgłoszenie\nOtwarty: 2022-09-30\nAutobusy w szczycie: 23.5/h (rozkład ZTM 21.10.2026)", "id": "b6cb26aa12", "status": "", "uwagi": "", "_umap_options": {"color": "#7b45c9", "weight": 5, "opacity": 0.9}}}, {"type": "Feature", "geometry": {"type": "MultiLineString", "coordinates": [[[21.01843, 52.12042], [21.01842, 52.12108]], [[21.01833, 52.12067], [21.01842, 52.12075], [21.01852, 52.12067]]]}, "properties": {"name": "Puławska → północ", "description": "Kierunek jazdy: **północ**\nDługość: 73 m\nŹródło: komunikat ZDM / zgłoszenie\nOtwarty: 2022-09-30\nAutobusy w szczycie: 20.0/h (rozkład ZTM 21.10.2026)", "id": "109295adc7", "status": "", "uwagi": "", "_umap_options": {"color": "#7b45c9", "weight": 5, "opacity": 0.9}}}, {"type": "Feature", "geometry": {"type": "MultiLineString", "coordinates": [[[21.01852, 52.11679], [21.0185, 52.11764]], [[21.01842, 52.11713], [21.01851, 52.11721], [21.01861, 52.11713]]]}, "properties": {"name": "Puławska → północ", "description": "Kierunek jazdy: **północ**\nDługość: 94 m\nŹródło: komunikat ZDM / zgłoszenie\nOtwarty: 2022-09-30\nAutobusy w szczycie: 20.0/h (rozkład ZTM 21.10.2026)", "id": "ed0854bea3", "status": "", "uwagi": "", "_umap_options": {"color": "#7b45c9", "weight": 5, "opacity": 0.9}}}, {"type": "Feature", "geometry": {"type": "MultiLineString", "coordinates": [[[21.01867, 52.1101], [21.0186, 52.11286]], [[21.01858, 52.11056], [21.01867, 52.11064], [21.01876, 52.11056]], [[21.01855, 52.11164], [21.01863, 52.11172], [21.01873, 52.11164]], [[21.01852, 52.11272], [21.01861, 52.1128], [21.0187, 52.11272]]]}, "properties": {"name": "Puławska → północ", "description": "Kierunek jazdy: **północ**\nDługość: 307 m\nŹródło: komunikat ZDM / zgłoszenie\nOtwarty: 2022-09-30\nAutobusy w szczycie: 20.0/h (rozkład ZTM 21.10.2026)", "id": "22b289a35b", "status": "", "uwagi": "", "_umap_options": {"color": "#7b45c9", "weight": 5, "opacity": 0.9}}}, {"type": "Feature", "geometry": {"type": "MultiLineString", "coordinates": [[[21.01736, 52.15293], [21.01741, 52.15111]], [[21.01748, 52.15247], [21.01738, 52.15239], [21.01729, 52.15247]], [[21.0175, 52.15139], [21.01741, 52.15131], [21.01731, 52.15139]]]}, "properties": {"name": "Puławska → południe", "description": "Kierunek jazdy: **południe**\nDługość: 203 m\nŹródło: komunikat ZDM / zgłoszenie\nOtwarty: 2022-09-30\nAutobusy w szczycie: 16.0/h (rozkład ZTM 21.10.2026)", "id": "78ded4bccd", "status": "", "uwagi": "", "_umap_options": {"color": "#7b45c9", "weight": 5, "opacity": 0.9}}}, {"type": "Feature", "geometry": {"type": "MultiLineString", "coordinates": [[[21.01745, 52.14832], [21.01747, 52.14723]], [[21.01755, 52.14786], [21.01746, 52.14778], [21.01737, 52.14786]]]}, "properties": {"name": "Puławska → południe", "description": "Kierunek jazdy: **południe**\nDługość: 121 m\nŹródło: komunikat ZDM / zgłoszenie\nOtwarty: 2022-09-30\nAutobusy w szczycie: 16.0/h (rozkład ZTM 21.10.2026)", "id": "6d9faf5d05", "status": "", "uwagi": "", "_umap_options": {"color": "#7b45c9", "weight": 5, "opacity": 0.9}}}, {"type": "Feature", "geometry": {"type": "MultiLineString", "coordinates": [[[21.01757, 52.14361], [21.0176, 52.14133], [21.01757, 52.14098], [21.01745, 52.1404], [21.01739, 52.13988]], [[21.01767, 52.14316], [21.01759, 52.14307], [21.01749, 52.14315]], [[21.0177, 52.14207], [21.0176, 52.14199], [21.01751, 52.14208]], [[21.01767, 52.14099], [21.01756, 52.14092], [21.01748, 52.141]]]}, "properties": {"name": "Puławska → południe", "description": "Kierunek jazdy: **południe**\nDługość: 416 m\nŹródło: komunikat ZDM / zgłoszenie\nOtwarty: 2022-09-30\nAutobusy w szczycie: 22.5/h (rozkład ZTM 21.10.2026)", "id": "79461e4733", "status": "", "uwagi": "", "_umap_options": {"color": "#7b45c9", "weight": 5, "opacity": 0.9}}}, {"type": "Feature", "geometry": {"type": "MultiLineString", "coordinates": [[[21.01739, 52.13928], [21.01733, 52.13912], [21.01735, 52.1389], [21.0174, 52.13869], [21.01759, 52.13828], [21.01765, 52.13806], [21.0177, 52.13718]], [[21.01746, 52.13883], [21.01738, 52.13875], [21.01727, 52.13882]], [[21.01777, 52.13777], [21.01769, 52.13769], [21.01759, 52.13777]]]}, "properties": {"name": "Puławska → południe", "description": "Kierunek jazdy: **południe**\nDługość: 235 m\nŹródło: komunikat ZDM / zgłoszenie\nOtwarty: 2022-09-30\nAutobusy w szczycie: 22.5/h (rozkład ZTM 21.10.2026)", "id": "3bf01b3ade", "status": "", "uwagi": "", "_umap_options": {"color": "#7b45c9", "weight": 5, "opacity": 0.9}}}, {"type": "Feature", "geometry": {"type": "MultiLineString", "coordinates": [[[21.01779, 52.13334], [21.01778, 52.13301]], [[21.01788, 52.13325], [21.01779, 52.13317], [21.0177, 52.13326]]]}, "properties": {"name": "Puławska → południe", "description": "Kierunek jazdy: **południe**\nDługość: 36 m\nŹródło: komunikat ZDM / zgłoszenie\nOtwarty: 2022-09-30\nAutobusy w szczycie: 22.5/h (rozkład ZTM 21.10.2026)", "id": "b904cf9e5b", "status": "", "uwagi": "", "_umap_options": {"color": "#7b45c9", "weight": 5, "opacity": 0.9}}}, {"type": "Feature", "geometry": {"type": "MultiLineString", "coordinates": [[[21.01786, 52.13046], [21.01792, 52.12779]], [[21.01795, 52.13], [21.01786, 52.12992], [21.01777, 52.13]], [[21.01799, 52.12892], [21.0179, 52.12884], [21.0178, 52.12892]]]}, "properties": {"name": "Puławska → południe", "description": "Kierunek jazdy: **południe**\nDługość: 297 m\nŹródło: komunikat ZDM / zgłoszenie\nOtwarty: 2022-09-30\nAutobusy w szczycie: 22.5/h (rozkład ZTM 21.10.2026)", "id": "606ae2401a", "status": "", "uwagi": "", "_umap_options": {"color": "#7b45c9", "weight": 5, "opacity": 0.9}}}, {"type": "Feature", "geometry": {"type": "MultiLineString", "coordinates": [[[21.01801, 52.12399], [21.01803, 52.12301]], [[21.0181, 52.12358], [21.01801, 52.1235], [21.01792, 52.12358]]]}, "properties": {"name": "Puławska → południe", "description": "Kierunek jazdy: **południe**\nDługość: 109 m\nŹródło: komunikat ZDM / zgłoszenie\nOtwarty: 2022-09-30\nAutobusy w szczycie: 22.5/h (rozkład ZTM 21.10.2026)", "id": "760aeb4c86", "status": "", "uwagi": "", "_umap_options": {"color": "#7b45c9", "weight": 5, "opacity": 0.9}}}, {"type": "Feature", "geometry": {"type": "MultiLineString", "coordinates": [[[21.01806, 52.12229], [21.01811, 52.11999]], [[21.01816, 52.12183], [21.01807, 52.12175], [21.01797, 52.12183]], [[21.01819, 52.12075], [21.0181, 52.12067], [21.018, 52.12075]]]}, "properties": {"name": "Puławska → południe", "description": "Kierunek jazdy: **południe**\nDługość: 256 m\nŹródło: komunikat ZDM / zgłoszenie\nOtwarty: 2022-09-30\nAutobusy w szczycie: 22.5/h (rozkład ZTM 21.10.2026)", "id": "bdd01d06f4", "status": "", "uwagi": "", "_umap_options": {"color": "#7b45c9", "weight": 5, "opacity": 0.9}}}, {"type": "Feature", "geometry": {"type": "MultiLineString", "coordinates": [[[21.01814, 52.11871], [21.01815, 52.11821]], [[21.01823, 52.11854], [21.01814, 52.11846], [21.01805, 52.11854]]]}, "properties": {"name": "Puławska → południe", "description": "Kierunek jazdy: **południe**\nDługość: 56 m\nŹródło: komunikat ZDM / zgłoszenie\nOtwarty: 2022-09-30\nAutobusy w szczycie: 19.5/h (rozkład ZTM 21.10.2026)", "id": "f72098f25d", "status": "", "uwagi": "", "_umap_options": {"color": "#7b45c9", "weight": 5, "opacity": 0.9}}}, {"type": "Feature", "geometry": {"type": "MultiLineString", "coordinates": [[[21.01829, 52.11241], [21.01834, 52.11026]], [[21.01838, 52.11195], [21.01829, 52.11187], [21.0182, 52.11195]], [[21.01842, 52.11087], [21.01833, 52.11079], [21.01823, 52.11087]]]}, "properties": {"name": "Puławska → południe", "description": "Kierunek jazdy: **południe**\nDługość: 239 m\nŹródło: komunikat ZDM / zgłoszenie\nOtwarty: 2022-09-30\nAutobusy w szczycie: 20.0/h (rozkład ZTM 21.10.2026)", "id": "a2f88f1f9b", "status": "", "uwagi": "", "_umap_options": {"color": "#7b45c9", "weight": 5, "opacity": 0.9}}}, {"type": "Feature", "geometry": {"type": "MultiLineString", "coordinates": [[[21.0184, 52.10747], [21.0184, 52.10672]], [[21.01848, 52.10718], [21.01839, 52.1071], [21.01829, 52.10718]]]}, "properties": {"name": "Puławska → południe", "description": "Kierunek jazdy: **południe**\nDługość: 84 m\nŹródło: komunikat ZDM / zgłoszenie\nOtwarty: 2022-09-30\nAutobusy w szczycie: 20.0/h (rozkład ZTM 21.10.2026)", "id": "8f47432a2c", "status": "", "uwagi": "", "_umap_options": {"color": "#7b45c9", "weight": 5, "opacity": 0.9}}}, {"type": "Feature", "geometry": {"type": "MultiLineString", "coordinates": [[[21.01832, 52.16764], [21.0186, 52.16845], [21.01879, 52.16936]], [[21.01837, 52.16811], [21.01849, 52.16817], [21.01855, 52.16808]], [[21.01866, 52.16916], [21.01877, 52.16924], [21.01885, 52.16915]]]}, "properties": {"name": "Puławska → północ", "description": "Kierunek jazdy: **północ**\nDługość: 194 m\nŹródło: mapa miasta (stan 2021)\nMapa miasta: Dolina Służewiecka - Niedźwiedzia, dni powszednie, 6-10 i 14-19\nAutobusy w szczycie: 20.5/h (rozkład ZTM 21.10.2026)", "id": "09c693e92b", "status": "", "uwagi": "", "_umap_options": {"color": "#e08a00", "weight": 5, "opacity": 0.9}}}, {"type": "Feature", "geometry": {"type": "MultiLineString", "coordinates": [[[21.01986, 52.17236], [21.02025, 52.17348]], [[21.01992, 52.17282], [21.02003, 52.17289], [21.0201, 52.1728]]]}, "properties": {"name": "Puławska → północ", "description": "Kierunek jazdy: **północ**\nDługość: 128 m\nŹródło: mapa miasta (stan 2021)\nMapa miasta: Dolina Służewiecka - Niedźwiedzia, dni powszednie, 6-10 i 14-19\nAutobusy w szczycie: 20.5/h (rozkład ZTM 21.10.2026)", "id": "e0b8c6ed1d", "status": "", "uwagi": "", "_umap_options": {"color": "#e08a00", "weight": 5, "opacity": 0.9}}}, {"type": "Feature", "geometry": {"type": "MultiLineString", "coordinates": [[[21.01928, 52.17175], [21.0191, 52.17122]], [[21.01931, 52.17155], [21.01919, 52.17148], [21.01913, 52.17157]]]}, "properties": {"name": "Puławska → południe", "description": "Kierunek jazdy: **południe**\nDługość: 61 m\nŹródło: mapa miasta (stan 2021)\nMapa miasta: al. Niepodległości - Smyczkowa, dni powszednie, 6-10 i 14-19\nAutobusy w szczycie: 21.0/h (rozkład ZTM 21.10.2026)", "id": "80640ff44d", "status": "", "uwagi": "", "_umap_options": {"color": "#e08a00", "weight": 5, "opacity": 0.9}}}, {"type": "Feature", "geometry": {"type": "MultiLineString", "coordinates": [[[21.02014, 52.17403], [21.01986, 52.1733]], [[21.02012, 52.17373], [21.02, 52.17367], [21.01994, 52.17376]]]}, "properties": {"name": "Puławska → południe", "description": "Kierunek jazdy: **południe**\nDługość: 83 m\nŹródło: mapa miasta (stan 2021)\nMapa miasta: al. Niepodległości - Smyczkowa, dni powszednie, 6-10 i 14-19\nAutobusy w szczycie: 20.5/h (rozkład ZTM 21.10.2026)", "id": "3bf499e221", "status": "", "uwagi": "", "_umap_options": {"color": "#e08a00", "weight": 5, "opacity": 0.9}}}, {"type": "Feature", "geometry": {"type": "MultiLineString", "coordinates": [[[21.02116, 52.17954], [21.02143, 52.17813], [21.02146, 52.17776], [21.02144, 52.1776], [21.02125, 52.17705]], [[21.02133, 52.17909], [21.02126, 52.17901], [21.02115, 52.17908]], [[21.02153, 52.17802], [21.02145, 52.17793], [21.02135, 52.17801]]]}, "properties": {"name": "Puławska → południe", "description": "Kierunek jazdy: **południe**\nDługość: 281 m\nŹródło: mapa miasta (stan 2021)\nMapa miasta: al. Niepodległości - Smyczkowa, dni powszednie, 6-10 i 14-19\nAutobusy w szczycie: 24.0/h (rozkład ZTM 21.10.2026)", "id": "2b7ad62cc6", "status": "", "uwagi": "", "_umap_options": {"color": "#e08a00", "weight": 5, "opacity": 0.9}}}, {"type": "Feature", "geometry": {"type": "MultiLineString", "coordinates": [[[21.0184, 52.10672], [21.01839, 52.10598]], [[21.01849, 52.10643], [21.0184, 52.10635], [21.01831, 52.10643]]]}, "properties": {"name": "Puławska → południe", "description": "Kierunek jazdy: **południe**\nDługość: 82 m\nŹródło: OpenStreetMap\nAutobusy w szczycie: 20.0/h (rozkład ZTM 21.10.2026)", "id": "7c9579a1a4", "status": "", "uwagi": "", "_umap_options": {"color": "#0f9b8e", "weight": 5, "opacity": 0.9}}}, {"type": "Feature", "geometry": {"type": "MultiLineString", "coordinates": [[[21.01786, 52.14578], [21.01779, 52.14747], [21.0178, 52.1504]], [[21.01775, 52.14624], [21.01784, 52.14632], [21.01793, 52.14624]], [[21.01771, 52.14731], [21.0178, 52.1474], [21.01789, 52.14732]], [[21.0177, 52.14839], [21.0178, 52.14848], [21.01789, 52.14839]], [[21.01772, 52.14947], [21.01781, 52.14955], [21.0179, 52.14947]]]}, "properties": {"name": "Puławska → północ", "description": "Kierunek jazdy: **północ**\nDługość: 514 m\nŹródło: OpenStreetMap, komunikat ZDM / zgłoszenie\nOtwarty: 2022-09-30\nAutobusy w szczycie: 17.0/h (rozkład ZTM 21.10.2026)", "id": "365332b13e", "status": "", "uwagi": "", "_umap_options": {"color": "#1f63d1", "weight": 5, "opacity": 0.9}}}, {"type": "Feature", "geometry": {"type": "MultiLineString", "coordinates": [[[21.01817, 52.13243], [21.01813, 52.1331], [21.01802, 52.13797]], [[21.01806, 52.13288], [21.01814, 52.13296], [21.01824, 52.13289]], [[21.01801, 52.13396], [21.0181, 52.13404], [21.0182, 52.13396]], [[21.01799, 52.13504], [21.01808, 52.13512], [21.01818, 52.13504]], [[21.01796, 52.13612], [21.01805, 52.1362], [21.01815, 52.13612]], [[21.01794, 52.1372], [21.01803, 52.13728], [21.01813, 52.1372]]]}, "properties": {"name": "Puławska → północ", "description": "Kierunek jazdy: **północ**\nDługość: 616 m\nŹródło: OpenStreetMap, komunikat ZDM / zgłoszenie\nOtwarty: 2022-09-30\nAutobusy w szczycie: 23.5/h (rozkład ZTM 21.10.2026)", "id": "215c8106a4", "status": "", "uwagi": "", "_umap_options": {"color": "#1f63d1", "weight": 5, "opacity": 0.9}}}, {"type": "Feature", "geometry": {"type": "MultiLineString", "coordinates": [[[21.01819, 52.13036], [21.01818, 52.13231]], [[21.01808, 52.13081], [21.01817, 52.1309], [21.01827, 52.13082]], [[21.0181, 52.13189], [21.01819, 52.13198], [21.01828, 52.13189]]]}, "properties": {"name": "Puławska → północ", "description": "Kierunek jazdy: **północ**\nDługość: 217 m\nŹródło: OpenStreetMap, komunikat ZDM / zgłoszenie\nOtwarty: 2022-09-30\nAutobusy w szczycie: 23.0/h (rozkład ZTM 21.10.2026)", "id": "44f56a188d", "status": "", "uwagi": "", "_umap_options": {"color": "#1f63d1", "weight": 5, "opacity": 0.9}}}, {"type": "Feature", "geometry": {"type": "MultiLineString", "coordinates": [[[21.01827, 52.12711], [21.01823, 52.12864]], [[21.01816, 52.12757], [21.01825, 52.12765], [21.01835, 52.12757]]]}, "properties": {"name": "Puławska → północ", "description": "Kierunek jazdy: **północ**\nDługość: 170 m\nŹródło: OpenStreetMap, komunikat ZDM / zgłoszenie\nOtwarty: 2022-09-30\nAutobusy w szczycie: 23.0/h (rozkład ZTM 21.10.2026)", "id": "cad4ae87cd", "status": "", "uwagi": "", "_umap_options": {"color": "#1f63d1", "weight": 5, "opacity": 0.9}}}, {"type": "Feature", "geometry": {"type": "MultiLineString", "coordinates": [[[21.01842, 52.12108], [21.01839, 52.12228]], [[21.01831, 52.12153], [21.0184, 52.12162], [21.01849, 52.12154]]]}, "properties": {"name": "Puławska → północ", "description": "Kierunek jazdy: **północ**\nDługość: 134 m\nŹródło: OpenStreetMap, komunikat ZDM / zgłoszenie\nOtwarty: 2022-09-30\nAutobusy w szczycie: 23.5/h (rozkład ZTM 21.10.2026)", "id": "d9e441c60c", "status": "", "uwagi": "", "_umap_options": {"color": "#1f63d1", "weight": 5, "opacity": 0.9}}}, {"type": "Feature", "geometry": {"type": "MultiLineString", "coordinates": [[[21.0185, 52.11764], [21.01843, 52.12042]], [[21.01839, 52.11809], [21.01848, 52.11818], [21.01857, 52.1181]], [[21.01836, 52.11917], [21.01845, 52.11925], [21.01855, 52.11917]], [[21.01834, 52.12025], [21.01843, 52.12033], [21.01852, 52.12025]]]}, "properties": {"name": "Puławska → północ", "description": "Kierunek jazdy: **północ**\nDługość: 310 m\nŹródło: OpenStreetMap, komunikat ZDM / zgłoszenie\nOtwarty: 2022-09-30\nAutobusy w szczycie: 20.0/h (rozkład ZTM 21.10.2026)", "id": "e6be678cec", "status": "", "uwagi": "", "_umap_options": {"color": "#1f63d1", "weight": 5, "opacity": 0.9}}}, {"type": "Feature", "geometry": {"type": "MultiLineString", "coordinates": [[[21.0186, 52.11286], [21.01852, 52.11679]], [[21.0185, 52.11332], [21.01859, 52.1134], [21.01869, 52.11332]], [[21.01848, 52.1144], [21.01857, 52.11448], [21.01866, 52.1144]], [[21.01846, 52.11548], [21.01855, 52.11556], [21.01864, 52.11548]], [[21.01843, 52.11656], [21.01852, 52.11664], [21.01861, 52.11656]]]}, "properties": {"name": "Puławska → północ", "description": "Kierunek jazdy: **północ**\nDługość: 437 m\nŹródło: OpenStreetMap, komunikat ZDM / zgłoszenie\nOtwarty: 2022-09-30\nAutobusy w szczycie: 20.0/h (rozkład ZTM 21.10.2026)", "id": "78d3b2ae0f", "status": "", "uwagi": "", "_umap_options": {"color": "#1f63d1", "weight": 5, "opacity": 0.9}}}, {"type": "Feature", "geometry": {"type": "MultiLineString", "coordinates": [[[21.01875, 52.10683], [21.01867, 52.1101]], [[21.01865, 52.10729], [21.01874, 52.10737], [21.01883, 52.10729]], [[21.01862, 52.10836], [21.01871, 52.10845], [21.01881, 52.10837]], [[21.01859, 52.10944], [21.01868, 52.10953], [21.01878, 52.10945]]]}, "properties": {"name": "Puławska → północ", "description": "Kierunek jazdy: **północ**\nDługość: 364 m\nŹródło: OpenStreetMap, komunikat ZDM / zgłoszenie\nOtwarty: 2022-09-30\nAutobusy w szczycie: 20.0/h (rozkład ZTM 21.10.2026)", "id": "48fc3f2d23", "status": "", "uwagi": "", "_umap_options": {"color": "#1f63d1", "weight": 5, "opacity": 0.9}}}, {"type": "Feature", "geometry": {"type": "MultiLineString", "coordinates": [[[21.01741, 52.15111], [21.01745, 52.14832]], [[21.01751, 52.15065], [21.01742, 52.15057], [21.01733, 52.15065]], [[21.01753, 52.14957], [21.01744, 52.14949], [21.01734, 52.14957]], [[21.01754, 52.14849], [21.01745, 52.14841], [21.01736, 52.14849]]]}, "properties": {"name": "Puławska → południe", "description": "Kierunek jazdy: **południe**\nDługość: 310 m\nŹródło: OpenStreetMap, komunikat ZDM / zgłoszenie\nOtwarty: 2022-09-30\nAutobusy w szczycie: 16.0/h (rozkład ZTM 21.10.2026)", "id": "253b2f9f92", "status": "", "uwagi": "", "_umap_options": {"color": "#1f63d1", "weight": 5, "opacity": 0.9}}}, {"type": "Feature", "geometry": {"type": "MultiLineString", "coordinates": [[[21.01747, 52.14723], [21.01757, 52.14361]], [[21.01758, 52.14677], [21.01748, 52.14669], [21.01739, 52.14677]], [[21.01759, 52.14569], [21.0175, 52.14561], [21.01741, 52.14569]], [[21.01763, 52.14461], [21.01754, 52.14453], [21.01745, 52.14461]]]}, "properties": {"name": "Puławska → południe", "description": "Kierunek jazdy: **południe**\nDługość: 402 m\nŹródło: OpenStreetMap, komunikat ZDM / zgłoszenie\nOtwarty: 2022-09-30\nAutobusy w szczycie: 16.0/h (rozkład ZTM 21.10.2026)", "id": "bc6bbf59c2", "status": "", "uwagi": "", "_umap_options": {"color": "#1f63d1", "weight": 5, "opacity": 0.9}}}, {"type": "Feature", "geometry": {"type": "MultiLineString", "coordinates": [[[21.0177, 52.13718], [21.01779, 52.13334]], [[21.01781, 52.13672], [21.01772, 52.13664], [21.01762, 52.13672]], [[21.01784, 52.13564], [21.01775, 52.13556], [21.01765, 52.13564]], [[21.01786, 52.13456], [21.01777, 52.13448], [21.01768, 52.13456]], [[21.01788, 52.13348], [21.01779, 52.1334], [21.01769, 52.13348]]]}, "properties": {"name": "Puławska → południe", "description": "Kierunek jazdy: **południe**\nDługość: 427 m\nŹródło: OpenStreetMap, komunikat ZDM / zgłoszenie\nOtwarty: 2022-09-30\nAutobusy w szczycie: 22.5/h (rozkład ZTM 21.10.2026)", "id": "cf04a54884", "status": "", "uwagi": "", "_umap_options": {"color": "#1f63d1", "weight": 5, "opacity": 0.9}}}, {"type": "Feature", "geometry": {"type": "MultiLineString", "coordinates": [[[21.01778, 52.13301], [21.01778, 52.13246]], [[21.01787, 52.13281], [21.01778, 52.13273], [21.01769, 52.13281]]]}, "properties": {"name": "Puławska → południe", "description": "Kierunek jazdy: **południe**\nDługość: 62 m\nŹródło: OpenStreetMap, komunikat ZDM / zgłoszenie\nOtwarty: 2022-09-30\nAutobusy w szczycie: 22.5/h (rozkład ZTM 21.10.2026)", "id": "34aa279dfa", "status": "", "uwagi": "", "_umap_options": {"color": "#1f63d1", "weight": 5, "opacity": 0.9}}}, {"type": "Feature", "geometry": {"type": "MultiLineString", "coordinates": [[[21.01779, 52.13234], [21.01783, 52.13191], [21.01786, 52.13046]], [[21.01792, 52.13189], [21.01783, 52.1318], [21.01774, 52.13189]], [[21.01795, 52.13081], [21.01786, 52.13073], [21.01776, 52.13081]]]}, "properties": {"name": "Puławska → południe", "description": "Kierunek jazdy: **południe**\nDługość: 210 m\nŹródło: OpenStreetMap, komunikat ZDM / zgłoszenie\nOtwarty: 2022-09-30\nAutobusy w szczycie: 22.5/h (rozkład ZTM 21.10.2026)", "id": "509c3103b7", "status": "", "uwagi": "", "_umap_options": {"color": "#1f63d1", "weight": 5, "opacity": 0.9}}}, {"type": "Feature", "geometry": {"type": "MultiLineString", "coordinates": [[[21.01792, 52.12779], [21.01801, 52.12399]], [[21.01803, 52.12733], [21.01794, 52.12725], [21.01784, 52.12733]], [[21.01805, 52.12626], [21.01796, 52.12617], [21.01787, 52.12625]], [[21.01808, 52.12518], [21.01799, 52.12509], [21.01789, 52.12517]], [[21.0181, 52.1241], [21.01801, 52.12402], [21.01792, 52.1241]]]}, "properties": {"name": "Puławska → południe", "description": "Kierunek jazdy: **południe**\nDługość: 423 m\nŹródło: OpenStreetMap, komunikat ZDM / zgłoszenie\nOtwarty: 2022-09-30\nAutobusy w szczycie: 22.5/h (rozkład ZTM 21.10.2026)", "id": "9b9937cc7a", "status": "", "uwagi": "", "_umap_options": {"color": "#1f63d1", "weight": 5, "opacity": 0.9}}}, {"type": "Feature", "geometry": {"type": "MultiLineString", "coordinates": [[[21.01803, 52.12301], [21.01806, 52.12229]], [[21.01814, 52.12273], [21.01805, 52.12265], [21.01795, 52.12273]]]}, "properties": {"name": "Puławska → południe", "description": "Kierunek jazdy: **południe**\nDługość: 80 m\nŹródło: OpenStreetMap, komunikat ZDM / zgłoszenie\nOtwarty: 2022-09-30\nAutobusy w szczycie: 22.5/h (rozkład ZTM 21.10.2026)", "id": "230e057829", "status": "", "uwagi": "", "_umap_options": {"color": "#1f63d1", "weight": 5, "opacity": 0.9}}}, {"type": "Feature", "geometry": {"type": "MultiLineString", "coordinates": [[[21.01811, 52.11999], [21.01814, 52.11871]], [[21.01822, 52.11953], [21.01813, 52.11945], [21.01803, 52.11953]]]}, "properties": {"name": "Puławska → południe", "description": "Kierunek jazdy: **południe**\nDługość: 142 m\nŹródło: OpenStreetMap, komunikat ZDM / zgłoszenie\nOtwarty: 2022-09-30\nAutobusy w szczycie: 19.5/h (rozkład ZTM 21.10.2026)", "id": "5476b5f3e9", "status": "", "uwagi": "", "_umap_options": {"color": "#1f63d1", "weight": 5, "opacity": 0.9}}}, {"type": "Feature", "geometry": {"type": "MultiLineString", "coordinates": [[[21.01815, 52.11821], [21.01829, 52.1124]], [[21.01825, 52.11775], [21.01816, 52.11767], [21.01807, 52.11775]], [[21.01828, 52.11667], [21.01819, 52.11659], [21.01809, 52.11667]], [[21.0183, 52.11559], [21.01821, 52.11551], [21.01812, 52.11559]], [[21.01833, 52.11451], [21.01824, 52.11443], [21.01815, 52.11451]], [[21.01836, 52.11343], [21.01827, 52.11335], [21.01817, 52.11343]]]}, "properties": {"name": "Puławska → południe", "description": "Kierunek jazdy: **południe**\nDługość: 645 m\nŹródło: OpenStreetMap, komunikat ZDM / zgłoszenie\nOtwarty: 2022-09-30\nAutobusy w szczycie: 19.5/h (rozkład ZTM 21.10.2026)", "id": "75d20cfc5f", "status": "", "uwagi": "", "_umap_options": {"color": "#1f63d1", "weight": 5, "opacity": 0.9}}}, {"type": "Feature", "geometry": {"type": "MultiLineString", "coordinates": [[[21.01834, 52.11026], [21.0184, 52.10747]], [[21.01844, 52.1098], [21.01835, 52.10972], [21.01826, 52.1098]], [[21.01846, 52.10872], [21.01837, 52.10864], [21.01828, 52.10872]], [[21.01849, 52.10764], [21.0184, 52.10756], [21.0183, 52.10764]]]}, "properties": {"name": "Puławska → południe", "description": "Kierunek jazdy: **południe**\nDługość: 310 m\nŹródło: OpenStreetMap, komunikat ZDM / zgłoszenie\nOtwarty: 2022-09-30\nAutobusy w szczycie: 20.0/h (rozkład ZTM 21.10.2026)", "id": "ff1a4d88ee", "status": "", "uwagi": "", "_umap_options": {"color": "#1f63d1", "weight": 5, "opacity": 0.9}}}, {"type": "Feature", "geometry": {"type": "MultiLineString", "coordinates": [[[21.01879, 52.16936], [21.01986, 52.17236]], [[21.01886, 52.16982], [21.01897, 52.16988], [21.01904, 52.16979]], [[21.01924, 52.17087], [21.01936, 52.17094], [21.01942, 52.17085]], [[21.01962, 52.17192], [21.01974, 52.17199], [21.0198, 52.1719]]]}, "properties": {"name": "Puławska → północ", "description": "Kierunek jazdy: **północ**\nDługość: 342 m\nŹródło: OpenStreetMap, mapa miasta (stan 2021)\nMapa miasta: Dolina Służewiecka - Niedźwiedzia, dni powszednie, 6-10 i 14-19\nAutobusy w szczycie: 20.5/h (rozkład ZTM 21.10.2026)", "id": "f719603a32", "status": "", "uwagi": "", "_umap_options": {"color": "#1f63d1", "weight": 5, "opacity": 0.9}}}, {"type": "Feature", "geometry": {"type": "MultiLineString", "coordinates": [[[21.02025, 52.17348], [21.0215, 52.17687]], [[21.02033, 52.17394], [21.02045, 52.17401], [21.02051, 52.17392]], [[21.02071, 52.17499], [21.02083, 52.17506], [21.02089, 52.17497]], [[21.0211, 52.17605], [21.02122, 52.17611], [21.02128, 52.17602]]]}, "properties": {"name": "Puławska → północ", "description": "Kierunek jazdy: **północ**\nDługość: 387 m\nŹródło: OpenStreetMap, mapa miasta (stan 2021)\nMapa miasta: Dolina Służewiecka - Niedźwiedzia, dni powszednie, 6-10 i 14-19\nAutobusy w szczycie: 21.0/h (rozkład ZTM 21.10.2026)", "id": "79141b7168", "status": "", "uwagi": "", "_umap_options": {"color": "#1f63d1", "weight": 5, "opacity": 0.9}}}, {"type": "Feature", "geometry": {"type": "MultiLineString", "coordinates": [[[21.01986, 52.1733], [21.01928, 52.17175]], [[21.01979, 52.17284], [21.01967, 52.17278], [21.01961, 52.17287]]]}, "properties": {"name": "Puławska → południe", "description": "Kierunek jazdy: **południe**\nDługość: 178 m\nŹródło: OpenStreetMap, mapa miasta (stan 2021)\nMapa miasta: al. Niepodległości - Smyczkowa, dni powszednie, 6-10 i 14-19\nAutobusy w szczycie: 20.5/h (rozkład ZTM 21.10.2026)", "id": "78b18f1aaa", "status": "", "uwagi": "", "_umap_options": {"color": "#1f63d1", "weight": 5, "opacity": 0.9}}}, {"type": "Feature", "geometry": {"type": "MultiLineString", "coordinates": [[[21.02125, 52.17705], [21.02014, 52.17403]], [[21.02117, 52.17659], [21.02105, 52.17652], [21.02099, 52.17662]], [[21.02079, 52.17554], [21.02067, 52.17547], [21.02061, 52.17556]], [[21.0204, 52.17449], [21.02028, 52.17442], [21.02022, 52.17451]]]}, "properties": {"name": "Puławska → południe", "description": "Kierunek jazdy: **południe**\nDługość: 344 m\nŹródło: OpenStreetMap, mapa miasta (stan 2021)\nMapa miasta: al. Niepodległości - Smyczkowa, dni powszednie, 6-10 i 14-19\nAutobusy w szczycie: 20.5/h (rozkład ZTM 21.10.2026)", "id": "11bfa08718", "status": "", "uwagi": "", "_umap_options": {"color": "#1f63d1", "weight": 5, "opacity": 0.9}}}, {"type": "Feature", "geometry": {"type": "MultiLineString", "coordinates": [[[20.98435, 52.30759], [20.98413, 52.30789], [20.98412, 52.30795], [20.98423, 52.30809], [20.98435, 52.30817]], [[20.98409, 52.30779], [20.98413, 52.30789], [20.98427, 52.30783]]]}, "properties": {"name": "Płochocińska → północ", "description": "Kierunek jazdy: **północ**\nDługość: 78 m\nŹródło: komunikat ZDM / zgłoszenie\nOtwarty: 2023-12-20\nUwagi: DO WERYFIKACJI: źródło nie podaje kierunku — przyjęto oba; \"Alkuzyjna\" w źródle = ul. Aluzyjna (literówka)\nAutobusy w szczycie: 7.0/h (rozkład ZTM 21.10.2026)", "id": "85efb98e26", "status": "", "uwagi": "", "_umap_options": {"color": "#7b45c9", "weight": 5, "opacity": 0.9}}}, {"type": "Feature", "geometry": {"type": "MultiLineString", "coordinates": [[[20.98292, 52.30799], [20.98331, 52.30787], [20.9833, 52.30779], [20.98337, 52.30767]], [[20.98318, 52.30797], [20.98326, 52.30788], [20.98311, 52.30786]]]}, "properties": {"name": "Płochocińska → płd.-wschód", "description": "Kierunek jazdy: **płd.-wschód**\nDługość: 58 m\nŹródło: mapa miasta (stan 2021), komunikat ZDM / zgłoszenie\nMapa miasta: Leliwitów - Elektronowa, dni powszednie, 6-10\nOtwarty: 2023-12-20\nUwagi: DO WERYFIKACJI: źródło nie podaje kierunku — przyjęto oba; \"Alkuzyjna\" w źródle = ul. Aluzyjna (literówka)\nAutobusy w szczycie: 7.0/h (rozkład ZTM 21.10.2026)", "id": "55b9b03121", "status": "", "uwagi": "", "_umap_options": {"color": "#1f63d1", "weight": 5, "opacity": 0.9}}}, {"type": "Feature", "geometry": {"type": "MultiLineString", "coordinates": [[[21.05856, 52.26671], [21.0575, 52.26544], [21.05705, 52.26499], [21.05637, 52.26445]], [[21.05832, 52.26627], [21.05818, 52.26623], [21.05815, 52.26633]], [[21.0575, 52.26532], [21.05735, 52.26528], [21.05734, 52.26537]]]}, "properties": {"name": "Radzymińska → płd.-zachód", "description": "Kierunek jazdy: **płd.-zachód**\nDługość: 295 m\nŹródło: mapa miasta (stan 2021)\nMapa miasta: Krynoliny - Andersa, codziennie, całodobowo\nAutobusy w szczycie: 17.5/h (rozkład ZTM 21.10.2026)", "id": "04c43c869b", "status": "", "uwagi": "", "_umap_options": {"color": "#e08a00", "weight": 5, "opacity": 0.9}}}, {"type": "Feature", "geometry": {"type": "MultiLineString", "coordinates": [[[21.06095, 52.26959], [21.06018, 52.26866]], [[21.0607, 52.26918], [21.06056, 52.26913], [21.06054, 52.26923]]]}, "properties": {"name": "Radzymińska → płd.-zachód", "description": "Kierunek jazdy: **płd.-zachód**\nDługość: 116 m\nŹródło: mapa miasta (stan 2021)\nMapa miasta: Krynoliny - Andersa, codziennie, całodobowo\nAutobusy w szczycie: 18.0/h (rozkład ZTM 21.10.2026)", "id": "ee6179f196", "status": "", "uwagi": "", "_umap_options": {"color": "#e08a00", "weight": 5, "opacity": 0.9}}}, {"type": "Feature", "geometry": {"type": "MultiLineString", "coordinates": [[[21.06419, 52.27352], [21.06343, 52.27261]], [[21.06395, 52.27311], [21.06381, 52.27307], [21.06379, 52.27316]]]}, "properties": {"name": "Radzymińska → płd.-zachód", "description": "Kierunek jazdy: **płd.-zachód**\nDługość: 114 m\nŹródło: mapa miasta (stan 2021)\nMapa miasta: Krynoliny - Andersa, codziennie, całodobowo\nAutobusy w szczycie: 41.5/h (rozkład ZTM 21.10.2026)", "id": "36f9b192b9", "status": "", "uwagi": "", "_umap_options": {"color": "#e08a00", "weight": 5, "opacity": 0.9}}}, {"type": "Feature", "geometry": {"type": "MultiLineString", "coordinates": [[[21.06749, 52.2776], [21.06682, 52.27678]], [[21.06729, 52.27724], [21.06715, 52.2772], [21.06713, 52.27729]]]}, "properties": {"name": "Radzymińska → płd.-zachód", "description": "Kierunek jazdy: **płd.-zachód**\nDługość: 102 m\nŹródło: mapa miasta (stan 2021)\nMapa miasta: Krynoliny - Andersa, codziennie, 7-10 i 14-19\nAutobusy w szczycie: 35.5/h (rozkład ZTM 21.10.2026)", "id": "2dd99c1234", "status": "", "uwagi": "", "_umap_options": {"color": "#e08a00", "weight": 5, "opacity": 0.9}}}, {"type": "Feature", "geometry": {"type": "MultiLineString", "coordinates": [[[21.0704, 52.28115], [21.06833, 52.27863]], [[21.07014, 52.28071], [21.07, 52.28067], [21.06997, 52.28076]], [[21.06936, 52.27975], [21.06921, 52.2797], [21.06919, 52.2798]], [[21.06856, 52.27878], [21.06842, 52.27874], [21.06839, 52.27884]]]}, "properties": {"name": "Radzymińska → płd.-zachód", "description": "Kierunek jazdy: **płd.-zachód**\nDługość: 313 m\nŹródło: mapa miasta (stan 2021)\nMapa miasta: Krynoliny - Andersa, codziennie, 7-10 i 14-19\nAutobusy w szczycie: 36.0/h (rozkład ZTM 21.10.2026)", "id": "0aca9ec289", "status": "", "uwagi": "", "_umap_options": {"color": "#e08a00", "weight": 5, "opacity": 0.9}}}, {"type": "Feature", "geometry": {"type": "MultiLineString", "coordinates": [[[21.07673, 52.28883], [21.0752, 52.28697]], [[21.07647, 52.2884], [21.07633, 52.28835], [21.07631, 52.28845]], [[21.07569, 52.28743], [21.07555, 52.28738], [21.07553, 52.28748]]]}, "properties": {"name": "Radzymińska → płd.-zachód", "description": "Kierunek jazdy: **płd.-zachód**\nDługość: 232 m\nŹródło: mapa miasta (stan 2021)\nMapa miasta: Krynoliny - Andersa, codziennie, 7-10 i 14-19\nAutobusy w szczycie: 25.5/h (rozkład ZTM 21.10.2026)", "id": "0ddb205cb9", "status": "", "uwagi": "", "_umap_options": {"color": "#e08a00", "weight": 5, "opacity": 0.9}}}, {"type": "Feature", "geometry": {"type": "MultiLineString", "coordinates": [[[21.06727, 52.27687], [21.06737, 52.27701]], [[21.06719, 52.27688], [21.06732, 52.27694], [21.06735, 52.27684]]]}, "properties": {"name": "Radzymińska → północ", "description": "Kierunek jazdy: **północ**\nDługość: 17 m\nŹródło: mapa miasta (stan 2021)\nMapa miasta: Jórskiego - Młodzieńcza, codziennie, 7-10 i 14-19\nAutobusy w szczycie: 35.0/h (rozkład ZTM 21.10.2026)", "id": "6ce6fb62cb", "status": "", "uwagi": "", "_umap_options": {"color": "#e08a00", "weight": 5, "opacity": 0.9}}}, {"type": "Feature", "geometry": {"type": "MultiLineString", "coordinates": [[[21.06914, 52.27917], [21.07062, 52.28098]], [[21.06939, 52.27961], [21.06954, 52.27965], [21.06956, 52.27955]], [[21.07018, 52.28057], [21.07032, 52.28062], [21.07034, 52.28052]]]}, "properties": {"name": "Radzymińska → płn.-wschód", "description": "Kierunek jazdy: **płn.-wschód**\nDługość: 225 m\nŹródło: mapa miasta (stan 2021)\nMapa miasta: Jórskiego - Młodzieńcza, codziennie, 7-10 i 14-19\nAutobusy w szczycie: 35.0/h (rozkład ZTM 21.10.2026)", "id": "967a8bcaba", "status": "", "uwagi": "", "_umap_options": {"color": "#e08a00", "weight": 5, "opacity": 0.9}}}, {"type": "Feature", "geometry": {"type": "MultiLineString", "coordinates": [[[21.07235, 52.28308], [21.07553, 52.28695]], [[21.0726, 52.28351], [21.07274, 52.28356], [21.07277, 52.28346]], [[21.07339, 52.28448], [21.07354, 52.28452], [21.07356, 52.28442]], [[21.0742, 52.28544], [21.07434, 52.28548], [21.07436, 52.28539]], [[21.07498, 52.2864], [21.07512, 52.28645], [21.07515, 52.28635]]]}, "properties": {"name": "Radzymińska → płn.-wschód", "description": "Kierunek jazdy: **płn.-wschód**\nDługość: 482 m\nŹródło: mapa miasta (stan 2021)\nMapa miasta: Jórskiego - Młodzieńcza, codziennie, 7-10 i 14-19\nAutobusy w szczycie: 30.0/h (rozkład ZTM 21.10.2026)", "id": "ed9b6c9f02", "status": "", "uwagi": "", "_umap_options": {"color": "#e08a00", "weight": 5, "opacity": 0.9}}}, {"type": "Feature", "geometry": {"type": "MultiLineString", "coordinates": [[[21.06018, 52.26866], [21.05856, 52.26671]], [[21.05993, 52.26823], [21.05978, 52.26818], [21.05976, 52.26828]], [[21.05913, 52.26726], [21.05899, 52.26722], [21.05896, 52.26732]]]}, "properties": {"name": "Radzymińska → płd.-zachód", "description": "Kierunek jazdy: **płd.-zachód**\nDługość: 243 m\nŹródło: OpenStreetMap, mapa miasta (stan 2021)\nMapa miasta: Krynoliny - Andersa, codziennie, całodobowo\nAutobusy w szczycie: 17.5/h (rozkład ZTM 21.10.2026)", "id": "6365b2fb5e", "status": "", "uwagi": "", "_umap_options": {"color": "#1f63d1", "weight": 5, "opacity": 0.9}}}, {"type": "Feature", "geometry": {"type": "MultiLineString", "coordinates": [[[21.06343, 52.27261], [21.06095, 52.26959]], [[21.06318, 52.27218], [21.06304, 52.27213], [21.06301, 52.27223]], [[21.06238, 52.27121], [21.06224, 52.27117], [21.06222, 52.27126]], [[21.06159, 52.27025], [21.06145, 52.2702], [21.06142, 52.2703]]]}, "properties": {"name": "Radzymińska → płd.-zachód", "description": "Kierunek jazdy: **płd.-zachód**\nDługość: 376 m\nŹródło: OpenStreetMap, mapa miasta (stan 2021)\nMapa miasta: Krynoliny - Andersa, codziennie, całodobowo\nAutobusy w szczycie: 18.0/h (rozkład ZTM 21.10.2026)", "id": "98fdf676a3", "status": "", "uwagi": "", "_umap_options": {"color": "#1f63d1", "weight": 5, "opacity": 0.9}}}, {"type": "Feature", "geometry": {"type": "MultiLineString", "coordinates": [[[21.06682, 52.27678], [21.06549, 52.2751], [21.06419, 52.27352]], [[21.06657, 52.27635], [21.06643, 52.2763], [21.0664, 52.2764]], [[21.06581, 52.27538], [21.06567, 52.27533], [21.06564, 52.27543]], [[21.06503, 52.27441], [21.06489, 52.27436], [21.06486, 52.27446]]]}, "properties": {"name": "Radzymińska → płd.-zachód", "description": "Kierunek jazdy: **płd.-zachód**\nDługość: 405 m\nŹródło: OpenStreetMap, mapa miasta (stan 2021)\nMapa miasta: Krynoliny - Andersa, codziennie, 7-10 i 14-19\nAutobusy w szczycie: 41.5/h (rozkład ZTM 21.10.2026)", "id": "d7e457caf3", "status": "", "uwagi": "", "_umap_options": {"color": "#1f63d1", "weight": 5, "opacity": 0.9}}}, {"type": "Feature", "geometry": {"type": "MultiLineString", "coordinates": [[[21.06833, 52.27863], [21.06749, 52.2776]], [[21.06807, 52.27819], [21.06793, 52.27815], [21.06791, 52.27825]]]}, "properties": {"name": "Radzymińska → płd.-zachód", "description": "Kierunek jazdy: **płd.-zachód**\nDługość: 128 m\nŹródło: OpenStreetMap, mapa miasta (stan 2021)\nMapa miasta: Krynoliny - Andersa, codziennie, 7-10 i 14-19\nAutobusy w szczycie: 35.5/h (rozkład ZTM 21.10.2026)", "id": "ffee94b895", "status": "", "uwagi": "", "_umap_options": {"color": "#1f63d1", "weight": 5, "opacity": 0.9}}}, {"type": "Feature", "geometry": {"type": "MultiLineString", "coordinates": [[[21.0752, 52.28697], [21.0704, 52.28115]], [[21.07495, 52.28653], [21.07481, 52.28649], [21.07478, 52.28658]], [[21.07415, 52.28557], [21.07401, 52.28552], [21.07399, 52.28562]], [[21.07336, 52.28461], [21.07321, 52.28456], [21.07319, 52.28466]], [[21.07257, 52.28364], [21.07243, 52.2836], [21.0724, 52.2837]], [[21.07177, 52.28268], [21.07163, 52.28263], [21.07161, 52.28273]], [[21.07098, 52.28172], [21.07084, 52.28167], [21.07081, 52.28177]]]}, "properties": {"name": "Radzymińska → płd.-zachód", "description": "Kierunek jazdy: **płd.-zachód**\nDługość: 726 m\nŹródło: OpenStreetMap, mapa miasta (stan 2021)\nMapa miasta: Krynoliny - Andersa, codziennie, 7-10 i 14-19\nAutobusy w szczycie: 26.0/h (rozkład ZTM 21.10.2026)", "id": "f6bf3b7e6f", "status": "", "uwagi": "", "_umap_options": {"color": "#1f63d1", "weight": 5, "opacity": 0.9}}}, {"type": "Feature", "geometry": {"type": "MultiLineString", "coordinates": [[[21.07849, 52.29097], [21.07673, 52.28883]], [[21.07823, 52.29054], [21.07809, 52.29049], [21.07806, 52.29059]], [[21.07744, 52.28958], [21.0773, 52.28953], [21.07728, 52.28963]]]}, "properties": {"name": "Radzymińska → płd.-zachód", "description": "Kierunek jazdy: **płd.-zachód**\nDługość: 267 m\nŹródło: OpenStreetMap, mapa miasta (stan 2021)\nMapa miasta: Krynoliny - Andersa, codziennie, 7-10 i 14-19\nAutobusy w szczycie: 25.5/h (rozkład ZTM 21.10.2026)", "id": "9285492ae1", "status": "", "uwagi": "", "_umap_options": {"color": "#1f63d1", "weight": 5, "opacity": 0.9}}}, {"type": "Feature", "geometry": {"type": "MultiLineString", "coordinates": [[[21.06737, 52.27701], [21.06914, 52.27917]], [[21.06761, 52.27744], [21.06775, 52.27749], [21.06778, 52.27739]], [[21.06841, 52.27841], [21.06855, 52.27845], [21.06857, 52.27836]]]}, "properties": {"name": "Radzymińska → płn.-wschód", "description": "Kierunek jazdy: **płn.-wschód**\nDługość: 269 m\nŹródło: OpenStreetMap, mapa miasta (stan 2021)\nMapa miasta: Jórskiego - Młodzieńcza, codziennie, 7-10 i 14-19\nAutobusy w szczycie: 35.0/h (rozkład ZTM 21.10.2026)", "id": "042fb88d00", "status": "", "uwagi": "", "_umap_options": {"color": "#1f63d1", "weight": 5, "opacity": 0.9}}}, {"type": "Feature", "geometry": {"type": "MultiLineString", "coordinates": [[[21.07062, 52.28098], [21.07235, 52.28308]], [[21.07088, 52.28141], [21.07102, 52.28146], [21.07104, 52.28136]], [[21.07167, 52.28238], [21.07181, 52.28242], [21.07183, 52.28232]]]}, "properties": {"name": "Radzymińska → płn.-wschód", "description": "Kierunek jazdy: **płn.-wschód**\nDługość: 262 m\nŹródło: OpenStreetMap, mapa miasta (stan 2021)\nMapa miasta: Jórskiego - Młodzieńcza, codziennie, 7-10 i 14-19\nAutobusy w szczycie: 27.0/h (rozkład ZTM 21.10.2026)", "id": "9d5b9536d3", "status": "", "uwagi": "", "_umap_options": {"color": "#1f63d1", "weight": 5, "opacity": 0.9}}}, {"type": "Feature", "geometry": {"type": "MultiLineString", "coordinates": [[[20.99019, 52.22287], [20.99022, 52.22315], [20.99018, 52.22345], [20.9901, 52.22366], [20.98987, 52.22408]], [[20.99012, 52.22332], [20.99019, 52.22341], [20.9903, 52.22333]]]}, "properties": {"name": "Raszyńska → północ", "description": "Kierunek jazdy: **północ**\nDługość: 137 m\nŹródło: mapa miasta (stan 2021)\nMapa miasta: Filtrowa - Koszykowa, dni powszednie, 7-10 i 14-19\nAutobusy w szczycie: 17.5/h (rozkład ZTM 21.10.2026)", "id": "46479db1d7", "status": "", "uwagi": "", "_umap_options": {"color": "#e08a00", "weight": 5, "opacity": 0.9}}}, {"type": "Feature", "geometry": {"type": "MultiLineString", "coordinates": [[[20.99009, 52.21931], [20.98991, 52.21968], [20.98983, 52.22014], [20.99019, 52.22287]], [[20.9898, 52.21974], [20.98987, 52.21983], [20.98998, 52.21976]], [[20.98982, 52.22083], [20.98992, 52.22091], [20.99, 52.22082]], [[20.98997, 52.22191], [20.99007, 52.22198], [20.99015, 52.2219]]]}, "properties": {"name": "Raszyńska → północ", "description": "Kierunek jazdy: **północ**\nDługość: 400 m\nŹródło: OpenStreetMap, mapa miasta (stan 2021)\nMapa miasta: Filtrowa - Koszykowa, dni powszednie, 7-10 i 14-19\nAutobusy w szczycie: 17.5/h (rozkład ZTM 21.10.2026)", "id": "d2b651aac8", "status": "", "uwagi": "", "_umap_options": {"color": "#1f63d1", "weight": 5, "opacity": 0.9}}}, {"type": "Feature", "geometry": {"type": "MultiLineString", "coordinates": [[[20.97586, 52.31636], [20.97576, 52.3165]], [[20.97578, 52.31634], [20.97581, 52.31643], [20.97595, 52.31638]]]}, "properties": {"name": "Rondo Bydgoskie → płn.-zachód", "description": "Kierunek jazdy: **płn.-zachód**\nDługość: 16 m\nŹródło: komunikat ZDM / zgłoszenie\nOtwarty: 2023-12-20\nUwagi: DO WERYFIKACJI: źródło nie podaje kierunku — przyjęto oba; \"Alkuzyjna\" w źródle = ul. Aluzyjna (literówka)\nAutobusy w szczycie: 27.5/h (rozkład ZTM 21.10.2026)", "id": "3167dd32a9", "status": "", "uwagi": "", "_umap_options": {"color": "#7b45c9", "weight": 5, "opacity": 0.9}}}, {"type": "Feature", "geometry": {"type": "MultiLineString", "coordinates": [[[20.97488, 52.31637], [20.97498, 52.31618], [20.9752, 52.31595]], [[20.97503, 52.31625], [20.97501, 52.31615], [20.97487, 52.3162]]]}, "properties": {"name": "Rondo Bydgoskie → płd.-wschód", "description": "Kierunek jazdy: **płd.-wschód**\nDługość: 51 m\nŹródło: OpenStreetMap, mapa miasta (stan 2021), komunikat ZDM / zgłoszenie\nMapa miasta: Leliwitów - Elektronowa, dni powszednie, 6-10\nOtwarty: 2023-12-20\nUwagi: DO WERYFIKACJI: źródło nie podaje kierunku — przyjęto oba; \"Alkuzyjna\" w źródle = ul. Aluzyjna (literówka)\nAutobusy w szczycie: 17.0/h (rozkład ZTM 21.10.2026)", "id": "da5f94bf4e", "status": "", "uwagi": "", "_umap_options": {"color": "#1f63d1", "weight": 5, "opacity": 0.9}}}, {"type": "Feature", "geometry": {"type": "MultiLineString", "coordinates": [[[21.00213, 52.22801], [21.00176, 52.22794], [21.00148, 52.22784]], [[21.00195, 52.22792], [21.00179, 52.22795], [21.00189, 52.22803]]]}, "properties": {"name": "Rondo Czterdziestolatka → płd.-zachód", "description": "Kierunek jazdy: **płd.-zachód**\nDługość: 47 m\nŹródło: mapa miasta (stan 2021)\nMapa miasta: Wisłostrada - Miedziana, dni powszednie, 7-9 i 14-18\nAutobusy w szczycie: 36.5/h (rozkład ZTM 21.10.2026)", "id": "d3652bb53d", "status": "", "uwagi": "", "_umap_options": {"color": "#e08a00", "weight": 5, "opacity": 0.9}}}, {"type": "Feature", "geometry": {"type": "MultiLineString", "coordinates": [[[21.00174, 52.22741], [21.00207, 52.22744], [21.00245, 52.22756]], [[21.00196, 52.22748], [21.00211, 52.22745], [21.00201, 52.22737]]]}, "properties": {"name": "Rondo Czterdziestolatka → wschód", "description": "Kierunek jazdy: **wschód**\nDługość: 51 m\nŹródło: mapa miasta (stan 2021)\nMapa miasta: Wawelska - Bracka, dni powszednie, 7-9 i 14-18\nAutobusy w szczycie: 35.5/h (rozkład ZTM 21.10.2026)", "id": "9bf62d8fa0", "status": "", "uwagi": "", "_umap_options": {"color": "#e08a00", "weight": 5, "opacity": 0.9}}}, {"type": "Feature", "geometry": {"type": "MultiLineString", "coordinates": [[[20.93629, 52.20102], [20.93656, 52.20121]], [[20.93627, 52.20109], [20.93642, 52.20111], [20.93641, 52.20102]]]}, "properties": {"name": "Rondo Dżochara Dudajewa → płn.-wschód", "description": "Kierunek jazdy: **płn.-wschód**\nDługość: 28 m\nŹródło: mapa miasta (stan 2021)\nMapa miasta: Łopuszańska - Dw. Zachodni, dni powszednie, 6-20\nAutobusy w szczycie: 33.5/h (rozkład ZTM 21.10.2026)", "id": "e44b817bec", "status": "", "uwagi": "", "_umap_options": {"color": "#e08a00", "weight": 5, "opacity": 0.9}}}, {"type": "Feature", "geometry": {"type": "MultiLineString", "coordinates": [[[21.02096, 52.232], [21.0207, 52.23197], [21.0204, 52.23186]], [[21.02082, 52.23194], [21.02066, 52.23196], [21.02075, 52.23204]]]}, "properties": {"name": "Rondo Generała Charles'a de Gaulle'a → płd.-zachód", "description": "Kierunek jazdy: **płd.-zachód**\nDługość: 40 m\nŹródło: mapa miasta (stan 2021)\nMapa miasta: Wisłostrada - Miedziana, dni powszednie, 7-9 i 14-18\nAutobusy w szczycie: 37.5/h (rozkład ZTM 21.10.2026)", "id": "102bb1b684", "status": "", "uwagi": "", "_umap_options": {"color": "#e08a00", "weight": 5, "opacity": 0.9}}}, {"type": "Feature", "geometry": {"type": "MultiLineString", "coordinates": [[[21.02038, 52.23182], [21.02051, 52.23165], [21.02063, 52.23157]], [[21.0205, 52.23178], [21.02048, 52.23168], [21.02034, 52.23173]]]}, "properties": {"name": "Rondo Generała Charles'a de Gaulle'a → płd.-wschód", "description": "Kierunek jazdy: **płd.-wschód**\nDługość: 30 m\nŹródło: mapa miasta (stan 2021)\nMapa miasta: Senatorska - Smolna, codziennie, całodobowo\nAutobusy w szczycie: 26.5/h (rozkład ZTM 21.10.2026)", "id": "ab7def2b47", "status": "", "uwagi": "", "_umap_options": {"color": "#e08a00", "weight": 5, "opacity": 0.9}}}, {"type": "Feature", "geometry": {"type": "MultiLineString", "coordinates": [[[21.01553, 52.21733], [21.01488, 52.2173]], [[21.01535, 52.21727], [21.01521, 52.21732], [21.01533, 52.21738]]]}, "properties": {"name": "Rondo Jazdy Polskiej → zachód", "description": "Kierunek jazdy: **zachód**\nDługość: 44 m\nŹródło: mapa miasta (stan 2021)\nMapa miasta: Ostrobramska - Grójecka, codziennie, całodobowo\nAutobusy w szczycie: 38.5/h (rozkład ZTM 21.10.2026)", "id": "2c93d9447e", "status": "", "uwagi": "", "_umap_options": {"color": "#e08a00", "weight": 5, "opacity": 0.9}}}, {"type": "Feature", "geometry": {"type": "MultiLineString", "coordinates": [[[21.01492, 52.2168], [21.01562, 52.2169]], [[21.01512, 52.21687], [21.01527, 52.21684], [21.01517, 52.21676]]]}, "properties": {"name": "Rondo Jazdy Polskiej → wschód", "description": "Kierunek jazdy: **wschód**\nDługość: 48 m\nŹródło: mapa miasta (stan 2021)\nMapa miasta: Szczęśliwicka - Kanał Gocławski, codziennie, całodobowo\nAutobusy w szczycie: 65.0/h (rozkład ZTM 21.10.2026)", "id": "8d207cb8c8", "status": "", "uwagi": "", "_umap_options": {"color": "#e08a00", "weight": 5, "opacity": 0.9}}}, {"type": "Feature", "geometry": {"type": "MultiLineString", "coordinates": [[[21.01197, 52.23018], [21.01172, 52.23017], [21.01156, 52.23015], [21.01137, 52.23009], [21.01119, 52.22999]], [[21.01169, 52.23011], [21.01154, 52.23014], [21.01164, 52.23022]]]}, "properties": {"name": "Rondo Romana Dmowskiego → płd.-zachód", "description": "Kierunek jazdy: **płd.-zachód**\nDługość: 57 m\nŹródło: mapa miasta (stan 2021)\nMapa miasta: Wisłostrada - Miedziana, dni powszednie, 7-9 i 14-18\nAutobusy w szczycie: 59.5/h (rozkład ZTM 21.10.2026)", "id": "c558a1adf4", "status": "", "uwagi": "", "_umap_options": {"color": "#e08a00", "weight": 5, "opacity": 0.9}}}, {"type": "Feature", "geometry": {"type": "MultiLineString", "coordinates": [[[21.01151, 52.22949], [21.0118, 52.2295], [21.01194, 52.22953], [21.01221, 52.22962], [21.0123, 52.22967]], [[21.01178, 52.22955], [21.01194, 52.22953], [21.01184, 52.22945]]]}, "properties": {"name": "Rondo Romana Dmowskiego → wschód", "description": "Kierunek jazdy: **wschód**\nDługość: 56 m\nŹródło: mapa miasta (stan 2021)\nMapa miasta: Wawelska - Bracka, dni powszednie, 7-9 i 14-18\nAutobusy w szczycie: 49.5/h (rozkład ZTM 21.10.2026)", "id": "244ee46a18", "status": "", "uwagi": "", "_umap_options": {"color": "#e08a00", "weight": 5, "opacity": 0.9}}}, {"type": "Feature", "geometry": {"type": "MultiLineString", "coordinates": [[[20.98865, 52.21654], [20.98833, 52.21656], [20.98809, 52.21653]], [[20.98849, 52.2165], [20.98837, 52.21656], [20.98851, 52.21661]]]}, "properties": {"name": "Rondo Ryszarda Kaczorowskiego → zachód", "description": "Kierunek jazdy: **zachód**\nDługość: 37 m\nŹródło: OpenStreetMap, mapa miasta (stan 2021)\nMapa miasta: Ostrobramska - Grójecka, codziennie, całodobowo\nAutobusy w szczycie: 37.5/h (rozkład ZTM 21.10.2026)", "id": "686264e20e", "status": "", "uwagi": "", "_umap_options": {"color": "#1f63d1", "weight": 5, "opacity": 0.9}}}, {"type": "Feature", "geometry": {"type": "MultiLineString", "coordinates": [[[20.98807, 52.21616], [20.98846, 52.21613]], [[20.98815, 52.2162], [20.98826, 52.21613], [20.98812, 52.21609]]]}, "properties": {"name": "Rondo Ryszarda Kaczorowskiego → wschód", "description": "Kierunek jazdy: **wschód**\nDługość: 26 m\nŹródło: OpenStreetMap, mapa miasta (stan 2021)\nMapa miasta: Szczęśliwicka - Kanał Gocławski, codziennie, całodobowo\nAutobusy w szczycie: 32.0/h (rozkład ZTM 21.10.2026)", "id": "0e1fbf16b6", "status": "", "uwagi": "", "_umap_options": {"color": "#1f63d1", "weight": 5, "opacity": 0.9}}}, {"type": "Feature", "geometry": {"type": "MultiLineString", "coordinates": [[[21.03596, 52.2221], [21.03571, 52.22212], [21.03549, 52.22207]], [[21.03585, 52.22207], [21.03572, 52.22212], [21.03585, 52.22218]]]}, "properties": {"name": "Rondo Stanisława Sedlaczka → zachód", "description": "Kierunek jazdy: **zachód**\nDługość: 31 m\nŹródło: mapa miasta (stan 2021)\nMapa miasta: Ostrobramska - Grójecka, codziennie, całodobowo\nAutobusy w szczycie: 8.0/h (rozkład ZTM 21.10.2026)", "id": "63b70ff5e4", "status": "", "uwagi": "", "_umap_options": {"color": "#e08a00", "weight": 5, "opacity": 0.9}}}, {"type": "Feature", "geometry": {"type": "MultiLineString", "coordinates": [[[21.03558, 52.22176], [21.03578, 52.22174], [21.03603, 52.22176]], [[21.03568, 52.2218], [21.03581, 52.22174], [21.03567, 52.22168]]]}, "properties": {"name": "Rondo Stanisława Sedlaczka → wschód", "description": "Kierunek jazdy: **wschód**\nDługość: 30 m\nŹródło: mapa miasta (stan 2021)\nMapa miasta: Szczęśliwicka - Kanał Gocławski, codziennie, całodobowo\nAutobusy w szczycie: 16.5/h (rozkład ZTM 21.10.2026)", "id": "9ee4390521", "status": "", "uwagi": "", "_umap_options": {"color": "#e08a00", "weight": 5, "opacity": 0.9}}}, {"type": "Feature", "geometry": {"type": "MultiLineString", "coordinates": [[[21.08515, 52.2444], [21.08538, 52.24449], [21.08558, 52.24461]], [[21.08522, 52.24449], [21.08538, 52.24449], [21.08533, 52.2444]]]}, "properties": {"name": "Rondo Wiatraczna → płn.-wschód", "description": "Kierunek jazdy: **płn.-wschód**\nDługość: 37 m\nŹródło: OpenStreetMap\nAutobusy w szczycie: 61.5/h (rozkład ZTM 21.10.2026)", "id": "3c45ad235a", "status": "", "uwagi": "", "_umap_options": {"color": "#0f9b8e", "weight": 5, "opacity": 0.9}}}, {"type": "Feature", "geometry": {"type": "MultiLineString", "coordinates": [[[21.01739, 52.13988], [21.01739, 52.13927]], [[21.01746, 52.13966], [21.01737, 52.13957], [21.01728, 52.13965]]]}, "properties": {"name": "Rondo Wolnej Białorusi → południe", "description": "Kierunek jazdy: **południe**\nDługość: 68 m\nŹródło: komunikat ZDM / zgłoszenie\nOtwarty: 2022-09-30\nAutobusy w szczycie: 22.5/h (rozkład ZTM 21.10.2026)", "id": "68551ec051", "status": "", "uwagi": "", "_umap_options": {"color": "#7b45c9", "weight": 5, "opacity": 0.9}}}, {"type": "Feature", "geometry": {"type": "MultiLineString", "coordinates": [[[21.0182, 52.13928], [21.01829, 52.13988]], [[21.01816, 52.13951], [21.01826, 52.13958], [21.01834, 52.1395]]]}, "properties": {"name": "Rondo Wolnej Białorusi → północ", "description": "Kierunek jazdy: **północ**\nDługość: 66 m\nŹródło: komunikat ZDM / zgłoszenie\nOtwarty: 2022-09-30\nAutobusy w szczycie: 23.5/h (rozkład ZTM 21.10.2026)", "id": "9af6809444", "status": "", "uwagi": "", "_umap_options": {"color": "#7b45c9", "weight": 5, "opacity": 0.9}}}, {"type": "Feature", "geometry": {"type": "MultiLineString", "coordinates": [[[20.96092, 52.21596], [20.96168, 52.21621]], [[20.96115, 52.2161], [20.96131, 52.21608], [20.96123, 52.21599]]]}, "properties": {"name": "Rondo Zesłańców Syberyjskich → płn.-wschód", "description": "Kierunek jazdy: **płn.-wschód**\nDługość: 59 m\nŹródło: mapa miasta (stan 2021)\nMapa miasta: Łopuszańska - Dw. Zachodni, dni powszednie, 6-20\nAutobusy w szczycie: 42.0/h (rozkład ZTM 21.10.2026)", "id": "421870ed39", "status": "", "uwagi": "", "_umap_options": {"color": "#e08a00", "weight": 5, "opacity": 0.9}}}, {"type": "Feature", "geometry": {"type": "MultiLineString", "coordinates": [[[21.02727, 52.20798], [21.02824, 52.20725], [21.02861, 52.20703]], [[21.02781, 52.20766], [21.02782, 52.20756], [21.02766, 52.20759]]]}, "properties": {"name": "Spacerowa → płd.-wschód", "description": "Kierunek jazdy: **płd.-wschód**\nDługość: 139 m\nŹródło: OpenStreetMap\nAutobusy w szczycie: 9.0/h (rozkład ZTM 21.10.2026)", "id": "b215c88c12", "status": "", "uwagi": "", "_umap_options": {"color": "#0f9b8e", "weight": 5, "opacity": 0.9}}}, {"type": "Feature", "geometry": {"type": "MultiLineString", "coordinates": [[[20.97686, 52.21115], [20.97647, 52.21126]], [[20.97674, 52.21112], [20.97666, 52.21121], [20.97682, 52.21122]]]}, "properties": {"name": "Stefana Banacha → płn.-zachód", "description": "Kierunek jazdy: **płn.-zachód**\nDługość: 29 m\nŹródło: mapa miasta (stan 2021)\nMapa miasta: Grójecka - Szczęśliwicka, dni powszednie, 6-10 i 14-19\nAutobusy w szczycie: 19.5/h (rozkład ZTM 21.10.2026)", "id": "a744e0234c", "status": "", "uwagi": "", "_umap_options": {"color": "#e08a00", "weight": 5, "opacity": 0.9}}}, {"type": "Feature", "geometry": {"type": "MultiLineString", "coordinates": [[[20.97625, 52.21101], [20.97664, 52.2109]], [[20.97637, 52.21104], [20.97645, 52.21095], [20.97629, 52.21094]]]}, "properties": {"name": "Stefana Banacha → płd.-wschód", "description": "Kierunek jazdy: **płd.-wschód**\nDługość: 29 m\nŹródło: mapa miasta (stan 2021)\nMapa miasta: Szczęśliwicka - Grójecka, dni powszednie, 6-10 i 14-19\nAutobusy w szczycie: 26.5/h (rozkład ZTM 21.10.2026)", "id": "4f72555199", "status": "", "uwagi": "", "_umap_options": {"color": "#e08a00", "weight": 5, "opacity": 0.9}}}, {"type": "Feature", "geometry": {"type": "MultiLineString", "coordinates": [[[20.97664, 52.2109], [20.97785, 52.21054], [20.97805, 52.2105], [20.97832, 52.21048]], [[20.97735, 52.21075], [20.97743, 52.21066], [20.97727, 52.21065]]]}, "properties": {"name": "Stefana Banacha → wschód", "description": "Kierunek jazdy: **wschód**\nDługość: 123 m\nŹródło: OpenStreetMap\nAutobusy w szczycie: 20.5/h (rozkład ZTM 21.10.2026)", "id": "3372028c55", "status": "", "uwagi": "", "_umap_options": {"color": "#0f9b8e", "weight": 5, "opacity": 0.9}}}, {"type": "Feature", "geometry": {"type": "MultiLineString", "coordinates": [[[21.01554, 52.2325], [21.01482, 52.2331], [21.01466, 52.23326]], [[21.01509, 52.23277], [21.01508, 52.23287], [21.01524, 52.23284]]]}, "properties": {"name": "Szpitalna → płn.-zachód", "description": "Kierunek jazdy: **płn.-zachód**\nDługość: 105 m\nŹródło: OpenStreetMap\nUlica tylko dla autobusów\nAutobusy w szczycie: 4.0/h (rozkład ZTM 21.10.2026)", "id": "62b5e714a7", "status": "", "uwagi": "", "_umap_options": {"color": "#0f9b8e", "weight": 5, "opacity": 0.9}}}, {"type": "Feature", "geometry": {"type": "MultiLineString", "coordinates": [[[21.01456, 52.23323], [21.01472, 52.23306], [21.01544, 52.23245]], [[21.01498, 52.23293], [21.01499, 52.23283], [21.01483, 52.23287]]]}, "properties": {"name": "Szpitalna → płd.-wschód", "description": "Kierunek jazdy: **płd.-wschód**\nDługość: 105 m\nŹródło: OpenStreetMap\nUlica tylko dla autobusów\nAutobusy w szczycie: 4.0/h (rozkład ZTM 21.10.2026)", "id": "46705f50bf", "status": "", "uwagi": "", "_umap_options": {"color": "#0f9b8e", "weight": 5, "opacity": 0.9}}}, {"type": "Feature", "geometry": {"type": "MultiLineString", "coordinates": [[[21.04566, 52.24867], [21.04327, 52.24947]], [[21.04496, 52.24884], [21.04489, 52.24893], [21.04505, 52.24894]], [[21.04342, 52.24936], [21.04334, 52.24945], [21.0435, 52.24946]]]}, "properties": {"name": "Targowa → płn.-zachód", "description": "Kierunek jazdy: **płn.-zachód**\nDługość: 186 m\nŹródło: mapa miasta (stan 2021)\nMapa miasta: Zamoyskiego - Mackiewicza, codziennie, całodobowo\nAutobusy w szczycie: 21.0/h (rozkład ZTM 21.10.2026)", "id": "95015a2e32", "status": "", "uwagi": "", "_umap_options": {"color": "#e08a00", "weight": 5, "opacity": 0.9}}}, {"type": "Feature", "geometry": {"type": "MultiLineString", "coordinates": [[[21.03386, 52.25533], [21.03391, 52.25525], [21.03556, 52.25362], [21.03607, 52.25317]], [[21.03431, 52.25497], [21.0343, 52.25487], [21.03416, 52.25491]], [[21.03524, 52.25405], [21.03523, 52.25395], [21.03508, 52.25399]]]}, "properties": {"name": "Targowa → płd.-wschód", "description": "Kierunek jazdy: **płd.-wschód**\nDługość: 283 m\nŹródło: mapa miasta (stan 2021)\nMapa miasta: Cyryla i Metodego - Białostocka, codziennie, całodobowo\nAutobusy w szczycie: 47.5/h (rozkład ZTM 21.10.2026)", "id": "fbee5b5233", "status": "", "uwagi": "", "_umap_options": {"color": "#e08a00", "weight": 5, "opacity": 0.9}}}, {"type": "Feature", "geometry": {"type": "MultiLineString", "coordinates": [[[20.96553, 52.22156], [20.96407, 52.22135]], [[20.96494, 52.22142], [20.96479, 52.22146], [20.9649, 52.22153]]]}, "properties": {"name": "Tunelowa → zachód", "description": "Kierunek jazdy: **zachód**\nDługość: 102 m\nŹródło: OpenStreetMap\nUlica tylko dla autobusów\nAutobusy w szczycie: 5.0/h (rozkład ZTM 21.10.2026)", "id": "1e1f61a141", "status": "", "uwagi": "", "_umap_options": {"color": "#0f9b8e", "weight": 5, "opacity": 0.9}}}, {"type": "Feature", "geometry": {"type": "MultiLineString", "coordinates": [[[20.96409, 52.22128], [20.96555, 52.22149]], [[20.96467, 52.22143], [20.96482, 52.22139], [20.96471, 52.22132]]]}, "properties": {"name": "Tunelowa → wschód", "description": "Kierunek jazdy: **wschód**\nDługość: 102 m\nŹródło: OpenStreetMap\nUlica tylko dla autobusów\nAutobusy w szczycie: 5.0/h (rozkład ZTM 21.10.2026)", "id": "e4793a9900", "status": "", "uwagi": "", "_umap_options": {"color": "#0f9b8e", "weight": 5, "opacity": 0.9}}}, {"type": "Feature", "geometry": {"type": "MultiLineString", "coordinates": [[[20.98655, 52.21633], [20.98595, 52.21629]], [[20.98639, 52.21626], [20.98625, 52.21631], [20.98638, 52.21637]]]}, "properties": {"name": "Wawelska → zachód", "description": "Kierunek jazdy: **zachód**\nDługość: 41 m\nŹródło: mapa miasta (stan 2021)\nMapa miasta: Ostrobramska - Grójecka, codziennie, całodobowo\nAutobusy w szczycie: 27.0/h (rozkład ZTM 21.10.2026)", "id": "5b86f1c323", "status": "", "uwagi": "", "_umap_options": {"color": "#e08a00", "weight": 5, "opacity": 0.9}}}, {"type": "Feature", "geometry": {"type": "MultiLineString", "coordinates": [[[20.9932, 52.21667], [20.9903, 52.21652]], [[20.99246, 52.21658], [20.99232, 52.21663], [20.99245, 52.21669]], [[20.99071, 52.21649], [20.99057, 52.21654], [20.99069, 52.2166]]]}, "properties": {"name": "Wawelska → zachód", "description": "Kierunek jazdy: **zachód**\nDługość: 199 m\nŹródło: mapa miasta (stan 2021)\nMapa miasta: Ostrobramska - Grójecka, codziennie, całodobowo\nAutobusy w szczycie: 37.5/h (rozkład ZTM 21.10.2026)", "id": "1ef00995cc", "status": "", "uwagi": "", "_umap_options": {"color": "#e08a00", "weight": 5, "opacity": 0.9}}}, {"type": "Feature", "geometry": {"type": "MultiLineString", "coordinates": [[[21.00028, 52.21705], [20.99976, 52.21704]], [[21.00015, 52.217], [21.00002, 52.21705], [21.00015, 52.21711]]]}, "properties": {"name": "Wawelska → zachód", "description": "Kierunek jazdy: **zachód**\nDługość: 35 m\nŹródło: mapa miasta (stan 2021)\nMapa miasta: Ostrobramska - Grójecka, codziennie, całodobowo\nAutobusy w szczycie: 39.5/h (rozkład ZTM 21.10.2026)", "id": "58d0b3f493", "status": "", "uwagi": "", "_umap_options": {"color": "#e08a00", "weight": 5, "opacity": 0.9}}}, {"type": "Feature", "geometry": {"type": "MultiLineString", "coordinates": [[[20.98089, 52.21626], [20.9812, 52.21615]], [[20.98098, 52.21629], [20.98105, 52.2162], [20.98089, 52.21619]]]}, "properties": {"name": "Wawelska → płd.-wschód", "description": "Kierunek jazdy: **płd.-wschód**\nDługość: 24 m\nŹródło: mapa miasta (stan 2021)\nMapa miasta: Szczęśliwicka - Kanał Gocławski, codziennie, całodobowo\nAutobusy w szczycie: 42.0/h (rozkład ZTM 21.10.2026)", "id": "f4a1235bf2", "status": "", "uwagi": "", "_umap_options": {"color": "#e08a00", "weight": 5, "opacity": 0.9}}}, {"type": "Feature", "geometry": {"type": "MultiLineString", "coordinates": [[[20.98268, 52.21594], [20.98408, 52.21602]], [[20.98324, 52.21603], [20.98338, 52.21598], [20.98326, 52.21592]]]}, "properties": {"name": "Wawelska → wschód", "description": "Kierunek jazdy: **wschód**\nDługość: 96 m\nŹródło: mapa miasta (stan 2021)\nMapa miasta: Szczęśliwicka - Kanał Gocławski, codziennie, całodobowo\nAutobusy w szczycie: 28.0/h (rozkład ZTM 21.10.2026)", "id": "dbe8f85b1a", "status": "", "uwagi": "", "_umap_options": {"color": "#e08a00", "weight": 5, "opacity": 0.9}}}, {"type": "Feature", "geometry": {"type": "MultiLineString", "coordinates": [[[21.00047, 52.21683], [21.00099, 52.21687], [21.0046, 52.21707]], [[21.00121, 52.21694], [21.00134, 52.21689], [21.00122, 52.21683]], [[21.00296, 52.21704], [21.0031, 52.21699], [21.00297, 52.21692]]]}, "properties": {"name": "Wawelska → wschód", "description": "Kierunek jazdy: **wschód**\nDługość: 284 m\nŹródło: mapa miasta (stan 2021)\nMapa miasta: Szczęśliwicka - Kanał Gocławski, codziennie, całodobowo\nAutobusy w szczycie: 34.0/h (rozkład ZTM 21.10.2026)", "id": "4177ec5bfa", "status": "", "uwagi": "", "_umap_options": {"color": "#e08a00", "weight": 5, "opacity": 0.9}}}, {"type": "Feature", "geometry": {"type": "MultiLineString", "coordinates": [[[20.98595, 52.21629], [20.98393, 52.2162], [20.98239, 52.2161]], [[20.98522, 52.2162], [20.98508, 52.21625], [20.9852, 52.21631]], [[20.98347, 52.21611], [20.98333, 52.21616], [20.98345, 52.21622]]]}, "properties": {"name": "Wawelska → zachód", "description": "Kierunek jazdy: **zachód**\nDługość: 244 m\nŹródło: OpenStreetMap, mapa miasta (stan 2021)\nMapa miasta: Ostrobramska - Grójecka, codziennie, całodobowo\nAutobusy w szczycie: 27.0/h (rozkład ZTM 21.10.2026)", "id": "2e417d6113", "status": "", "uwagi": "", "_umap_options": {"color": "#1f63d1", "weight": 5, "opacity": 0.9}}}, {"type": "Feature", "geometry": {"type": "MultiLineString", "coordinates": [[[20.98809, 52.21653], [20.98744, 52.21638], [20.98655, 52.21633]], [[20.98749, 52.21633], [20.98734, 52.21637], [20.98745, 52.21644]]]}, "properties": {"name": "Wawelska → zachód", "description": "Kierunek jazdy: **zachód**\nDługość: 109 m\nŹródło: OpenStreetMap, mapa miasta (stan 2021)\nMapa miasta: Ostrobramska - Grójecka, codziennie, całodobowo\nAutobusy w szczycie: 27.0/h (rozkład ZTM 21.10.2026)", "id": "dddf3084ae", "status": "", "uwagi": "", "_umap_options": {"color": "#1f63d1", "weight": 5, "opacity": 0.9}}}, {"type": "Feature", "geometry": {"type": "MultiLineString", "coordinates": [[[20.9903, 52.21652], [20.98941, 52.21648], [20.98865, 52.21654]], [[20.98961, 52.21643], [20.98947, 52.21648], [20.9896, 52.21654]]]}, "properties": {"name": "Wawelska → zachód", "description": "Kierunek jazdy: **zachód**\nDługość: 114 m\nŹródło: OpenStreetMap, mapa miasta (stan 2021)\nMapa miasta: Ostrobramska - Grójecka, codziennie, całodobowo\nAutobusy w szczycie: 37.5/h (rozkład ZTM 21.10.2026)", "id": "ed14fa1224", "status": "", "uwagi": "", "_umap_options": {"color": "#1f63d1", "weight": 5, "opacity": 0.9}}}, {"type": "Feature", "geometry": {"type": "MultiLineString", "coordinates": [[[20.99976, 52.21704], [20.9932, 52.21667]], [[20.99902, 52.21694], [20.99888, 52.21699], [20.999, 52.21705]], [[20.99727, 52.21684], [20.99713, 52.21689], [20.99726, 52.21695]], [[20.99552, 52.21674], [20.99538, 52.21679], [20.99551, 52.21686]], [[20.99377, 52.21665], [20.99363, 52.2167], [20.99376, 52.21676]]]}, "properties": {"name": "Wawelska → zachód", "description": "Kierunek jazdy: **zachód**\nDługość: 450 m\nŹródło: OpenStreetMap, mapa miasta (stan 2021)\nMapa miasta: Ostrobramska - Grójecka, codziennie, całodobowo\nAutobusy w szczycie: 39.5/h (rozkład ZTM 21.10.2026)", "id": "69a3b88941", "status": "", "uwagi": "", "_umap_options": {"color": "#1f63d1", "weight": 5, "opacity": 0.9}}}, {"type": "Feature", "geometry": {"type": "MultiLineString", "coordinates": [[[21.00458, 52.21725], [21.00141, 52.21708], [21.00028, 52.21705]], [[21.00385, 52.21715], [21.00371, 52.2172], [21.00383, 52.21727]], [[21.0021, 52.21706], [21.00196, 52.21711], [21.00208, 52.21717]]]}, "properties": {"name": "Wawelska → zachód", "description": "Kierunek jazdy: **zachód**\nDługość: 295 m\nŹródło: OpenStreetMap, mapa miasta (stan 2021)\nMapa miasta: Ostrobramska - Grójecka, codziennie, całodobowo\nAutobusy w szczycie: 34.5/h (rozkład ZTM 21.10.2026)", "id": "9f0c086cdc", "status": "", "uwagi": "", "_umap_options": {"color": "#1f63d1", "weight": 5, "opacity": 0.9}}}, {"type": "Feature", "geometry": {"type": "MultiLineString", "coordinates": [[[20.9812, 52.21615], [20.98163, 52.21601], [20.98193, 52.21594], [20.98228, 52.21592], [20.98268, 52.21594]], [[20.9818, 52.21602], [20.98191, 52.21594], [20.98175, 52.21591]]]}, "properties": {"name": "Wawelska → wschód", "description": "Kierunek jazdy: **wschód**\nDługość: 104 m\nŹródło: OpenStreetMap, mapa miasta (stan 2021)\nMapa miasta: Szczęśliwicka - Kanał Gocławski, codziennie, całodobowo\nAutobusy w szczycie: 28.5/h (rozkład ZTM 21.10.2026)", "id": "b8841535c3", "status": "", "uwagi": "", "_umap_options": {"color": "#1f63d1", "weight": 5, "opacity": 0.9}}}, {"type": "Feature", "geometry": {"type": "MultiLineString", "coordinates": [[[20.98408, 52.21602], [20.98748, 52.2162], [20.98776, 52.2162], [20.98807, 52.21616]], [[20.98482, 52.21611], [20.98496, 52.21607], [20.98483, 52.216]], [[20.98657, 52.21621], [20.98671, 52.21616], [20.98658, 52.2161]]]}, "properties": {"name": "Wawelska → wschód", "description": "Kierunek jazdy: **wschód**\nDługość: 275 m\nŹródło: OpenStreetMap, mapa miasta (stan 2021)\nMapa miasta: Szczęśliwicka - Kanał Gocławski, codziennie, całodobowo\nAutobusy w szczycie: 28.0/h (rozkład ZTM 21.10.2026)", "id": "015246f623", "status": "", "uwagi": "", "_umap_options": {"color": "#1f63d1", "weight": 5, "opacity": 0.9}}}, {"type": "Feature", "geometry": {"type": "MultiLineString", "coordinates": [[[20.98847, 52.21613], [20.99, 52.21622], [20.99049, 52.21627], [21.00047, 52.21683]], [[20.9892, 52.21623], [20.98934, 52.21618], [20.98922, 52.21611]], [[20.99094, 52.21636], [20.99108, 52.21631], [20.99096, 52.21624]], [[20.99269, 52.21645], [20.99283, 52.2164], [20.99271, 52.21634]], [[20.99444, 52.21655], [20.99458, 52.2165], [20.99446, 52.21644]], [[20.99619, 52.21665], [20.99633, 52.2166], [20.99621, 52.21654]], [[20.99794, 52.21675], [20.99808, 52.2167], [20.99796, 52.21663]], [[20.99969, 52.21684], [20.99983, 52.21679], [20.99971, 52.21673]]]}, "properties": {"name": "Wawelska → wschód", "description": "Kierunek jazdy: **wschód**\nDługość: 824 m\nŹródło: OpenStreetMap, mapa miasta (stan 2021)\nMapa miasta: Szczęśliwicka - Kanał Gocławski, codziennie, całodobowo\nAutobusy w szczycie: 39.5/h (rozkład ZTM 21.10.2026)", "id": "9cf06f8d9e", "status": "", "uwagi": "", "_umap_options": {"color": "#1f63d1", "weight": 5, "opacity": 0.9}}}, {"type": "Feature", "geometry": {"type": "MultiLineString", "coordinates": [[[20.92984, 52.22345], [20.92807, 52.22299]], [[20.92919, 52.22321], [20.92904, 52.22323], [20.92912, 52.22332]]]}, "properties": {"name": "Wolska → płd.-zachód", "description": "Kierunek jazdy: **płd.-zachód**\nDługość: 131 m\nŹródło: OpenStreetMap\nAutobusy w szczycie: 17.0/h (rozkład ZTM 21.10.2026)", "id": "4168b8431f", "status": "", "uwagi": "", "_umap_options": {"color": "#0f9b8e", "weight": 5, "opacity": 0.9}}}, {"type": "Feature", "geometry": {"type": "MultiLineString", "coordinates": [[[20.9371, 52.22551], [20.93645, 52.2253], [20.93532, 52.22501], [20.93107, 52.22378], [20.93001, 52.22349]], [[20.93647, 52.22525], [20.93632, 52.22527], [20.9364, 52.22535]], [[20.93487, 52.22481], [20.93471, 52.22483], [20.93479, 52.22492]], [[20.93327, 52.22436], [20.93312, 52.22438], [20.9332, 52.22446]], [[20.93168, 52.2239], [20.93152, 52.22392], [20.93161, 52.22401]]]}, "properties": {"name": "Wolska → płd.-zachód", "description": "Kierunek jazdy: **płd.-zachód**\nDługość: 534 m\nŹródło: OpenStreetMap\nAutobusy w szczycie: 6.0/h (rozkład ZTM 21.10.2026)", "id": "18d66b98ac", "status": "", "uwagi": "", "_umap_options": {"color": "#0f9b8e", "weight": 5, "opacity": 0.9}}}, {"type": "Feature", "geometry": {"type": "MultiLineString", "coordinates": [[[20.93014, 52.2233], [20.93451, 52.22454]], [[20.93078, 52.22354], [20.93094, 52.22352], [20.93086, 52.22344]], [[20.93238, 52.224], [20.93253, 52.22398], [20.93245, 52.22389]], [[20.93397, 52.22445], [20.93413, 52.22443], [20.93405, 52.22435]]]}, "properties": {"name": "Wolska → płn.-wschód", "description": "Kierunek jazdy: **płn.-wschód**\nDługość: 329 m\nŹródło: OpenStreetMap\nAutobusy w szczycie: 6.0/h (rozkład ZTM 21.10.2026)", "id": "8877a851f9", "status": "", "uwagi": "", "_umap_options": {"color": "#0f9b8e", "weight": 5, "opacity": 0.9}}}, {"type": "Feature", "geometry": {"type": "MultiLineString", "coordinates": [[[20.93687, 52.22519], [20.93799, 52.22552], [20.9386, 52.22563], [20.93931, 52.22573], [20.94073, 52.22581]], [[20.93751, 52.22544], [20.93767, 52.22542], [20.93758, 52.22534]], [[20.9392, 52.22577], [20.93935, 52.22573], [20.93923, 52.22566]]]}, "properties": {"name": "Wolska → wschód", "description": "Kierunek jazdy: **wschód**\nDługość: 277 m\nŹródło: OpenStreetMap\nAutobusy w szczycie: 6.0/h (rozkład ZTM 21.10.2026)", "id": "1df4f24966", "status": "", "uwagi": "", "_umap_options": {"color": "#0f9b8e", "weight": 5, "opacity": 0.9}}}, {"type": "Feature", "geometry": {"type": "MultiLineString", "coordinates": [[[21.00198, 52.18207], [21.002, 52.18079]], [[21.00209, 52.18162], [21.002, 52.18153], [21.0019, 52.18161]]]}, "properties": {"name": "Wołoska → południe", "description": "Kierunek jazdy: **południe**\nDługość: 143 m\nŹródło: mapa miasta (stan 2021)\nMapa miasta: Domaniewska - rondo Unii Europejskiej, dni powszednie, 6-20\nAutobusy w szczycie: 14.5/h (rozkład ZTM 21.10.2026)", "id": "9e4a40912c", "status": "", "uwagi": "", "_umap_options": {"color": "#e08a00", "weight": 5, "opacity": 0.9}}}, {"type": "Feature", "geometry": {"type": "MultiLineString", "coordinates": [[[21.00187, 52.18524], [21.00191, 52.18424]], [[21.00197, 52.18483], [21.00189, 52.18474], [21.00179, 52.18482]]]}, "properties": {"name": "Wołoska → południe", "description": "Kierunek jazdy: **południe**\nDługość: 111 m\nŹródło: OpenStreetMap\nAutobusy w szczycie: 11.0/h (rozkład ZTM 21.10.2026)", "id": "1603889a84", "status": "", "uwagi": "", "_umap_options": {"color": "#0f9b8e", "weight": 5, "opacity": 0.9}}}, {"type": "Feature", "geometry": {"type": "MultiLineString", "coordinates": [[[21.00194, 52.18328], [21.00198, 52.18207]], [[21.00205, 52.18282], [21.00196, 52.18274], [21.00187, 52.18282]]]}, "properties": {"name": "Wołoska → południe", "description": "Kierunek jazdy: **południe**\nDługość: 134 m\nŹródło: OpenStreetMap, mapa miasta (stan 2021)\nMapa miasta: Domaniewska - rondo Unii Europejskiej, dni powszednie, 6-20\nAutobusy w szczycie: 14.5/h (rozkład ZTM 21.10.2026)", "id": "66d89b7663", "status": "", "uwagi": "", "_umap_options": {"color": "#1f63d1", "weight": 5, "opacity": 0.9}}}, {"type": "Feature", "geometry": {"type": "MultiLineString", "coordinates": [[[21.002, 52.18079], [21.00204, 52.17935]], [[21.00211, 52.18033], [21.00202, 52.18025], [21.00192, 52.18033]]]}, "properties": {"name": "Wołoska → południe", "description": "Kierunek jazdy: **południe**\nDługość: 160 m\nŹródło: OpenStreetMap, mapa miasta (stan 2021)\nMapa miasta: Domaniewska - rondo Unii Europejskiej, dni powszednie, 6-20\nAutobusy w szczycie: 14.5/h (rozkład ZTM 21.10.2026)", "id": "59ecde550b", "status": "", "uwagi": "", "_umap_options": {"color": "#1f63d1", "weight": 5, "opacity": 0.9}}}, {"type": "Feature", "geometry": {"type": "MultiLineString", "coordinates": [[[21.02666, 52.25997], [21.02731, 52.25942]], [[21.02699, 52.2598], [21.027, 52.2597], [21.02684, 52.25973]]]}, "properties": {"name": "Władysława Skoczylasa → płd.-wschód", "description": "Kierunek jazdy: **płd.-wschód**\nDługość: 76 m\nŹródło: OpenStreetMap\nAutobusy w szczycie: 12.0/h (rozkład ZTM 21.10.2026)", "id": "411ebf9c91", "status": "", "uwagi": "", "_umap_options": {"color": "#0f9b8e", "weight": 5, "opacity": 0.9}}}, {"type": "Feature", "geometry": {"type": "MultiLineString", "coordinates": [[[20.9698, 52.27194], [20.96926, 52.27178], [20.96899, 52.27165]], [[20.96954, 52.2718], [20.96938, 52.27182], [20.96946, 52.2719]]]}, "properties": {"name": "Włościańska → płd.-zachód", "description": "Kierunek jazdy: **płd.-zachód**\nDługość: 64 m\nŹródło: OpenStreetMap\nAutobusy w szczycie: 24.5/h (rozkład ZTM 21.10.2026)", "id": "11a875da08", "status": "", "uwagi": "", "_umap_options": {"color": "#0f9b8e", "weight": 5, "opacity": 0.9}}}, {"type": "Feature", "geometry": {"type": "MultiLineString", "coordinates": [[[21.10027, 52.26013], [21.10145, 52.26011]], [[21.10073, 52.26018], [21.10086, 52.26012], [21.10072, 52.26007]]]}, "properties": {"name": "Zabraniecka → wschód", "description": "Kierunek jazdy: **wschód**\nDługość: 80 m\nŹródło: OpenStreetMap\nAutobusy w szczycie: 7.5/h (rozkład ZTM 21.10.2026)", "id": "718b01c439", "status": "", "uwagi": "", "_umap_options": {"color": "#0f9b8e", "weight": 5, "opacity": 0.9}}}, {"type": "Feature", "geometry": {"type": "MultiLineString", "coordinates": [[[20.99676, 52.25834], [20.99761, 52.25837], [20.99812, 52.25841]], [[20.99731, 52.25842], [20.99744, 52.25836], [20.99731, 52.25831]]]}, "properties": {"name": "Zygmunta Słomińskiego → wschód", "description": "Kierunek jazdy: **wschód**\nDługość: 93 m\nŹródło: OpenStreetMap\nAutobusy w szczycie: 7.0/h (rozkład ZTM 21.10.2026)", "id": "56a15a51df", "status": "", "uwagi": "", "_umap_options": {"color": "#0f9b8e", "weight": 5, "opacity": 0.9}}}, {"type": "Feature", "geometry": {"type": "MultiLineString", "coordinates": [[[20.93771, 52.19425], [20.93528, 52.19465], [20.93321, 52.19512]], [[20.93696, 52.19431], [20.93686, 52.19439], [20.93701, 52.19442]], [[20.93526, 52.19459], [20.93517, 52.19467], [20.93532, 52.1947]], [[20.93361, 52.19497], [20.93352, 52.19505], [20.93368, 52.19507]]]}, "properties": {"name": "Łopuszańska → zachód", "description": "Kierunek jazdy: **zachód**\nDługość: 323 m\nŹródło: OpenStreetMap\nAutobusy w szczycie: 22.0/h (rozkład ZTM 21.10.2026)", "id": "6e5815a805", "status": "", "uwagi": "", "_umap_options": {"color": "#0f9b8e", "weight": 5, "opacity": 0.9}}}, {"type": "Feature", "geometry": {"type": "MultiLineString", "coordinates": [[[20.93378, 52.19483], [20.93525, 52.1945], [20.93823, 52.19401]], [[20.93451, 52.19472], [20.9346, 52.19464], [20.93445, 52.19461]], [[20.93618, 52.1944], [20.93628, 52.19432], [20.93613, 52.19429]], [[20.93788, 52.19412], [20.93798, 52.19405], [20.93783, 52.19401]]]}, "properties": {"name": "Łopuszańska → wschód", "description": "Kierunek jazdy: **wschód**\nDługość: 317 m\nŹródło: OpenStreetMap\nAutobusy w szczycie: 23.0/h (rozkład ZTM 21.10.2026)", "id": "8b89bb5c41", "status": "", "uwagi": "", "_umap_options": {"color": "#0f9b8e", "weight": 5, "opacity": 0.9}}}, {"type": "Feature", "geometry": {"type": "MultiLineString", "coordinates": [[[20.95335, 52.34214], [20.95306, 52.34221], [20.95305, 52.34241]], [[20.95313, 52.34213], [20.95306, 52.34221], [20.95322, 52.34222]]]}, "properties": {"name": "Światowida → płn.-zachód", "description": "Kierunek jazdy: **płn.-zachód**\nDługość: 50 m\nŹródło: komunikat ZDM / zgłoszenie\nOtwarty: 2023-12-20\nUwagi: DO WERYFIKACJI: źródło nie podaje kierunku — przyjęto oba; \"Alkuzyjna\" w źródle = ul. Aluzyjna (literówka)\nAutobusy w szczycie: 5.5/h (rozkład ZTM 21.10.2026)", "id": "dbc62dd3ff", "status": "", "uwagi": "", "_umap_options": {"color": "#7b45c9", "weight": 5, "opacity": 0.9}}}, {"type": "Feature", "geometry": {"type": "MultiLineString", "coordinates": [[[20.95266, 52.34231], [20.95267, 52.34221], [20.95258, 52.34213]], [[20.95277, 52.34229], [20.95267, 52.34221], [20.95259, 52.3423]]]}, "properties": {"name": "Światowida → południe", "description": "Kierunek jazdy: **południe**\nDługość: 27 m\nŹródło: komunikat ZDM / zgłoszenie\nOtwarty: 2023-12-20\nUwagi: DO WERYFIKACJI: źródło nie podaje kierunku — przyjęto oba; \"Alkuzyjna\" w źródle = ul. Aluzyjna (literówka)\nAutobusy w szczycie: 5.5/h (rozkład ZTM 21.10.2026)", "id": "da46eb6c32", "status": "", "uwagi": "", "_umap_options": {"color": "#7b45c9", "weight": 5, "opacity": 0.9}}}, {"type": "Feature", "geometry": {"type": "MultiLineString", "coordinates": [[[20.95274, 52.34198], [20.95295, 52.342], [20.95306, 52.34196]], [[20.95277, 52.34205], [20.95291, 52.342], [20.95278, 52.34194]]]}, "properties": {"name": "Światowida → wschód", "description": "Kierunek jazdy: **wschód**\nDługość: 29 m\nŹródło: komunikat ZDM / zgłoszenie\nOtwarty: 2023-12-20\nUwagi: DO WERYFIKACJI: źródło nie podaje kierunku — przyjęto oba; \"Alkuzyjna\" w źródle = ul. Aluzyjna (literówka)\nAutobusy w szczycie: 0.5/h (rozkład ZTM 21.10.2026)", "id": "3b3c5e048b", "status": "", "uwagi": "", "_umap_options": {"color": "#7b45c9", "weight": 5, "opacity": 0.9}}}, {"type": "Feature", "geometry": {"type": "MultiLineString", "coordinates": [[[21.05516, 52.29686], [21.05467, 52.29634], [21.05453, 52.29612], [21.05394, 52.29544], [21.05342, 52.29478], [21.05241, 52.29331], [21.05226, 52.293], [21.05176, 52.29226]], [[21.05486, 52.29644], [21.05472, 52.29639], [21.0547, 52.29649]], [[21.05407, 52.29548], [21.05393, 52.29543], [21.05391, 52.29553]], [[21.05333, 52.2945], [21.05319, 52.29445], [21.05316, 52.29455]], [[21.05265, 52.29351], [21.05252, 52.29346], [21.05248, 52.29355]], [[21.05202, 52.2925], [21.05189, 52.29245], [21.05185, 52.29255]]]}, "properties": {"name": "Świętego Wincentego → płd.-zachód", "description": "Kierunek jazdy: **płd.-zachód**\nDługość: 561 m\nŹródło: komunikat ZDM / zgłoszenie\nOtwarty: 2024-12-06\nUwagi: przystanek 117903 = CH Targówek 03 (GTFS ZTM)\nAutobusy w szczycie: 30.0/h (rozkład ZTM 21.10.2026)", "id": "c0ccee50be", "status": "", "uwagi": "", "_umap_options": {"color": "#7b45c9", "weight": 5, "opacity": 0.9}}}, {"type": "Feature", "geometry": {"type": "MultiLineString", "coordinates": [[[21.0337, 52.25542], [21.03387, 52.25532]], [[21.03374, 52.25547], [21.0338, 52.25538], [21.03363, 52.25538]]]}, "properties": {"name": "Świętych Cyryla i Metodego → płd.-wschód", "description": "Kierunek jazdy: **płd.-wschód**\nDługość: 18 m\nŹródło: mapa miasta (stan 2021)\nMapa miasta: Cyryla i Metodego - Białostocka, codziennie, całodobowo\nAutobusy w szczycie: 21.0/h (rozkład ZTM 21.10.2026)", "id": "f43878ac94", "status": "", "uwagi": "", "_umap_options": {"color": "#e08a00", "weight": 5, "opacity": 0.9}}}, {"type": "Feature", "geometry": {"type": "MultiLineString", "coordinates": [[[20.98757, 52.21], [20.98736, 52.20939]], [[20.98758, 52.20976], [20.98747, 52.20969], [20.9874, 52.20978]]]}, "properties": {"name": "Żwirki i Wigury → południe", "description": "Kierunek jazdy: **południe**\nDługość: 69 m\nŹródło: OpenStreetMap\nAutobusy w szczycie: 29.0/h (rozkład ZTM 21.10.2026)", "id": "c612542811", "status": "", "uwagi": "", "_umap_options": {"color": "#0f9b8e", "weight": 5, "opacity": 0.9}}}, {"type": "Feature", "geometry": {"type": "MultiLineString", "coordinates": [[[20.98821, 52.21036], [20.98824, 52.21052], [20.9885, 52.21126]], [[20.98822, 52.21074], [20.98833, 52.21081], [20.9884, 52.21072]]]}, "properties": {"name": "Żwirki i Wigury → północ", "description": "Kierunek jazdy: **północ**\nDługość: 103 m\nŹródło: OpenStreetMap\nAutobusy w szczycie: 23.0/h (rozkład ZTM 21.10.2026)", "id": "918149cefc", "status": "", "uwagi": "", "_umap_options": {"color": "#0f9b8e", "weight": 5, "opacity": 0.9}}}, {"type": "Feature", "geometry": {"type": "MultiLineString", "coordinates": [[[20.98957, 52.21563], [20.99026, 52.21614], [20.99035, 52.21628], [20.99036, 52.21649]], [[20.98996, 52.21599], [20.99011, 52.21602], [20.9901, 52.21592]]]}, "properties": {"name": "Żwirki i Wigury → płn.-wschód", "description": "Kierunek jazdy: **płn.-wschód**\nDługość: 111 m\nŹródło: OpenStreetMap\nMapa miasta: Szczęśliwicka - Kanał Gocławski, codziennie, całodobowo\nAutobusy w szczycie: 23.0/h (rozkład ZTM 21.10.2026)", "id": "ddbc3a71ce", "status": "", "uwagi": "", "_umap_options": {"color": "#0f9b8e", "weight": 5, "opacity": 0.9}}}]}